{"rennlist.com":[1,10,12],"rennrad-news.de":[1,9,3],"renntech.org":[1,12],"rennug.com":[1],"rennweg.at":[5],"reno.de":[9],"reno.ro":[12,10],"renoise.com":[1,12,5],"renoortho.com":[1,4],"renov-2cv-mehari36.com":[9],"renovateforum.com":[10],"renovatingforprofit.com.au":[1,12],"renovatiosoft.org":[1,5],"renovero.ch":[1,9],"renovosoftware.com":[1,5],"renown.org":[1,12,4],"renoworks.com":[1],"renren.com":[1,12],"renshuu.org":[12],"renskincare.com":[1,9],"rensmile.com":[1],"renspets.com":[9],"rent-acoder.com":[1,5],"rent-at-avis.com":[12],"rent.com":[1,8],"rent.com.au":[1,8],"rent.men":[1,12],"rent2owninc.com":[1],"rentabiliweb.com":[1],"rentacar.fr":[1],"rentacenter.com":[1,9],"rentacoder.com":[5,6],"rentafriend.com":[1,3],"rentalads.com":[8],"rentalcars.com":[1,11],"rentalcarsconnect.com":[1],"rentalia.com":[1,11],"rentalrewards.com.au":[1,2],"rentals.com":[1,8],"rentalserver.jp":[12],"rentalsource.com":[1,8],"rentalsunited.com":[1],"rentalsystems.com":[1],"rentalutions.com":[1],"rentanddrop.com":[1],"rentapplication.net":[1],"rentbeforeowning.com":[1],"rentberry.com":[1],"rentboard.ca":[1,8],"rentboy.com":[12],"rentcafe.com":[8],"rentcars.com":[1,11],"rentcars.com.br":[1,11],"rentcentric.com":[1],"rentdelite.com":[9],"rentdigs.com":[8],"rentecdirect.com":[1],"rentfaster.ca":[1,8],"renthello.com":[1],"renthop.com":[8],"rentify.com":[1,2],"rentila.com":[1],"rentiles.fr":[1,11],"rentinsingapore.com.sg":[1],"rentjungle.com":[1,8],"rentler.com":[1],"rentlinx.com":[1],"rently.com":[1],"rentmanager.com":[1],"rentmasseur.com":[1],"rentmen.com":[1,12],"rentmen.eu":[1,12],"rentmoola.com":[1,2],"rentokil-initial.com":[1,12],"rentometer.com":[1,8],"rentown.net":[1,8],"rentpad.com.ph":[1,8],"rentpayment.com":[1],"rentprep.com":[1],"rentrak.com":[1],"rentrange.com":[1,2,8],"rentreediscount.com":[9],"rentshare.com":[1],"rentshielddirect.com":[1,2],"rentsmart.gov.wales":[1,12],"rentsourceinc.com":[1],"renttherunway.com":[1,9],"renttoown.org":[1,8],"renttrack.com":[1],"renweb.com":[1,12],"reoconnex.com":[12],"reolink.com":[1,9],"reonetwork.com":[1],"reonomy.com":[1],"reorg-research.com":[1],"reorockstar.com":[1],"reorockstars.com":[1,12],"rep-am.com":[12,3,7],"repage.de":[1]}