{"vitelity.net":[1],"viten.no":[12],"vitens.nl":[1],"viti.pf":[1],"vitijob.com":[1,12,6],"vitiplace.com":[12,1,12],"vitl.com":[1,9],"vitogaz.com":[1,12],"vitos.com":[1,9],"vitra.com":[1,9],"vitrinemagique.com":[1,9],"vitrinepix.com.br":[1,12],"vitrines-parisiennes.com":[1,12],"vitrocoin.net":[1,5],"vitrue.com":[1,5],"vitsoe.com":[1],"vittoriaassicurazioni.com":[1],"vitusapotek.no":[9],"vitusvet.com":[1],"viu.ca":[12],"viu.com":[12],"viu.tv":[3],"viuly.io":[12,3,3],"viva.com.bh":[1,12],"viva.com.kw":[1],"viva.gr":[1],"viva.nl":[1,12],"vivabox.be":[1,9],"vivacom.bg":[1,5],"vivacredit.ro":[1,2],"vivagames.me":[1,12,3],"vivagym.es":[1,4],"vivaldi.net":[1],"vivalearning.com":[1,12],"vivaloans.co.uk":[1,2],"vivalocal.com":[9],"vivalopera.fr":[1,12],"vivanda.de":[9],"vivantio.com":[1],"vivanuncios.com":[1,9],"vivanuncios.com.mx":[1,8,9],"vivaolinux.com.br":[5],"vivaonline.bg":[12],"vivapayments.com":[1],"vivara.be":[1,12,9],"vivara.com.br":[9],"vivara.de":[1,9],"vivara.fr":[1,9],"vivara.nl":[1,9],"vivarate.com":[9],"vivareal.com":[8],"vivareal.com.br":[8],"vivarobet.am":[12],"vivastreet.be":[12,1],"vivastreet.cl":[5,9],"vivastreet.co.in":[1,12,9],"vivastreet.co.uk":[12,1,9],"vivastreet.com":[1,12,9],"vivastreet.fr":[1,12,9],"vivastreet.it":[1,12,9],"vivat.de":[1,12,9],"vivatechnology.com":[1,12],"vivaterra.com":[9],"vivatic.com":[1,12],"vivaticket.it":[1],"vivatowels.com":[1,9],"vivavisos.com.ar":[1],"vivavoyage.co.uk":[11],"vivawallet.com":[1],"vivaweek.com":[1,8,11],"vivawest.de":[1],"vivea.fr":[1,12],"vivelefric.fr":[1],"vivelelevage.com":[1,12,9],"viverae.com":[1,12],"viverdeblog.com":[1],"vivermaisgsk.com.br":[1],"viversum.fr":[1,12],"vivezheureux.com":[1,3,3],"vivid.com":[12,3],"vividanone.it":[1],"vividceleb.com":[12,3],"vividcortex.com":[12],"vividlms.com":[1,12],"vividseats.com":[3],"vividsmoke.com":[9],"vividwireless.com.au":[1,5],"vivifyscrum.com":[1,5],"vivigas.it":[1],"vivilia.com":[1,5,6],"vivino.com":[12,9],"vivint.com":[1],"vivinter.fr":[12],"vivintsky.com":[12],"vivintsmartdrive.com":[1],"vivintsolar.com":[1,9],"viviscal.com":[12,9],"vivisol.nl":[1,12],"vivo.com.br":[1,9]}