{"cmpmedica.com":[12],"cmpowersite.com":[1,12],"cmpsystem.com":[1,12],"cmq.org":[1,12,4],"cmr.cl":[1,9],"cmr.gov.ma":[12],"cmre.fr":[1,5],"cmrfalabella.com":[1,12],"cms-guide.com":[1,5],"cms-minecraft.eu":[1,5],"cms.gov":[1,12],"cms.vg":[12],"cms2cms.com":[1,5],"cmsbased.net":[1,5],"cmscommander.com":[1,5],"cmsite.co.jp":[1,12],"cmslauncher.com":[1,5],"cmsmart.net":[1,5],"cmsnl.com":[1,9,12],"cmsnw.com":[1],"cmso.com":[1,2],"cmsonline.info":[1],"cmsproducts.com":[1,5],"cmstore.eu":[9],"cmstrader.com":[2],"cmsvolunteers.com":[1,12],"cmt.com":[3],"cmteampk.com":[5,10],"cmtelecom.com":[1],"cmtrading.com":[2],"cmu.ac.th":[12],"cmu.edu":[12],"cmubookstore.com":[1,9],"cmune.com":[12,3],"cmvl.org":[1,12],"cmwah.fr":[12],"cmykhub.com":[1],"cmykonline.com.au":[1],"cn.ca":[1],"cn.com":[1,5],"cn.ru":[3],"cna.co.za":[9],"cna.com":[1,12],"cna.com.br":[1,12],"cnacentral.com":[1,12],"cnam.fr":[1,12],"cnanet.com.br":[1,12],"cnas.dz":[12],"cnas.fr":[12],"cnasurety.com":[1],"cnav.fr":[1,12],"cnazone.com":[1,12],"cnb.com":[1],"cnb1901.com":[1,2],"cnbank.com":[1,2],"cnbc.com":[2,7],"cnbesc.com.br":[1,12,3],"cnbf.fr":[1,12],"cnblogs.com":[1,5],"cnbonlinebank.com":[12],"cnbrewards.com":[1],"cnbservice.net":[1,2],"cnbtexas-online.com":[1,2],"cnbtexas.com":[1,2],"cnc-arena.com":[1,12],"cnc-bike.de":[9],"cnc-online.net":[12,3,5],"cncc.fr":[1,12],"cncgp.fr":[1,12],"cnchost.com":[1,5],"cncitalia.net":[12],"cncwarrior.com":[9,12],"cnczone.com":[1,3,10],"cndirect.com":[9],"cndns.com":[1,5],"cndp.fr":[12],"cnec.br":[12],"cned.fr":[1,12],"cnepub.com":[1,12,3],"cnes.fr":[1,12],"cnet.com":[5,7,9],"cnetcontent.com":[1],"cnetfrance.fr":[1,3,7],"cneti.com":[1],"cnetp.fr":[12],"cnewsmatin.fr":[1,12],"cnfdi.com":[12],"cnfpt.fr":[1,12],"cng.it":[1,12],"cngc.com":[1,12],"cngcorp.com":[1,12],"cngsante.fr":[12],"cnh.com":[1],"cnhind.com":[1],"cnhindustrialcapital.com":[1,2],"cnidaplay.com":[1,12,3],"cnieg.fr":[1],"cnig.es":[1,12],"cnil.fr":[1,12]}