{"wen.com":[1,12,9],"wenatcheeworld.com":[1,12,7],"wendoverart.com":[1,9],"wendoverfun.com":[1,11],"wendys.com":[1,3],"wendysforum.net":[1,3],"weneedananny.com.au":[1],"weneedavacation.com":[1,11],"wengage.com":[1],"wengo.fr":[1,12],"wenhaircare.com":[12],"wenku8.com":[12],"wensco.com":[1,9],"wentiz.com":[1,12],"wenxuecity.com":[1,12],"wenz.de":[9],"weoinvoice.com":[1],"wepanow.com":[1,12,5],"wepay.com":[1],"weplay.tv":[1,3],"wepss.com":[1,12],"wer-kennt-wen.de":[1,12,3],"wer-kennt-wen.net":[1,12,3],"wer-weiss-was.de":[12],"werally.com":[1],"werbecenter-onlineshop.de":[1],"werbestopper.de":[1,5],"wercker.com":[1,5],"werdemusiker.de":[12],"werder.de":[1,12,3],"werecognize.com":[12],"werecoverdata.com":[1],"werecruit.io":[1],"werelate.org":[1,12],"wereldwijzer.nl":[10],"werk.nl":[1,12,6],"werkenbijdefensie.nl":[1,12],"werknemerloket.nl":[12],"werkonline.nu":[1,12,5],"werkspot.nl":[1,6],"werkstatt-produkte.de":[9],"werkzeugstore24.de":[9],"werlabs.se":[1,12,4],"wermuth.de":[1,9],"werner.com":[1],"weroom.com":[1],"werstreamt.es":[1,3],"wertgarantie.com":[1],"wertgarantie.de":[1],"wertheimvillage.com":[12],"wertherscaramelshoppe.com":[12],"wertkartenverkauf.com":[1,9],"wertpapier-forum.de":[1,2],"werzahltmehr.de":[1,9],"wes.com.au":[1,5,9],"wes.org":[1,12],"wesabe.com":[1],"wesaturate.com":[12],"wesave.com":[1],"wesave.fr":[1,2],"wesbanco.com":[1,2],"wesbank.co.za":[1,2],"wesbos.com":[1,12],"weschool.com":[1,12],"wesco-eshop.fr":[12,9],"wesco-family.fr":[9],"wesco.com":[1],"wescom.org":[1,2],"weseed.com":[12],"wesend.com":[1,5],"wesendit.com":[1,5],"weser-kurier.de":[1,12,7],"wesharebonds.com":[1,2],"wesharecommunityprojects.net":[1,12],"wesharecrowdfunding.net":[12],"weshareonline.org":[1,12],"weslash.co":[1,12],"wesleyan.edu":[12],"wesleycollege.net":[1,12],"wesleymedia.co.uk":[1],"wespa.de":[1,2],"wespeke.com":[1,12],"wessexwater.co.uk":[1],"west.cn":[1,5],"west.com":[1],"westacademic.com":[12],"westada.org":[12],"westaff.com":[1],"westamericabankonline.com":[1,2],"westarenergy.com":[1,12],"westat.com":[1,12],"westauction.com":[1],"westbahn.at":[1],"westberks.gov.uk":[1,12],"westbromwebsave.co.uk":[1,5],"westburne.ca":[1,9],"westchesterclerk.com":[1,12],"westchestergov.com":[12],"westcoast.co.uk":[1,5,9]}