{"sonydadc.com":[1,12],"sonyentertainmentnetwork.com":[12],"sonyericsson.com":[1],"sonyinsider.com":[7],"sonylife.co.jp":[1],"sonyliv.com":[3],"sonymobile.com":[1],"sonymusic.com":[1,3],"sonymusic.com.au":[1,3],"sonymusic.de":[1,12,3],"sonymusic.fr":[1,12,3],"sonymusiccentral.ca":[1],"sonymusiccentral.com":[1],"sonymusicfans.com":[12],"sonypictures.com":[3],"sonypicturesstore.com":[3],"sonyrewards.com":[1,3,9],"sonyscreenings.com":[1],"sonysonpo.co.jp":[1],"sonystyle.ca":[1,9],"sonystyle.com":[12],"sonystyle.com.cn":[1,9],"sonyuserforum.de":[1,12,3],"soocial.com":[1,10],"sookasa.com":[1,5],"soompi.com":[3,7],"soon.fr":[1,2],"soondi.fr":[1],"soonersports.com":[3],"soonnight.com":[12],"soonr.com":[1],"soonvibes.com":[1,3],"sooo.ch":[1,3,9],"sooperarticles.com":[1,12],"sooschools.com":[1],"soothe.com":[1,11],"sootoday.com":[1,7],"soov.ee":[9],"sop.co.at":[1,12],"sopcast.com":[1,5],"sopcast.org":[1,5],"sophas.org":[12],"sophia.org":[1,12],"sophos.com":[1,5],"sophronavisionconnect.com":[1],"soplanning.org":[1,12],"soplaybacks.com.br":[1,3],"soporte-movil.com":[10],"soportugues.com.br":[1,12],"sopra.com":[1],"soprasteria.com":[1],"sopress.net":[12],"soquadrinhos.com":[12,3],"soquij.qc.ca":[1,12],"sor.no":[1,2],"sora.io":[1,5],"sora.net":[12],"sorbonne.fr":[12],"sorbs.net":[1,5],"sorcieremonique.com":[1,12],"soregies.fr":[1,12],"sorel.com":[9],"sorelfootwear.ca":[1,9],"sorensonmedia.com":[1,5],"sorgenia.it":[1],"sorgente.nl":[1,12,4],"sorgentenatura.it":[1,3,9],"soriana.com":[9],"sorianadomicilio.com":[1,3,9],"soribada.com":[12],"sorozat-barat.club":[1,3],"sorozat-barat.info":[12],"sorozatbarat.info":[1,3],"sorozatok.us":[3],"sorted.org.nz":[1,12],"sortedfood.com":[3],"sorteonline.com.br":[1,9],"sorteopremios.com":[1],"sortir-en-ville.com":[1,12,3],"sortiraparis.com":[1,12,3],"sortirensemble.com":[12,3],"sortitapps.com":[1,5,9],"sortitoutsi.net":[1,3,5],"sortlist.com":[1],"sortlyapp.com":[1],"sortmyweddingoutfit.com":[1,9],"sos-accessoire.com":[1,9],"sos-devoirs-corriges.com":[12],"sos-wp.it":[1,5],"sosac.tv":[3],"sosandroid.fr":[12],"sosav.fr":[1,9],"soscisurvey.de":[1,12],"soscuisine.com":[1,4],"sosedi.by":[1],"sosemploymentgroup.com":[12],"sosh.com":[1],"sosh.fr":[1],"soshape.com":[1]}