{"28bysamwood.com":[1,12],"28car.com":[1,9,12],"28dayslater.co.uk":[1,10],"28degreescard.com.au":[1],"28hse.com":[1,8],"2902.net":[1],"29cm.co.kr":[1,7],"2a4.fr":[1,9],"2addicts.com":[1,3,12],"2baksa.net":[5],"2bike.rs":[1,12],"2bmore.nl":[1],"2brightsparks.com":[1,5],"2c2p.com":[1,2],"2captcha.com":[1,5],"2carpros.com":[9,12],"2ch.net":[1,12],"2cheat.net":[12],"2cheat.us":[12],"2checkout.com":[1],"2co.com":[1],"2coolfishing.com":[12,3],"2degreesbroadband.co.nz":[1],"2degreesmobile.co.nz":[1],"2degreesworld.co.nz":[1,9],"2dehands.be":[1,9],"2domains.ru":[12],"2ememain.be":[1,9],"2escore.com":[12],"2fh.co":[1],"2fight.com":[3,3],"2findlocal.com":[1],"2flirt.com":[1],"2folie.com":[12],"2freehosting.com":[1,5],"2galli.fr":[1,9],"2game.com":[9],"2gay4fb.com":[1,12],"2gb.com":[12,3,7],"2gig.com":[1,9],"2gis.ru":[1],"2go.com":[12],"2go.im":[1,10],"2hack.net":[3],"2houses.com":[1,12],"2ics.net":[1],"2ip.ru":[1,5],"2isr.fr":[1,5],"2k.com":[3],"2kgames.com":[3],"2kmtcentral.com":[9],"2kom.ru":[1,5],"2leap.com":[1,12],"2linkto.com":[1],"2manuals.com":[1],"2mhost.com":[1,5],"2minuteclub.com":[1,12],"2minutetabletop.com":[1,12,3],"2nd.md":[1,12,4],"2ndchanceplay.com":[12],"2ndskiesforex.com":[1,2,12],"2ndswing.com":[9,3],"2ndsworld.com.au":[9],"2ndtimearound.com":[1,9],"2ndvote.com":[1,12],"2p.com":[3,3],"2parale.ro":[1,9],"2pay4you.com":[1,2],"2peak.com":[1,12],"2pink.org":[1,5],"2redbeans.com":[1,12],"2seniors.fr":[10],"2shared.com":[10],"2sucres.org":[12],"2talk.co.nz":[12],"2tcafe.com":[1,3,7],"2te-zahnarztmeinung.de":[1,12,4],"2wheelpros.com":[1],"2winbet.gr":[12],"2wire.net":[1,5],"2x.com":[1,5],"2x9bitmax.com":[1,12],"2xist.com":[9],"2xmoinscher.com":[1,9],"2xu.com":[1,9],"3-form.com":[1],"3.dk":[1,5,9],"3.home":[12],"30-day-change.com":[1,12],"3000toys.com":[9],"305fitness.com":[1,12],"309clix.com":[1],"30bitcoin.co":[12],"30boxes.com":[1,12],"30d.jp":[1,5],"30daychange.co":[1,12],"30k-challenge.com":[1],"30millionsdamis.fr":[1,12],"30minutelist.com":[1]}