{"superkopilka.com":[1,12,3],"superlawyers.com":[1,12],"superleague.com":[12],"superlenny.com":[3,3],"superlife.co.nz":[1,2],"superliga.dk":[1,3,3],"superlinksbr.com":[1],"superload.cz":[1,5],"superlogica.com":[1],"superlogica.net":[1],"supermacs.ie":[1],"supermagnete.fr":[1],"supermama.lt":[1,12,3],"supermano.fr":[1,5,9],"supermarchesmatch.fr":[1],"supermarchesmatchdrive.fr":[1,9],"supermarketnews.com":[1],"supermarkt.nl":[1,12],"supermedia.com":[1],"supermediastore.com":[9],"supermemo.com":[1,12],"supermemo.net":[1,12,5],"supermemo.net.pl":[1,12],"supermemo.pl":[1,12],"supermercadosguanabara.com.br":[1],"supermercato24.it":[1],"supermicro.com":[1,5],"supermoney.com":[1,2],"supermotojunkie.com":[10],"supernews.com":[1,5],"supernotecard.com":[1,12],"supernovagame.com":[1,3,3],"superoffice.com":[1],"superonline.com":[1,5],"superonline.net":[1,5],"superorganised.com.au":[1,12],"superpages.com":[1],"superpartners.com.au":[12],"superpay.me":[12],"superphysique.org":[1,12],"superplayer.fm":[1,12],"superprof.be":[1,12],"superprof.co.uk":[1,12],"superprof.es":[1,12],"superprof.fr":[1,12],"superprof.us":[1,12],"superprofs.com":[1,12],"superrepo.org":[1],"superresume.com":[1,6],"superrewards.com":[1],"supersaas.be":[1],"supersaas.co.uk":[1],"supersaas.com":[1],"supersaas.cz":[1],"supersaas.de":[1],"supersaas.dk":[1],"supersaas.es":[1],"supersaas.fr":[1],"supersaas.it":[1,5],"supersaas.nl":[1],"supersatforum.com":[1,12,5],"supersavertravel.se":[12,9],"supersavvyme.co.uk":[1,9],"superscommesse.it":[3],"supersecret.com":[1,12],"superservice.com":[1],"supershop.hu":[1,9],"supershuttle.co.nz":[1],"supershuttle.com":[1],"supersimplebot.com":[12,3],"supersimplelearning.com":[1,3],"supersklep.pl":[9],"superskoda.com":[9],"supersmart.com":[9],"supersoccer.tv":[12],"supersonic.com":[1],"supersonicads.com":[1],"supersonido.es":[9],"supersorteo.com":[1,3],"supersport.com":[3],"supersport.hr":[1,3,3],"supersportimages.com":[1,12],"superstarcomponents.com":[1,9],"superstart.se":[1,3,11],"superstore.ca":[3,9],"supersu.com":[12],"supersup.com":[1,9],"supertasker.com":[1],"superteachertools.net":[1,12],"superteachertools.us":[1,12],"superteacherworksheets.com":[12],"supertext.ch":[1,12],"supertics.com":[1,12],"supertoinette.com":[3],"supertorrent.com.br":[12],"supertorrents.org":[12],"superuser.com":[5,10],"supervalu.com":[1,9],"supervalu.ie":[1,12,9]}