{"mydailyflog.com":[1],"mydailylikes.com":[1,12,5],"mydailysearch.com":[12],"mydakis.com":[1],"mydala.com":[1,9],"mydamselpro.net":[1,12],"mydanaher.com":[12],"mydanceworks.net":[1],"mydarc.de":[1],"mydario.com":[1],"mydata-ssm.com.my":[1],"mydatcu.org":[12],"mydavinci.nl":[1,12,5],"myday.com.tw":[1,9],"mydayforce.com":[1],"mydays.de":[1,9],"mydaytondailynews.com":[1,12,7],"mydbadmin.co.uk":[1,12],"mydccu.org":[12],"mydcwater.com":[1],"myddns-flir.com":[12],"mydeal.com.au":[9],"mydeal.pl":[1,9],"mydealz.de":[3,9],"mydecathlon.com":[12],"mydeco.com":[1],"mydellmini.com":[9],"mydellwebmd.com":[1,12],"mydeltaq.com":[12],"mydelteksite.com":[12],"mydemenageur.com":[1,12],"mydentalapps.com":[12],"mydentist.co.uk":[1,12],"mydentista.it":[1,12],"mydeposits.co.uk":[12],"mydepositsscotland.co.uk":[1,12],"mydepressionteam.com":[1,12,4],"mydescarga.com":[12],"mydesert.com":[1,7],"mydesign.com":[9],"mydesigndeals.com":[1],"mydesktop.com.au":[1],"mydevices.com":[1,5],"mydevil.net":[1,5],"mydevolo.com":[1],"mydh.org":[1,12],"mydhr.net":[1],"mydiabeteshome.com":[1,12],"mydickssportinggoods.com":[1,9],"mydigipass.com":[1,5],"mydigit.cn":[1,5,9],"mydigitaland.com":[1],"mydigitaldiscount.com":[5,9],"mydigitaldoorman.com":[1],"mydigitallife.info":[5],"mydigitallife.net":[5],"mydigitalpublication.com":[1,12],"mydigitalservices.com":[1],"mydigitus.net":[1,5,9],"mydignityhealth.org":[1,12,4],"mydinersclub.com":[1],"mydirectcare.com":[1],"mydirection.com":[1,5],"mydirectives.com":[1],"mydirtyhobby.com":[12,1],"mydirtyhobby.de":[12,1],"mydirtywife.net":[12],"mydiscgear.com":[1],"mydish.com":[1,5,9],"mydishrewards.com":[1],"mydishvoice.com":[1],"mydisneyexperience.com":[1,3,11],"mydisposal.com":[1],"mydivert.com":[1],"mydivorcepapers.com":[1,12],"mydkv.be":[1],"mydlc.co.uk":[1],"mydlink.com":[1],"mydnb.com":[12],"mydns.jp":[1,5],"mydocomo.com":[12],"mydocsonline.com":[1,5],"mydodow.com":[1,12],"mydoitbest.com":[1,12],"mydomain.com":[12],"mydonedone.com":[1],"mydoorsign.com":[1,12],"mydootv.com":[12],"mydoromanager.com":[12],"mydotcombusiness.com":[1],"mydoterra.com":[1],"mydownloader.net":[12],"mydownloadtube.com":[3,12],"mydpdbusiness.de":[1],"mydramalist.com":[3],"mydreammapper.com":[1],"mydreamstore.in":[1,9],"mydreamvention.com":[1,12],"mydrive.ch":[1,5]}