{"myetweb.com":[12],"myevaluations.com":[1,12],"myevent.com":[1],"myeventon.com":[1,12],"myeverettclinic.com":[1],"myevergreenonline.com":[9],"myeverythingdisc.com":[1],"myevive.com":[1],"myeway.com":[1],"myewga.com":[1,12],"myexactaccount.com":[12],"myexammaster.com":[12],"myexor.co.uk":[1],"myexpertone.com":[1,12],"myextralife.com":[3],"myextremehits.com":[1,5],"myeyecarerecords.com":[1,5],"myeyedr.com":[1,4],"myeyestore.com":[1],"myezreg.com":[1],"myezyaccess.com":[1,12],"myfab.com":[12],"myfabrics.co.uk":[1,9],"myfactu.es":[1],"myfairfax.com.au":[1,12],"myfairpoint.com":[1],"myfairpoint.net":[1],"myfamily.com":[1,12],"myfamilymobile.com":[1],"myfanclubrewards.com":[1,3],"myfanshawe.ca":[1,12],"myfantasticpark.com":[1,3],"myfantasticpark.cz":[1,3],"myfantasticpark.de":[1,3],"myfantasticpark.fr":[1,3],"myfantasticpark.hu":[1,3],"myfantasticpark.nl":[1,3],"myfantasyleague.com":[1,3],"myfastfile.com":[1,5],"myfastforum.org":[1,5,10],"myfavouritemagazines.co.uk":[3],"myfawry.com":[1],"myfax.co.il":[1],"myfax.com":[1],"myfbmc.com":[1],"myfbo.com":[1],"myfc.ir":[1,3,3],"myfcb.de":[1],"myfedloan.com":[1,2,12],"myfedloan.org":[1,2,12],"myferrellgas.com":[12],"myfexaccount.com":[1,2],"myffpc.com":[1,3,3],"myfha.net":[1],"myfibroteam.com":[1,12],"myfico.com":[1,2],"myfide.net":[1,12],"myfidelio.net":[1],"myfigurecollection.net":[12,3],"myfileguardian.com":[12],"myfilmbag.com":[1],"myfinanceservice.com":[12],"myfinancialportfolio.co.uk":[12],"myfinancialresources.org":[1,2],"myfinepix.co.uk":[1,9],"myfinepix.com":[12],"myfiosgateway.com":[12],"myfireonline.org":[12],"myfirmfiles.com":[1,12],"myfirst.fr":[12],"myfirstam.com":[1],"myfirstccu.org":[1,2],"myfirstib.com":[12],"myfirstjobinfilm.co.uk":[1,6],"myfirstworld.com":[1],"myfishka.com":[1],"myfitfoods.com":[1,3],"myfitness.ee":[1,12],"myfitnesspal.com":[1,9],"myfitnesspal.com.br":[1,3],"myfitnesspal.com.mx":[1,3],"myfitnesspal.de":[1,3],"myfitnesspal.es":[1,3],"myfitnesspal.fr":[12],"myfitnesspal.it":[1,3],"myfitnesspal.nl":[1,3],"myfitnesspal.se":[1,3],"myflameboss.com":[12],"myflare.com":[12],"myflashstore.net":[9],"myflavia.com":[1],"myflcourtaccess.com":[12],"myfleetatpenske.com":[1,12],"myflexdollars.com":[1],"myflexjob.com":[1],"myflexonline.com":[1,12],"myflightbook.com":[12],"myflightsapp.com":[1,12],"myflirt.com":[12,1,3]}