{"amazingacademy.com":[1,12,5],"amazingcounters.com":[1,12],"amazingdealsgroup.com":[1],"amazingdesigns.com":[1,9],"amazingembroiderydesigns.com":[1,9],"amazingeternals.com":[12],"amazinggoodwilldonationreceipt.com":[1,12],"amazinggrass.com":[1,3],"amazingmail.com":[1],"amazingpictures.com":[1,12],"amazingribs.com":[1,3],"amazingself.com":[1,12],"amazingsellingmachine.com":[1,12],"amazingwalkrace.org":[10],"amazon.at":[1,9],"amazon.ca":[9],"amazon.cn":[1,9],"amazon.co.in":[9],"amazon.co.jp":[1,9],"amazon.co.uk":[1,9],"amazon.com":[9],"amazon.com.au":[9],"amazon.com.br":[1,9],"amazon.com.mx":[1,9],"amazon.com.sg":[12],"amazon.de":[1,9],"amazon.es":[9],"amazon.eu":[1],"amazon.fr":[9],"amazon.in":[9],"amazon.it":[1,9],"amazon.jobs":[1,12],"amazon.nl":[1,9],"amazon.work":[1,5],"amazona.de":[1,12,3],"amazonaws.cn":[1,5],"amazonaws.com":[1,5],"amazone.com":[9],"amazone.de":[1,12],"amazone.fr":[1],"amazonprime.com":[1,9],"amazonslots.com":[3,3],"amazonsmile.com":[1,9],"amazonsurf.co.nz":[9],"amazonuniversity.jobs":[1,12],"amazoworks.com":[1],"ambarinutrition.com":[1,9],"ambassadeurpampers.fr":[1,12],"ambassador.com.tw":[1,12,3],"ambassadortickets.com":[1,12,3],"ambellis.de":[9],"ambercutie.com":[12],"amberen.com":[1,12,4],"ambertrack.global":[12],"ambest.com":[1],"ambetterhealth.com":[1,12],"ambiance-sticker.com":[1,9],"ambient-mixer.com":[3,3],"ambientedirect.com":[9],"ambientweather.net":[1,12],"ambis.biz":[2],"ambitenergy.com":[1],"ambitionally.com":[1,5],"amblingbooks.com":[9,3],"amboss.com":[1,12],"ambrosewilson.com":[9],"ambrosiasw.com":[1],"amc.com":[1,3],"amc.edu":[1,12,4],"amc.nl":[12],"amc.org.au":[1,12],"amcal.com.au":[9],"amcarparts.co.uk":[1,9,12],"amcbmidwife.org":[1,12],"amcbridge.com":[1,5],"amcentertainment.com":[1,3],"amcgaming.net":[3,5,10],"amcham.org.eg":[1,12],"amcharts.com":[1,12,5],"amclinks.com":[1],"amcnationalsales.com":[1,12],"amcnetworks.com":[1,3],"amco.me":[1,12],"amconlabs.com":[1,9],"amcrentpay.com":[1],"amcrest.com":[9],"amcrestcloud.com":[1],"amcrestview.com":[12],"amcsgroup.com":[1],"amcstubs.com":[1,9],"amctheaters.com":[1,3],"amctheatres.com":[1,3],"amctv.com":[1,3],"amd-osx.com":[12],"amd.com":[1,12,5],"amd4u.com":[1],"amdemo.com":[1,5],"amdocs.com":[1],"amdrewards.com":[1,5]}