{"alpinestars.com":[1,9],"alpinetrek.co.uk":[9],"alpiniste.fr":[9],"alpintouren.com":[1,9],"alpitourworld.com":[1,3,11],"alpnames.com":[1,5],"alpsinc.com":[1,12],"alpsnet.com":[1],"alptis.org":[1,2],"alrayanbank.co.uk":[1,2],"alriyadh.gov.sa":[1,12],"alsa-hundewelt.de":[12,9],"alsa.es":[1,11],"alsa.org":[1,12],"alsacemarchespublics.eu":[1,12],"alsacreations.com":[1,12,5],"alsagarden.com":[12,9],"alsatis.com":[1,5],"alsayra.com":[12,10],"alsde.edu":[12],"alsfamilyfarms.com":[1,3],"alsg.org":[12],"alshaya.com":[1,9],"alsket.lt":[12],"also.ch":[1],"also.com":[1],"alsoactebis.com":[1,9],"alsofrance.fr":[1],"alsolia.fr":[1],"alsscan.com":[3],"alstom.com":[1,12],"alstyle.com":[1,9],"alt-gen.com":[1],"alt-torrent.com":[1,12,5],"alt.com":[12],"alta-cuir.com":[1,9],"alta.com":[1,9],"alta.hk":[12],"alta.org":[1,12],"alta360research.com":[1],"altair.com":[1],"altairglobal.com":[1],"altalex.com":[1,12],"altamiraweb.com":[12],"altaone.org":[1,2],"altaopinione.it":[1],"altaprofits.com":[1,2],"altardstate.com":[9],"altareacogedim-partenaires.com":[1],"altares.fr":[1],"altareturn.com":[1],"altaro.com":[1,5],"altatennis.org":[1,12,3],"altaya.fr":[1,12,9],"altays-progiciels.com":[12],"altbalaji.com":[1,3],"altbinz.net":[12],"altclub.biz":[1,12],"altcointrader.co.za":[3],"altdispenser.net":[1],"alteaconseils.com":[1],"altec.com":[1],"altech.com.au":[12],"altegris.com":[1,2],"altel.kz":[1,5],"altenen.com":[1,12],"altenen.org":[12],"altenens.com":[12],"altenew.com":[1,9],"altengroup.com":[12],"altenrecrute.fr":[1,12],"altera.com":[1,5],"alteraforum.com":[10],"alterart.pl":[1,12,3],"alterdata.com.br":[1,12],"alterecoplus.fr":[12],"altered-time.com":[12,10],"alteregoapp.com":[1],"alteriw.net":[12],"alterna.ca":[1,2],"alternabank.ca":[1,2],"alternance.fr":[1,12],"alternancemploi.com":[1,12],"alternate-b2b.nl":[12],"alternate-life.de":[1],"alternate.at":[1,9],"alternate.be":[1,9],"alternate.ch":[1,9],"alternate.de":[1,9],"alternate.dk":[1,9],"alternate.es":[1,9],"alternate.fr":[1],"alternate.it":[1,9],"alternate.nl":[1,9],"alternatehistory.com":[12,10],"alternative-synapse.com":[1,12],"alternativeapparel.com":[9],"alternativeloan.com":[1,12],"alternatives-economiques.fr":[1,12]}