{"quiltersclubofamerica.com":[1,12],"quiltingboard.com":[10],"quiltingcompany.com":[1,9],"quiltingdaily.com":[1,9],"quiltmaker.com":[1,9],"quiltropolis.net":[1],"quiltssupply.com":[1,9],"quimbee.com":[1,12],"quiminet.com":[1,12],"quincaillerie.pro":[1,9],"quincycollege.edu":[12],"quincymutual.com":[1,2],"quinielista.es":[3,3],"quinn-direct.com":[1,2],"quinnipiac.edu":[12],"quins.co.uk":[1,3],"quinstreet.com":[1],"quintiles.com":[1,12],"quintilesims.com":[1],"quintly.com":[1],"quintonic.fr":[1,12],"quip.com":[1],"quipper.com":[12],"quire.io":[1,5],"quirktools.com":[1],"quirky.com":[1,12],"quironprevencion.com":[1,12,4],"quironsalud.es":[1,12,4],"quirumed.com":[9],"quit.com":[12,12],"quitlogix.org":[12,4],"quitnet.com":[1,12],"quitoque.fr":[1,3],"quitt.ch":[1,2],"quiubi.it":[12],"quiver.us":[1],"quiveutdufromage.com":[1,12,3],"quivofx.com":[1,2,12],"quixa.it":[1,2],"quixel.se":[1],"quixtar.com":[1,12,9],"quiz-creator.com":[1,12],"quizalize.com":[1,12],"quizbean.com":[1,12],"quizclothing.co.uk":[9],"quizegg.com":[1,12],"quizfactor.com":[12,3],"quizful.net":[12,5],"quizity.com":[12],"quizizz.com":[1,12],"quizky.net":[12],"quizlet.com":[12],"quizonaut.com":[1],"quiztel.com":[3,3,9],"quizup.com":[3],"quizz.biz":[12,3],"quizzle.com":[1,2],"quizzyourself.com":[1,12,5],"qunar.com":[1,11],"quoine.com":[1,2,12],"quoinex.com":[1,2],"quoka.de":[1,9],"quokka.com.au":[9],"quomodo.com":[1],"quora.com":[12,10],"quore.com":[1],"quorum.us":[1],"quorumfcu.org":[1,2],"quosalsell.com":[1],"quotacy.com":[1,2],"quotas-studien.de":[12],"quotatispro.fr":[1,12],"quotemedia.com":[1,2],"quotemehappy.com":[1],"quoteroller.com":[1],"quotestream.com":[1],"quotev.com":[12],"quotevalet.com":[1],"quotewizard.com":[1,2],"quotezone.co.uk":[1,2],"quotidiano.net":[1,3,7],"quotidom.com":[1,9],"quotientapp.com":[1],"quotit.net":[1,5],"quoty.fr":[1,9],"quovadisglobal.com":[1,5],"quoverbis.com":[3],"quovo.com":[1],"quozio.com":[1],"quozpowa.com":[1,12,3],"qurrent.nl":[1],"qustodian.com":[12],"qustodio.com":[1],"qustomer.com":[1,12],"qut.edu.au":[1,12],"qutee.com":[1,12,7],"quuu.co":[1],"qv.co.nz":[1],"qvalent.com":[12]}