{"vietdesigner.net":[12],"vietfun.com":[3],"viethconsulting.com":[1],"vietid.net":[1,12],"vietinbank.vn":[1,2],"vietjetair.com":[1,11],"vietlott.vn":[1,3],"vietmine.com":[1,3,3],"vietmmo.club":[1,12],"vietmod.net":[12,5],"vietnam-evisa.org":[1,11],"vietnamairlines.com":[1,12,11],"vietnamcupid.com":[10],"vietnamesepod101.com":[1,12],"vietnamgsm.vn":[5,10],"vietnammm.com":[1],"vietnamworks.com":[1],"vietpn.com":[1,5,12],"vietsingle.com":[1,12,3],"vietstock.vn":[2],"viettel.com.vn":[1],"viettel.vn":[1],"viettelstudy.vn":[1,12],"vietteltelecom.vn":[12],"vietvbb.vn":[10],"vieurbaine.com":[1],"vieuxplongeur.com":[1,9],"view2.be":[1,12,5],"viewables.com":[1],"viewandprint.com":[1,12],"viewbook.com":[1],"viewbot.net":[1,3],"viewbug.com":[1,3,10],"viewcases.com":[12],"viewcentral.com":[1,12],"viewcitation.com":[12],"viewclickcash.com":[1],"viewen.com":[1,5],"viewermax.com":[1],"viewerslikeyouadvisors.org":[1,12],"viewfines.co.za":[1,5],"viewfines.net":[1],"viewfruit.com":[12],"viewgrip.net":[12,5],"viewhall.com":[1],"viewit.ca":[1],"viewlyrics.com":[3],"viewmessages.com":[12],"viewmychart.com":[1],"viewmyenergy.com":[12],"viewmyfax.com":[1],"viewmyforms.com":[1],"viewmyhealthrecords.com":[1,4],"viewmymessage.com":[1,5],"viewmypermitct.org":[1,12],"viewneo.com":[1],"viewnetcam.com":[1],"viewpath.com":[1,5],"viewpayroll.com":[1],"viewpermit.com":[1],"viewpoint.ca":[1,8],"viewpoint.com":[1],"viewpointbank.com":[1,2],"viewpointcloud.com":[1],"viewpointcs.com":[1],"viewpointforum.com":[1,12],"viewpoints.com":[1,9],"viewpost.com":[1],"viewranger.com":[1,12],"viewrenttoownhomes.com":[1,8],"viewsbank.com":[1],"viewsnet.jp":[12],"viewsonic.com":[9],"viewster.com":[3],"viewtrakr.com":[1],"viewtrip.com":[1,11],"viewtubers.com":[12,1,5],"viff.org":[1,12,3],"vifocal.com":[9],"viggle.com":[1],"vigglestore.com":[1],"viggo.dk":[1,12],"vigicoin.com":[1,12],"vigilfuoco.it":[1,12],"vigilo.no":[1,12],"vigipiscine.com":[12],"vigitrust.com":[1,5],"viglink.com":[1],"vigneron-independant.com":[12],"vigoda.ru":[1,9],"viha.ca":[1,12,4],"vii.com.au":[1,9],"viivilla.se":[1,12,9],"viivo.com":[1,5],"vijayabankonline.in":[1],"vijf.be":[3],"vikatan.com":[1,3,7],"vikenfiber.no":[1],"viki.com":[1,12,3]}