{"lawebdelprogramador.com":[1,12,5],"laweekly.com":[1,3,7],"lawhelpinteractive.org":[1,12],"lawinfo.com":[1,12],"lawinsider.com":[1,5],"lawjobs.com":[1,12],"lawline.com":[1,12],"lawline.se":[1,12],"lawlive.com.au":[1],"lawndoctorcustomer.com":[1,12],"lawngateway.com":[1],"lawnlove.com":[1,9],"lawnmowerforum.com":[10],"lawnmowingonline.com":[1],"lawnprosoftware.com":[1],"lawnsite.com":[1,10],"lawnsmith.co.uk":[1,9],"lawnstarter.com":[1,9],"laworks.com":[1,12],"laworks.net":[1,12],"lawpath.com":[1],"lawpath.com.au":[1],"lawpay.com":[1],"lawpro.ca":[1],"lawrence.edu":[12],"lawrenceks.org":[1,12],"lawroom.com":[1,12],"lawschoolnumbers.com":[1,12],"lawsociety.com.au":[1,12],"lawsociety.ie":[1,12],"lawsociety.org.uk":[1,12],"lawson-his.co.uk":[9],"lawson.co.jp":[1,9],"lawson.com":[1],"lawson.jp":[1],"lawsonproducts.com":[1,9],"lawsons.com.au":[12],"lawtrades.com":[1,12],"lawyer.com":[1,12],"lawyers.com":[1,12],"lawyersclubindia.com":[1,12],"lawyerslegallaws.com":[1,12],"lax.com":[9,3],"laxammo.com":[9,12],"laxsportsnetwork.com":[1,12],"layahealthcare.ie":[1],"layar.com":[1,12],"laybag.com":[1],"layer-grosshandel.de":[1,9],"layer.com":[1],"layer13.net":[3,5],"layer3tv.com":[1],"layershift.co.uk":[1,5],"layerswp.com":[1],"layervault.com":[12],"laymatures.co.uk":[10],"layoutit.com":[1,12,5],"layoutready.com":[1],"lays.com":[1,12],"lays.ro":[1],"laytoncity.org":[1],"laywheeler.com":[12,1],"lazada.co.id":[1,9],"lazada.co.th":[9],"lazada.com":[1,12,9],"lazada.com.my":[9],"lazada.com.ph":[1,9],"lazada.sg":[9],"lazada.vn":[9],"lazio.it":[12],"laziodisu.it":[1,12],"lazparking.com":[1],"lazybux.com":[1],"lazydays.com":[1],"lazygame.net":[1,3,3],"lazygirls.info":[3],"lazypressingbot.com":[1],"lazytraderapp.co":[1],"lb.dk":[1,2],"lbar.com":[1,12,8],"lbathivel.com":[1,9],"lbb.de":[1,2],"lbbd.gov.uk":[1,12],"lbc.co.uk":[1,3,7],"lbcc.edu":[1,12],"lbhf.gov.uk":[1,12],"lbinary.com":[12],"lbl.com":[1],"lbl.gov":[1,12],"lbn.fr":[1],"lboro.ac.uk":[12],"lbpiaccess.com":[12],"lbpl.org":[1,12],"lbpsb.qc.ca":[12],"lbs.de":[1,2,12],"lbsbuyersguide.co.uk":[9],"lbschools.net":[1,12],"lbsfcu.org":[1,2],"lbsg.net":[1,3,3]}