{"promailbox.net":[12],"proman-emploi.fr":[1],"proman-interim.com":[1,12],"promap.co.uk":[1,12],"promapp.com":[1],"promarketingsystem.net":[1],"promarkt.de":[9],"promatcher.com":[1,12],"promeca.com":[1,9],"promedica.org":[1,4],"promega.com":[1,12],"promessedefleurs.com":[1,9],"prometeoestra.it":[1],"prometeus.net":[1,5],"prometheanplanet.com":[1,12],"prometheanworld.com":[1,12],"promethease.com":[1,12],"prometheus.org.ua":[1,12],"prometheusreg.com":[1,3],"prometric-jp.com":[1,12],"prometric.com":[1,12],"promety.net":[12],"promevo.com":[1],"promgirl.com":[1,9],"promikbook.com":[1],"promise.co.jp":[1,12],"promise.com":[1,5],"promisechecks.com":[1,12],"promo-optique.com":[1,9],"promo-trak.com":[1],"promo2day.com":[5,10],"promoads.com.br":[1],"promob.com":[1,12],"promobil.de":[1,3],"promobit.com.br":[9],"promoboxx.com":[1],"promobutler.be":[12],"promocaixa.com.br":[1],"promocaoajinomoto.com.br":[1],"promocaocolgate.com.br":[1,12,4],"promocaomarcascampeas.com.br":[1,12],"promocaominuano.com.br":[1,12,9],"promocaoype.com.br":[1,12,9],"promocartaodeembarque.com.br":[1,12],"promocash.com":[3,7,3],"promocaz.fr":[9],"promocionesfarma.com":[9],"promoclub.it":[1,9],"promocoesvisa.com.br":[1],"promod.de":[9],"promod.fr":[9],"promod.it":[9],"promodeclic.fr":[1,9],"promodescuentos.com":[1,3,9],"promodirect.com":[1,9],"promodj.com":[1,3],"promods.net":[12,10],"promodualette.com.br":[12],"promofans.pt":[1,9],"promofarma.com":[9],"promogaroto.com.br":[1],"promokodi.net":[1,9],"promoliens.net":[12],"promolife.be":[1,9],"promolta.com":[1,3],"promomarketing.com":[9],"promondo.de":[9],"promoonly.com":[1,3,3],"promoparcs.com":[1,9],"promoplace.com":[1,9],"promorabais.com":[1,9],"promorepublic.com":[1],"promos-calculatrices-casio.fr":[1],"promotelabs.com":[1,9],"promotemybizpro.com":[12],"promoter.io":[1],"promoterapp.com":[1],"promotion-cdiscount.fr":[1],"promotion-sonymobile.com":[1],"promotionbasis.de":[12],"promotioncentre.co.uk":[1],"promotions-bosch.com":[1],"promotions.com":[1],"promotive.com":[1],"promotor.ro":[1,3,12],"promototal.com.do":[1],"promovendum.nl":[1],"promozioni-italia.it":[1],"promptfile.com":[1],"promutuelassurance.ca":[1,2],"promycom.net":[12],"pronamel.us":[1,12],"pronestor.com":[1],"pronofootball.com":[3,3],"pronosoft.com":[1,3],"pronostic-facile.fr":[1,3],"pronosud.fr":[1],"pronoun.com":[1,12],"pronq.com":[1,5]}