{"redcoon.de":[9],"redcoon.es":[1],"redcoon.it":[1,9],"redcoon.nl":[1,9],"redcoon.pl":[9],"redcoon.pt":[1],"redcountyrp.com":[1],"redcross.ca":[1,12],"redcross.com":[1,12],"redcross.org":[1,12],"redcross.org.uk":[1,12],"redcrossblood.com":[12],"redcrossblood.org":[12],"redcrossblood.org.au":[12],"redcrosselearning.ca":[12],"redcrosslearning.com":[12],"redcrossstore.org":[9],"reddawayregional.com":[1],"reddeer.ca":[1,12],"redding.com":[1,12,7],"reddit.com":[10,7],"redditgifts.com":[12],"reddoorspas.com":[1,9],"reddoxx.com":[1,5],"reddragondarts.com":[9],"reddressboutique.com":[9],"rede-expressos.pt":[1],"redecanais.com":[3],"redechaos.com.br":[12],"redeclaretiano.edu.br":[12],"rededobemnestle.com.br":[12],"redeemer.com":[1,12,12],"redeemitnow.com":[12],"redef.com":[3,7],"redefacilbrasil.com.br":[1],"redegrana.com":[1],"redegrana.com.br":[1],"redehost.com.br":[1,5],"redenergy.com.au":[1,9],"redenvelope.com":[9],"redepontocerto.com.br":[1],"redeproaprendiz.org.br":[12],"rederij-doeksen.nl":[1],"redex.red":[1],"redeye.se":[1,12],"redeyecheats.com":[12],"redeyerecords.co.uk":[9],"redf.gov.sa":[1,12],"redfcu.org":[1,2],"redfcuonline.org":[1,2],"redfin.com":[8],"redflagdeals.com":[9],"redfox.bz":[1,3,5],"redfunnel.co.uk":[1,11],"redgiant.com":[1],"redgiantsoftware.com":[1],"redguides.com":[10],"redhat.com":[1,12],"redhatsociety.com":[1,12,3],"redheart.com":[1,9],"redheberg.com":[1,5],"redhelper.ru":[1,5],"redhotchilipeppers.com":[1,3,9],"redhotpawn.com":[12,3],"redhotpie.com.au":[12],"redicemembers.com":[12],"rediff.com":[3,7,9],"rediffmail.com":[3,7,9],"rediffmailpro.com":[1,5],"redii.com":[1],"rediker.com":[1,12],"redirect.com":[1],"redirectme.net":[5],"redisdesktop.com":[5],"redislabs.com":[1],"redjuice.co.uk":[9],"redkaraoke.com":[1,3],"redkensalon.com":[1,12,9],"redkings.com":[3],"redlands.edu":[12],"redletterdays.co.uk":[1,9],"redlightcenter.com":[12,1],"redlights.be":[12],"redlink.com.ar":[1],"redlion.com":[1],"redlist-db.be":[12],"redlist-ultimate.be":[12],"redlobster.com":[1,3],"redlogistic.com":[1,9],"redman.com":[1,12],"redmart.com":[3,9],"redmayne.net":[1,12],"redmenta.com":[1,12],"redmine.org":[1,12,5],"redminecrm.com":[1,5],"redmond.gov":[1,12],"redmondmag.com":[1,5],"rednersmarkets.com":[1],"redone.com.my":[1]}