{"ufs.ac.za":[12],"ufs.br":[12],"ufs.pt":[12],"ufsc.br":[12],"ufscar.br":[1,12],"ufsdata.com":[12],"ufsj.edu.br":[1,12],"ufsm.br":[12],"uft.edu.ve":[12],"uft.org":[1,12],"ufu.br":[12],"ufuckbook.com":[12],"ufv.br":[12],"ufv.ca":[1,12],"ufx.com":[12],"ufxmarkets.com":[1,12,11],"ug-market.com":[12],"ug.edu.ec":[1,12],"ug.edu.gh":[1,12],"ug.edu.pl":[1,12],"uga.edu":[12],"uga.org":[1,12,3],"ugajobsearch.com":[12],"ugal.com":[1,5],"ugap.fr":[1],"ugbase.eu":[12,10],"ugc.be":[3],"ugc.eu":[1,12,3],"ugc.fr":[1],"ugcleague.com":[3],"ugcnetonline.in":[12],"ugdsb.on.ca":[12],"ugent.be":[12],"ugg.com":[9],"uggaustralia.com":[9],"ugi.com":[1],"ugift529.com":[1,2,12],"ugitgud.com":[1,12],"ugle.org.uk":[1,12],"uglyhedgehog.com":[1,12],"uglystik.com":[1,3],"ugm.ac.id":[12],"ugolog.com":[1,12],"ugr.es":[1,12],"ugs.com":[1],"ugto.mx":[12],"ugu.pl":[1,5],"ugurus.com":[1],"ugwportal.net":[12],"ugx-mods.com":[1,12],"ugyismegveszel.hu":[1,9],"uh.edu":[12],"uh.ru":[12,3],"uh1.ac.ma":[12],"uha.fr":[12],"uhahealth.com":[1,12,4],"uhasselt.be":[12],"uhaul.com":[1],"uhaul.net":[1,12],"uhauldealer.com":[1],"uhaulhr.com":[1,12],"uhaullife.com":[12],"uhauluniversity.com":[1],"uhb.fr":[12],"uhc.com":[1],"uhccontacts.com":[1,9],"uhcexchangebilling.com":[1],"uhcgames.com":[12],"uhcjarvis.com":[12],"uhcl.edu":[12],"uhcmedicaresolutions.com":[1,12],"uhcmilitarywest.com":[1,12],"uhcpindia.com":[12],"uhcretiree.com":[1,12],"uhcretireeaccounts.com":[1],"uhcrivervalley.com":[1,12,4],"uhcservices.com":[1,12],"uhcsr.com":[1,12],"uhcu.org":[1,2],"uhcwest.com":[1,4],"uhd.edu":[12],"uhdbits.org":[12],"uheaa.org":[1,2,12],"uhfcu.com":[1,2],"uhg.com.au":[1],"uhhospitals.org":[1,12,4],"uhhs.com":[1,12,4],"uhi.ac.uk":[12],"uhis.com":[1],"uhls.org":[1,12],"uhmychart.org":[1,12],"uhn.ca":[1,12,4],"uhone.com":[1,2],"uhostfull.com":[1,5],"uhrenarmband-versand.de":[1,3],"uhrforum.de":[12,3,10],"uhsinc.com":[1,12,4],"uhsystem.com":[1,12,4],"uhu.es":[12]}