{"dscolourlabs.co.uk":[1,9],"dscout.com":[1,12],"dscoutapp.com":[1],"dscpayroll.com":[1],"dsdeurope.fr":[1],"dsdeurope.nl":[1],"dsdomination.com":[1],"dsf-dfs.com":[1,2],"dsfishlabs.com":[1,12,5],"dsflashcart.com":[3,9],"dsgai.com":[1],"dsgarms.com":[9,12],"dshini.net":[12],"dshop.com.au":[9],"dshopit.com":[9],"dsid.me":[12],"dsij.in":[1,2],"dsit.org.ir":[12],"dskbank.bg":[1,2],"dskdirect.bg":[1],"dsl4u.ca":[1],"dsldevice.lan":[12],"dslextreme.com":[1,5],"dslhhc.com":[12],"dslr-forum.de":[1,12,9],"dslreports.com":[1,5],"dsmart.com.tr":[1,3],"dsmartblu.com.tr":[3],"dsmartgo.com.tr":[1],"dsmoz.com":[9],"dsmtool.com":[1,9],"dso-karten.de":[3],"dso.org":[1,12,3],"dspayments.com":[12],"dspblackrock.com":[12],"dspsport.com":[12],"dsquared2.com":[1,9],"dss.mil":[1,12],"dsslive.com":[1,12],"dssmove.co.uk":[12],"dssorders.com":[1,12,4],"dssrookie.com":[12],"dst-group.com":[12],"dstargateway.org":[1,12,5],"dstld.com":[9],"dstore.com":[12],"dstsystems.com":[1],"dstv.com":[1,3],"dstvision.com":[12],"dstyleweb.com":[12],"dsu.edu":[12],"dsv-e-services.com":[1],"dsv.com":[1],"dsw.com":[12],"dsw.nl":[1],"dswinc.com":[1,9],"dsx.uk":[1,2],"dt.se":[1,3,7],"dtac.co.th":[1,5,9],"dtacbroadband.co.th":[12],"dtad.de":[1,12],"dtbrownseeds.co.uk":[3],"dtcc.com":[1],"dtcc.edu":[12],"dtconline.co.nz":[1,9],"dtdeals.com":[1,9],"dtdns.com":[1,5],"dtdns.net":[1,5],"dteenergy.com":[1,12],"dtemaharashtra.gov.in":[12],"dtest.cz":[1,12],"dtg.nl":[1],"dtic.mil":[1,12],"dticloud.com":[12],"dtiglobal.com":[1],"dtiservices.com":[1,12],"dtkt.ua":[1,12,5],"dtlr.com":[9],"dtm.at":[1,12],"dtm.com":[1,3],"dtn.com":[1],"dtnaarc.com":[12],"dtop.gov.pr":[1,12],"dts.edu":[12],"dtsanytime.co.uk":[1,12],"dtst.de":[12],"dtswiss.com":[1,12],"dtu.dk":[1,12],"dtube.video":[12],"dtvce.com":[12],"dtvforum.info":[3,10],"dtvp.de":[1],"du-kennst-mich.de":[1,12],"du.ac.in":[12],"du.ae":[1],"du.edu":[12],"du.se":[12],"dualit.com":[1,3],"dualmon.com":[1,5]}