{"creditolo.de":[1,2],"creditomas.es":[1,2],"crediton.lv":[1,2],"crediton.org.ua":[1,2],"creditone.com":[1],"creditonebank.com":[12],"creditonecreditprotection.com":[1,12],"creditors-services.com":[1],"creditorwatch.com.au":[1],"creditouniversitario.com.br":[1,12],"creditperfect.co.uk":[1,2],"creditplus.com":[1],"creditplus.de":[1,2],"creditplus.ru":[1,2],"creditreform.de":[1],"creditrepair.com":[1,2],"creditrepaircloud.com":[1],"creditreport.co.uk":[1,2],"creditreport.com":[1,2],"creditreportcenter.us":[1,2],"credits.com":[12],"creditsafe.be":[1],"creditsafe.com":[1,2],"creditsafe.fr":[1],"creditsafe.it":[1],"creditsafe.nl":[1],"creditsafede.com":[1],"creditsafeuk.com":[1],"creditsavvy.com.au":[1,2],"creditscore.com":[1,2],"creditscorecard.com":[1],"creditscorereportcard.com":[1,2],"creditsecret.org":[1,12],"creditsense.com.au":[1],"creditsesame.com":[1,2],"creditshop.com":[1,2],"creditsights.com":[1,12],"creditsimple.co.nz":[1,2],"creditsimple.com.au":[1,2],"creditsoup.com":[1,2],"creditstar.es":[1,2],"creditstatusnow.com":[1],"creditsudhaar.com":[1],"credittechnologies.com":[1],"creditunion1.org":[1,12],"creditunionhomebanking.com":[1],"creditunions.com":[1],"creditunionsa.com.au":[1,2],"creditupdates.com":[12],"creditviewdashboard.com":[12],"creditwise.com":[1,2],"crediweb.ch":[1],"credly.com":[1],"credoaction.com":[1,12,7],"credobilling.com":[1],"credocourses.com":[12,12],"credocourseware.com":[12],"credofunding.fr":[1,12],"credomatic.com":[12],"credomobile.com":[1],"credoreference.com":[12],"credsimple.com":[1],"credsystem.com.br":[1],"credy.es":[1],"credz.com.br":[12],"creelia.com":[12],"creema.jp":[1,9],"creeper.host":[1,5],"creeperhost.net":[1,5],"creepypasta.org":[7,12,3],"creer-application.com":[1,5],"creer-mon-business-plan.fr":[1],"creermonlivre.com":[1,9],"creeruncv.com":[1,6],"crehana.com":[1,12],"creighton.edu":[12],"crelan-online.be":[12],"crelate.com":[1],"crello.com":[1],"cremedelacreme.io":[1,12],"cremedelamer.com":[1,9],"cremedevape.com":[12,9],"cremesp.org.br":[1,12],"crengland.com":[1],"creoworx.com":[12],"crepuq.qc.ca":[12],"crericambi.it":[1,9],"crescombank.com":[1,2],"cresinsurance.com":[1,12],"cresoweb.it":[12],"crest-management.com":[1],"crestfinancial.com":[1],"crestline.com":[9],"crestock.com":[1,10,9],"crestron.com":[1,5,9],"crestron.eu":[1],"cresus.ch":[1,5],"cresuscasino.com":[12],"crevado.com":[1]}