{"pokemoncreed.net":[12,3],"pokemondb.net":[12,3],"pokemongame.com.br":[12,3],"pokemongemme.com":[12],"pokemongo-france.com":[12,3],"pokemongo.com":[12,3],"pokemonlake.com":[12,3],"pokemonlegends.com":[12,3],"pokemonpets.com":[12,3],"pokemonplasma.com":[12,3],"pokemonreborn.com":[12],"pokemonrise.com":[12,3],"pokemonrpg.nl":[12,3],"pokemonshowdown.com":[12,3],"pokemontcg.com":[12,3],"pokemontrash.com":[12,3],"pokemonuranium.com":[12],"pokemonvolcano.com":[12,3],"pokemonvortex.org":[1,12,3],"poken.com":[1],"pokepedia.fr":[12],"pokepixel.eu":[1,12],"poker-academie.com":[1,3,3],"poker-heroes.com":[3,3],"poker-production.com":[3,3,9],"pokeram.com":[12],"pokerdom.com":[3,3],"pokergo.com":[3,3],"pokergratis.es":[3,3],"pokergratuit.fr":[3,3],"pokerist.com":[3,3],"pokermanagement.com":[12],"pokermatch.com":[3,3],"pokermira.com":[3,3],"pokernews.com":[3,3],"pokeroff.ru":[3,3],"pokerprolabs.com":[3,3],"pokerroom.com":[3,3],"pokerschoolonline.com":[3,3],"pokersnowie.com":[1,3],"pokerstars.com":[3,3],"pokerstars.es":[3,3],"pokerstars.eu":[3,3],"pokerstars.fr":[3,3],"pokerstars.it":[3,3],"pokerstars.net":[3,3],"pokerstars.ro":[3,3],"pokerstars.uk":[3,3],"pokerstarscasino.com":[3,3],"pokerstarscasino.eu":[3,3],"pokerstarscasino.uk":[3,3],"pokerstarslive.fr":[3],"pokerstarspartners.com":[12],"pokerstarter.live":[3,3],"pokerstarter.online":[3,3],"pokerstarter.org":[3,3],"pokerstrategy.com":[1,3],"pokerstrategy.net":[1,3],"pokertableratings.com":[12],"pokerth.net":[1,3],"pokertracker.com":[1,3],"pokertube.com":[3,3],"pokestorm.com.br":[12,3],"pokestrat.com":[12,3],"poketalk.com":[12,1,9,11],"poketools.fr":[12,3],"pokewars.pl":[12,3],"pokexgames.com":[12],"pokexp.com":[12,3],"pokupon.ua":[1,9],"polakpotrafi.pl":[1,12],"polandspring.com":[1],"polandspringdelivery.com":[1],"polantis.com":[1,12],"polar-network.com":[1],"polar.com":[1,9],"polar.fi":[1,9],"polaris.com":[1,12],"polarisatvforums.com":[12],"polarisconnect.com":[1],"polarisdealers.com":[1,5],"polarisindustries.com":[1,12],"polarislibrary.com":[12],"polarisoffice.com":[1,5],"polaroid-me.com":[1],"polarpersonaltrainer.com":[1,12,5],"polarr.co":[10],"polarsteps.com":[1,12],"poldercasino.com":[12],"pole-emploi.fr":[1],"pole-emploi.net":[1,6],"pole-esg.net":[1,12],"polecambank.pl":[1],"poleemploi.fr":[1,6],"polette.com":[9],"polexp.com":[1],"poliambulanza.it":[1,12,4],"poliba.it":[1,12],"policard.com.br":[1]}