{"pulsetv.com":[9],"pulseway.com":[1,5],"pulsiva.com":[12],"pulte.com":[1,8],"pultemortgage.com":[1],"puma.com":[9],"pumb.ua":[1,2],"pump-flo.com":[1,9],"pumpendiscounter.de":[1,9],"pumpic.com":[1,12,5],"pumpingessentials.com":[1,9],"pumpitupparty.com":[1,3],"pumpkin-app.com":[1],"pumpkinpatch.com.au":[12],"pumplastiques.fr":[1,9],"pumpmycoin.com":[1],"pumpone.com":[1,12],"pumpyoursound.com":[1],"pumpyt.com":[12,3],"pun.pl":[12],"punahou.edu":[12],"punchbowl.com":[1,3,9],"punchh.com":[1],"punchpass.net":[1],"punchsoftware.com":[1],"punchsub.com":[1,5],"punchtab.com":[12],"punga.club":[12],"punishedprops.com":[1,3,9],"punishteens.com":[12],"punishtube-members.com":[12],"punishtube.com":[12,1],"punjab.gov.pk":[1,12],"punkcase.com":[9],"punkoiska.com":[12],"punktorrents.com":[1,12],"puntajenacional.cl":[1,12],"punterforum.com":[10],"punterplanet.com":[12],"punters.com.au":[3],"punterslounge.com":[3,3],"punto-informatico.it":[1,12,5],"punto.pe":[1],"puntochat.it":[12,1,3],"puntocomshop.it":[5,9],"puntodeinteres.es":[12,10],"puntomio.com":[1,9],"puntorigenera.com":[12],"puntoscencosud.cl":[12],"puntoticket.com":[1,12,3],"puntotorrent.ch":[1],"punypng.com":[1,10],"puolenkuunpelit.com":[3,9],"pup.edu.ph":[12],"pupamedia.com":[1,3],"puppet.com":[1,5],"puppet.org":[1,12],"puppetlabs.com":[1,5],"puppetnightmares.com":[12,3,3],"puppyfind.com":[1,9],"puppyfinder.com":[12],"pupugame.com":[1,12,3],"pur-life.de":[1,12,4],"pur-life.net":[1,12,4],"pur.com":[1],"puravidabracelets.com":[1,9],"purch.com":[1],"purchase.edu":[12],"purchasedge.com":[1,9],"purchasingconnection.ca":[1,12],"purchasingpower.com":[1],"purchmarketplace.com":[1,9],"purdue.edu":[12],"purduecal.edu":[12],"purduefed.com":[1,2,12],"purdys.com":[1,9],"purdysgpp.com":[1],"pure-ani.me":[3],"pure-anime.biz":[3],"pure-energie.nl":[1],"pure-gaming.fr":[9],"pure-gear.com":[5,9],"pure-jobs.com":[1],"pure-net.com":[1],"pure-sro.com":[12,3],"pure.com":[1,9],"pure360.com":[1],"purebarre.com":[1,12],"purebasic.com":[5],"purebike.fr":[9],"purebulk.com":[1,9],"purebuttons.com":[1,9],"purecard.co.uk":[1,12],"purecard.com":[1,12],"purecbdvapors.com":[12,9],"purecharity.com":[1,12],"purechat.com":[1],"pureclinica.com":[1,4,9],"purecollection.com":[9]}