{"inter-hotel.com":[1,11],"inter-invest.fr":[1,2,12],"inter-state.com":[12],"inter-touch.net":[12],"inter.com.ve":[1,12,5],"inter.de":[1,2],"inter.edu":[12],"inter.it":[1,3,3],"inter.net":[12],"inter.net.il":[12],"inter7.jp":[12],"interachat.com":[1],"interacnetwork.com":[1,12],"interactgo.com":[12],"interactievetv.nl":[12,3],"interaction-design.org":[1,12],"interaction-interim.com":[1,12],"interactionsmarketing.com":[1],"interactive-cartoon-traffic-school.com":[1,12],"interactive-option.com":[1,2,12],"interactivebrokers.com":[2],"interactivebrokers.com.au":[1,2],"interactivebrokers.com.hk":[1,2],"interactivecasebook.com":[1,12],"interactivehailmaps.com":[1],"interactivehealthcaretraining.co.uk":[1,12,4],"interactivehealthpartner.com":[1,12],"interactivehs.com":[12],"interactivelearningdiary.co.uk":[1,12],"interactiveoption.com":[1,2,12],"interactivepython.org":[1,12,5],"interactivmanager.net":[12],"interactivtrading.com":[1,2,12],"interactyx.com":[1,12],"interamerican.gr":[1],"interamt.de":[1,12],"interapptive.com":[1,9],"interaquaristik.de":[1,9],"interbank.nl":[1,2],"interbanking.com.ar":[1],"intercall.com":[1],"intercallonline.com":[1,5],"intercambiosos.org":[1,12,5],"intercambiosvirtuales.org":[12,3,5],"intercars.eu":[1,12],"intercasino.co.uk":[3,3],"intercasino.com":[3,3],"intercepteft.com":[1],"intercity.co.nz":[1,11],"intercity.pl":[1],"intercom.com":[1],"intercom.io":[1],"intercontinental.com":[1,11],"interdin.com.ec":[1],"interdiscount.ch":[9],"interditaupublic.com":[1,7],"interdns.co.uk":[12],"interdominios.com":[1,5],"interdubs.com":[1],"interempresas.net":[1],"interencheres-live.com":[1,9],"interencheres.com":[1,9],"interencheres.fr":[1,9],"interessentenportal.de":[12],"interest.me":[1,12],"interestfree.com.au":[1],"interestuff.com":[7],"interexchange.org":[1,12],"interfacelift.com":[1,3],"interfacexpress.com":[1],"interfax.net":[1],"interflora.co.uk":[1,9],"interflora.co.za":[1,9],"interflora.com.au":[1,9],"interflora.dk":[12,1,9],"interflora.es":[1,9],"interflora.fr":[1,9],"interflora.ie":[1,9],"interflora.it":[1,10,7],"interflora.no":[1,9],"interflora.se":[1,9],"interfolio.com":[1,12],"interfood.hu":[1],"interfree.it":[12],"interfriendship.com":[1,12],"interfriendship.de":[1,12],"intergraph.com":[1,5],"intergros.com":[1,12],"interhome.com":[1,9,11],"interia.pl":[1,12,7],"interiale.fr":[1,12],"interieur.gov.dz":[1,12],"interim-nation.fr":[1,12],"interima.ch":[1,6],"interimairessante.fr":[1,2],"interiman.ch":[1,12,6],"interimhealthcare.com":[1,12,4],"interimpartners.com":[1],"interio.ch":[9]}