{"proprofs.com":[1,12],"propstoreauction.com":[1,9],"propy.com":[1],"proquest.com":[1,12],"proquestk12.com":[1,12],"proranktracker.com":[1,5],"prorealcode.com":[1,12,5],"prorealtime.com":[1,2],"proreferral.com":[1],"prorisk.fr":[9],"prorl.com":[1,3,3],"prosa.dk":[1,12],"prosap-hotel.nl":[12],"prosbill.com":[1,5,9],"proschools.com":[1],"prosci.com":[1],"proseeder.com":[1],"proseek.co.jp":[1,6],"prosegur.com":[1],"proservia.fr":[1,12],"proservice.com":[1],"proshkolu.ru":[1,12],"proshop.de":[9],"proshop.dk":[5,9],"proshop.no":[9],"proshop.se":[9],"proshowvn.net":[5,10],"prosieben.de":[3],"prosiebengames.de":[12,3,3],"prosite.com":[1,5],"prosite.de":[1,5],"prositehosting.co.uk":[12],"prosites.com":[1],"prosjekthotell.com":[12],"proskater.ru":[9],"prosodie.com":[1],"prosofteng.com":[1,5],"prosoinc.com":[1,12],"prosolutionstraining.com":[1,12],"proson.gr":[1,6],"prosoundeffects.com":[1,12],"prosource.net":[9],"prosourcewholesale.com":[1,9],"prospect-us.co.uk":[1],"prospect.io":[1,5],"prospect.org":[1,12,7],"prospect.org.uk":[1,12],"prospecthallcasino.com":[3,3],"prospectmagazine.co.uk":[1,12,3],"prospectmtg.com":[1,2],"prospectnow.com":[1,8],"prospectportal.com":[1],"prospectrocket.com":[12],"prospects.ac.uk":[1,12,6],"prospectsplus.com":[1],"prosper.com":[1,2],"prospera.ca":[1,12],"prospercraft.com":[1,12,3],"prosperent.com":[1],"prosperity.ga":[1,12],"prosperitybanktx.com":[1,12],"prosperitybankusa.com":[1,12],"prosperitycentral.com":[1],"prosperitylms.com":[12],"prosperitylms3.com":[12],"prosperitylms4.com":[12],"prosperitylms6.com":[12],"prosperitymarketingsystem.com":[1],"prosperityteam.com":[12],"prospero.com":[1],"prospero.ru":[1],"prosperworks.com":[1],"prospin.com.br":[9,3],"prospringlaunch.com":[1],"prossl.de":[12],"prostaff.com":[1,6],"prostokvashino.by":[1,12,9],"prostokvashino.ru":[1,9],"prostopleer.com":[12,3],"prostor.ua":[1,12,9],"prostore.ro":[5,9],"prostores.com":[12],"prostudent.fr":[1,12,6],"prostudiomasters.com":[1,3],"prostylertheme.com":[1],"proswimwear.co.uk":[1,9],"prosynergie.fr":[9],"prosystemfx.com":[1,12],"prot-on.com":[1,5],"protagonist.nl":[1,5],"protalus.com":[1,9],"protask.site":[1],"proteacher.net":[12],"proteccion.com":[1,2,12],"protecdirect.co.uk":[9],"protecmail.com":[1,5],"protect-my-links.com":[12],"protectabed.com":[9],"protectamerica.com":[1]}