{"rci.com":[1],"rcibank.co.uk":[1,2],"rcibanque.com":[1,12],"rcibanqueweb.com":[12],"rcicruiser.com":[1,11],"rcifinancialservices.co.uk":[1,12],"rcitravel.com":[1],"rclctrac.com":[1,6],"rclineforum.de":[12,3],"rclreads.org":[1,12],"rcm1.com":[1],"rcmart.com":[2,9],"rcmaster.net":[9],"rcmoment.com":[9],"rcmusic.ca":[12],"rcmusic.com":[12],"rcn.com":[1],"rcn.org.uk":[1,12],"rcni.com":[1,12],"rcoa.ac.uk":[1,12],"rcog.org.uk":[1,12],"rcom.co.in":[1,12],"rcon.io":[1,5],"rconfig.com":[1,5],"rconnet.de":[12,3,5],"rcpch.ac.uk":[1,12],"rcplanet.com":[9],"rcplondon.ac.uk":[1,12],"rcpowers.com":[12],"rcpparking.com":[1],"rcpsych.ac.uk":[12],"rcpsych.org":[12],"rcr.ac.uk":[1,12],"rcrdlbl.com":[12],"rcs-rds.ro":[1,5],"rcs.co.za":[1,2],"rcs.de":[1],"rcs.it":[1,12],"rcscalebuilder.com":[1,12],"rcsed.ac.uk":[1,12],"rcseng.ac.uk":[1,12],"rcshow.tv":[1,12,3],"rcsi.ie":[12],"rcsl.lu":[12],"rcss-k12.org":[12],"rcstrasbourgalsace.fr":[1,12,3],"rcteam.fr":[9,12],"rctech.net":[1,3,9],"rctimer.com":[9],"rcu.org":[12],"rcuk.ac.uk":[1,12],"rcuniverse.com":[1,3,9],"rcuonline.org":[12],"rcvs-pdr.org.uk":[12],"rcvs.org.uk":[1,12],"rcwilley.com":[9],"rczbikeshop.com":[9],"rczbikeshop.fr":[9],"rd.com":[1,12],"rdatoolkit.org":[1,12],"rdcselect.com":[12],"rdesk.com":[1],"rdforum.org":[1,12],"rdg.ac.uk":[12],"rdi.co.uk":[1,12],"rdio.com":[3],"rdmplus.com":[5],"rdos.net":[12,5],"rdpdeals.com":[1,12],"rdpmain.com":[12],"rds.ca":[3],"rds.it":[12],"rdslink.ro":[12],"rdstation.com.br":[1],"rdv-libertins.fr":[12,3],"rdv-med.fr":[12],"rdv-online.fr":[1],"rdv-pas-serieux.com":[12,1],"rdv360.com":[1,12],"rdvdomtom.com":[12],"rdvemploipublic.fr":[1,12],"rdvmedicaux.com":[1,12,4],"rdvpatient.fr":[12],"rdvtorride.com":[10],"rdw.ru":[1,12,6],"rdxco.in":[12],"re-hospitality.co.uk":[6],"re-store.ru":[1,9],"re-trac.com":[1,12],"re.it":[12],"re.kr":[12],"re.vu":[12],"rea.com":[12],"reaal.nl":[1,2],"reach150.com":[1],"reachboarding.com.au":[1,12],"reachcc.com":[1,12],"reachcreative.com":[1,12],"reachhero.de":[1]}