{"lala.com":[12],"lalafo.rs":[9],"lalaker1.org":[1,12],"lalalab.com":[1,9],"lalaloot.com":[1],"lalandemoreau.com":[12,1,9],"lalaport.jp":[1],"lalaworld.io":[1],"laleagane.ro":[10],"lalettrea.fr":[1,12],"lalettredelabourse.fr":[1,2,12],"laley.es":[12],"laliberte.ch":[1,12,3],"lalibrairie.com":[12,9],"lalibrairiedesecoles.com":[1,12],"lalibre.be":[12,3,7],"laliga.es":[12,3,3],"laligafantasymarca.com":[1,3],"laligue.be":[1,12],"lalpathlabs.com":[1,12],"lalsace.fr":[1,3,7],"lalulalu.com":[1,12,10],"lamabpo.lt":[12],"lamadeleine.com":[1,3],"lamaisondevalerie.fr":[1,9],"lamaisonduchocolat.fr":[1],"lamaisonduchocolat.us":[1,9],"lamaisondujersey.fr":[1,12],"lamaisonduteeshirt.com":[9],"lamaloli.com":[9],"lamansion-crg.net":[1,12],"lamapoll.de":[1],"lamar.com":[1],"lamar.edu":[12],"lambda-tek.com":[1,5,9],"lambda-tek.fr":[1,9],"lambertshealthcare.co.uk":[1,9],"lambertvetsupply.com":[9],"lambertz-shop.de":[1,9],"lambeth.gov.uk":[1,12],"lambi.com":[12],"lambirewards.com":[12],"lambtoncollege.ca":[12],"lamchame.com":[1,12,3],"lamedicaid.com":[1],"lamedicale.fr":[1,12],"lametayel.co.il":[11],"lametric.com":[1,12],"lametro.fr":[1,12],"lamiabiblioteca.com":[1,5],"lamiapendrive.it":[1,5,9],"lamiarichiesta.it":[12],"lamiastampante.it":[1,9],"lamin-x.com":[1,9],"lamky.net":[12,3],"lammle.com":[1],"lamnia.com":[9],"lamoda.by":[9],"lamoda.kz":[9],"lamoda.ru":[9],"lamoda.ua":[9],"lamodenlarge.com":[9],"lamodeuse.com":[9],"lamoneta.it":[1,12],"lamontagne.fr":[1,12,7],"lamontbooks.com":[1],"lamota.org":[9],"lampadadiretta.it":[1,9],"lampdirect.be":[1,9],"lampdirect.nl":[1,9],"lampeberger.fr":[1,9],"lampenlicht.nl":[1,9],"lampenwelt.de":[1,9],"lampesdirect.fr":[1,9],"lampevideoprojecteur.fr":[1,9],"lampiris.be":[1,9],"lampiris.fr":[1,9],"lampiweb.com":[12],"lampschools.org":[1,12,5],"lampshoponline.com":[1,9],"lampsplus.com":[9],"lampsplusopenbox.com":[9],"lamresearch.com":[1,12],"lamudi.com.ph":[1,8],"lamusardine.com":[12,3,9],"lamuscle.com":[1,12,9],"lamutuellegenerale.fr":[1,2,12],"lamy.fr":[1],"lamyline.fr":[12],"lan-shop.cz":[1,9],"lan.com":[12],"lan1.de":[1],"lan4play.de":[12],"lanacion.com.ar":[1,12,7],"lanadas.com":[1,3,3],"lanb.com":[1,2],"lanbook.com":[1,12],"lanbosarmory.com":[9,12],"lancashire.gov.uk":[1,12]}