{"temporis-franchise.fr":[1],"tempositions.com":[1],"tempostorm.com":[1],"temps3.co.uk":[1,12],"temps3.com":[1,12],"tempsl.fr":[9],"tempstaff.co.jp":[1,12],"temptalia.com":[3,9],"temptationgifts.com":[9],"temptu.com":[1,9],"tempur.com":[1,12,9],"tempurpedic.com":[1,9],"tempworks.com":[1],"tempworks.io":[1,5],"ten-x.com":[1,8],"ten.com":[12],"ten.com.au":[3],"tena.ca":[1,9],"tena.us":[1,9],"tenable.com":[1,5],"tenancydepositscheme.com":[1,12],"tenancytracker.co.nz":[1],"tenant-letting-check.com":[1,12],"tenantbackgroundsearch.com":[1],"tenantcloud.com":[1],"tenanthandbooks.com":[1],"tenantnetworks.com":[1,11],"tenantreports.com":[1],"tenantverification.com":[1],"tencent.com":[12],"tendacn.com":[1,5],"tendance-parfums.com":[9],"tendancechaussures.com":[9],"tendancefashion.fr":[9],"tendances-emma.fr":[1,9],"tendawifi.com":[12],"tender.singles":[12],"tenderapp.com":[1,5],"tenderfilet.com":[1,3],"tendergreens.com":[1],"tenderlink.com":[1],"tenderned.nl":[1,12],"tenders.gov.au":[1,12],"tenders.net":[1,12],"tendersdirect.co.uk":[1],"tendersearch.com.au":[1,12],"tendersonline.com.au":[1,12],"tendollarbux.com":[1],"tendollarclick.com":[1],"tendr.com":[1],"tendriade.fr":[1,3],"tendsign.com":[1],"tendsign.no":[1,12],"tenenz.com":[1,9],"tenet.ua":[1,5],"tenethealth.com":[1],"tenfold.com":[1],"tenfoldfinance.com":[1,2],"tenforums.com":[10],"tengointernet.com":[1],"tenk.fr":[1,12,3],"tenkateshop.com":[9],"tenki.jp":[12,7],"tenlua.vn":[1,12,5],"tenmarks.com":[12],"tenminutewill.co.uk":[1],"tennantco.com":[1],"tennessean.com":[1,7],"tennessee.edu":[1,12],"tennesseesquires.com":[1,12],"tennis-classim.net":[3],"tennis-point.ch":[1,9,3],"tennis-point.de":[1,9,3],"tennis-point.fr":[1,9,3],"tennis-point.it":[9,3],"tennis-point.nl":[1,9,3],"tennis-warehouse.com":[9],"tennis.com.au":[1,12,3],"tennis.de":[3],"tennis04.com":[1],"tennisachat.com":[9],"tennisbookings.com":[1,12],"tennischanneleverywhere.com":[1,3],"tenniscores.com":[12],"tennisdirect.nl":[9],"tennisduel.com":[1,3],"tennisexpress.com":[9],"tennislibre.com":[1,3],"tennismania.com":[1,5],"tennisone.com":[1,12],"tennispoint.com":[1,3],"tennispro.fr":[12,9],"tennisrecruiting.net":[3],"tennisround.com":[3],"tennistemple.com":[3],"tennistown.de":[9],"tennistv.com":[3],"tennisvlaanderen.be":[1,3],"tenniswarehouse-europe.com":[9]}