{"golf.co.nz":[1,3],"golf.com":[1,3,3],"golf.de":[1,12,3],"golf.dk":[12],"golf.is":[1,3,3],"golf.nl":[1,3],"golf.se":[1,12,3],"golf18network.com":[1,12],"golf24.de":[1,9],"golf6forum.fr":[3,9,3],"golfadvisor.com":[1,3],"golfballs.com":[9,3],"golfbase.co.uk":[9],"golfbidder.co.uk":[1,9,3],"golfbidder.com":[1,9,3],"golfbox.com.au":[9],"golfbox.dk":[12],"golfbox.no":[1],"golfbreaks.com":[1],"golfbuddyglobal.com":[1],"golfcanada.ca":[1,3],"golfchannel.com":[1,3],"golfclearanceoutlet.com.au":[9],"golfdesmarques.com":[1,9,3],"golfdigest.co.jp":[1,9,3],"golfdigest.com":[1,3],"golfdiscount.com":[9],"golfetail.com":[9],"golffacility.com":[12],"golffusion.com":[1],"golfgalaxy.com":[9],"golfgamebook.com":[1,3],"golfgenius.com":[1,3],"golfhandicapnetwork.com":[1,3],"golfhouse.de":[1,9],"golfinfinity.net":[1,3,3],"golfino.com":[9],"golfiv.fr":[1,12],"golfleader.fr":[1,9,3],"golfleaguenetwork.com":[1,3],"golflink.com":[1,3],"golflink.com.au":[1,3],"golflocker.com":[9],"golflogix.com":[1,12],"golfmates.com":[1,3],"golfmk6.com":[12],"golfmk7.com":[1,10,9],"golfmkv.com":[12],"golfmoose.com":[1,9,3],"golfnet.com":[1],"golfnet.ie":[1,12],"golfnetwork.co.jp":[1,12,3],"golfnow.com":[1,9],"golfodyssey.com":[1],"golfonline.co.uk":[9],"golfpadgps.com":[1],"golfpiste.com":[1,12,3],"golfplus.fr":[1,9],"golfpost.de":[1,3],"golfrange.de":[1],"golfshake.com":[1,3],"golfshot.com":[3],"golfshotgps.com":[1],"golfsmith.com":[9],"golfsoftware.net":[1],"golfspain.com":[1],"golfsuisse.ch":[1,3],"golfsupport.com":[9,3],"golfswitch.com":[1],"golftec.com":[1,12],"golftechnic.com":[1,12,3],"golftimer.de":[12],"golftown.com":[9],"golfworks.com":[1,9],"golfwrx.com":[1,9,3],"golfy.fr":[1],"golfzing.com":[1],"golfzon.com":[1,3,3],"golix.com":[2],"golix.io":[2],"gollihurmusic.com":[1,12,9],"golmn.com":[1],"golocal.de":[1,3],"golocal247.com":[1],"golookup.com":[1,12],"golos.io":[1,12,3],"golotto.de":[1,3],"golpi.com":[12],"golsn.com":[1,9],"goltelevision.com":[3],"gomammoth.co.uk":[1,12],"gomastercard.com.au":[1,2],"gome.com.cn":[1,9],"gomeals.com":[1,12,4],"gomedia.us":[1],"gomediaz.com":[1],"gomedico.com":[1,2],"gomel-sat.net":[12,3,5],"gomerch.com":[1,3,9]}