{"mywifiservice.com":[1,5],"mywikango.com":[1],"mywildtree.com":[1,9],"mywin24.com":[3,3],"mywindowshosting.com":[1,5],"mywindsock.com":[1,12,7],"mywinn-dixie.com":[1],"mywinterhaven.com":[1,12],"mywinthrophealth.org":[1,12],"mywisenet.com.au":[1],"mywishlist.ru":[9],"mywoodmen.org":[1,2],"mywordsearch.com":[1,12,5],"mywork.com.vn":[1],"myworkandme.com":[12],"myworkboard.com":[12],"myworkday.com":[1],"myworkdayjobs.com":[12],"myworkforce.me":[1],"myworkliferewards.com":[1,9],"myworkman.co.uk":[1],"myworksearch.com.au":[1,12],"myworldchallenge.com":[1],"myworldofwork.co.uk":[1,12],"mywot.com":[1,5],"mywsb.com":[12],"mywsba.org":[1,12],"mywvuchart.com":[1,12,5],"myxboxsaves.com":[12,3],"myxer.com":[1,9],"myxfinity.com":[1,3,7],"myxph.com":[3],"myxt.net":[12],"myxxxpass.com":[12],"myxyngular.com":[1],"myxz.org":[12,10],"myyahoo.com":[7],"myyankeeslegacy-yankees.com":[1,3],"myyearbook.com":[1,12],"myyogaonline.com":[12,4],"myyogaworks.com":[1,12],"myypo.org":[1],"myzap.com":[1],"myzen.co.uk":[12],"myzeo.com":[12],"myzija.com":[12],"myzmanim.com":[1,12],"myzone.at":[1],"myzone.org":[1,12],"myzonemoves.com":[1],"myzuka.fm":[12,3],"myzurich.co.uk":[1],"myzyxel.com":[12],"mz-web.de":[1,12,3],"mzed.com":[12],"mzinga.com":[1,12],"mzk.cz":[1,12],"mzwallace.com":[9],"n-able.com":[1],"n-e-r-v-o-u-s.com":[1,12],"n-ergie.de":[1,12],"n-o-v-a.com":[1,12,4],"n-pri.jp":[1,12,9],"n-py.com":[1,9],"n-somerset.gov.uk":[1,12],"n-wm.co":[1,5],"n.nu":[1,5],"n.pl":[1,3],"n11.com":[9],"n1wireless.com":[9],"n200.com":[12],"n26.com":[1,12,11],"n2acards.com":[1],"n2ping.com":[10,3,11],"n2printcentre.com":[12],"n2s.es":[1,5],"n2y.com":[1,12],"n2yo.com":[12],"n3vgames.com":[1,12,5],"n49.com":[12],"n4g.com":[3,3,7],"n54tech.com":[10],"n9ws.com":[1,12,5],"na-kd.com":[9],"na.org":[1,12],"na.se":[1,3,7],"naa.gov.au":[1,12],"naacontracting.com":[12],"naacp.org":[1,12],"naahq.org":[1,12],"naaip.org":[1],"naaleads.com":[1,12],"naaptol.com":[9],"naauniversity.com":[1,12],"nab.ch":[1,2],"nab.com.au":[12],"nabaroo.com":[1],"nabbesh.com":[1,5],"nabble.com":[1,12,5]}