{"harmonie-mutuelle.fr":[1,2,12],"harmonixmusic.com":[1,12,3],"harmonsgrocery.com":[1],"harmontown.com":[1],"harmony-central.com":[1],"harmony-hosting.com":[1,5],"harmony-remote-forum.de":[12,5],"harmony.com":[12],"harmonycentral.com":[1],"harmonyremote.com":[5,9],"harmonyservicecenter.nl":[1],"harney.com":[3,9],"haroid.com":[1,3],"haroldsphoto.com":[1,9],"harper-adams.ac.uk":[1,12],"harpercollege.edu":[12],"harpercollins.com":[1,12,3],"harpers.org":[1,12,7],"harpoonbrewery.com":[1],"harpsfood.com":[1,3,9],"harrahs.com":[11],"harrahscasino.com":[3],"harri.com":[1],"harrietcarter.com":[1,9],"harrietcarteradvantage.com":[1],"harrietsugarcookie.com":[12,3],"harringtonbrooks.co.uk":[1],"harris-lejeu.fr":[1],"harris-net.org.uk":[1,5],"harris.com":[1,12],"harrisbank.com":[1,2],"harrisburgu.edu":[12],"harriscenter.net":[1,12,3],"harriscomputer.com":[1],"harriscountytx.gov":[1,12],"harrisfarm.com.au":[1,3],"harrisgeospatial.com":[12],"harrishealth.org":[1,12,4],"harrisinteractive.com":[1,12],"harrisinteractive.eu":[1],"harrison.edu":[12],"harrisoncameras.co.uk":[9],"harrisonsdirect.co.uk":[1,9],"harrispollonline.com":[12],"harrisrewards.com":[1],"harrisscarfe.com.au":[9],"harrisschool.solutions":[12],"harrisseeds.com":[1,3,9],"harristeeter.com":[12],"harristeeter.net":[1],"harristheaterchicago.org":[1,12,3],"harrodhorticultural.com":[1,9],"harrods.com":[9],"harrogate.gov.uk":[1,12],"harryanddavid.com":[12,3,9],"harryfox.com":[1,3,3],"harrypotterfanfiction.com":[1,12,3],"harrypottershop.com":[9],"harryrosen.com":[9],"harrys.com":[1,9],"hartdistrict.org":[12],"hartehanks.com":[1],"hartenergy.com":[1,12],"hartford.com":[12],"hartford.edu":[12],"hartfordfloodonline.com":[1],"hartfordfunds.com":[2],"hartfordinvestor.com":[1,2],"hartfordlife.com":[1,2],"hartfordschools.org":[12],"hartico.com":[1],"hartlauer.at":[1,9],"hartlinkonline.co.uk":[1],"hartlooper.nl":[1,12,3],"hartslagnusystem.nl":[1],"hartsport.com.au":[9,3],"hartvilletool.com":[9],"hartz.info":[12],"harvard.edu":[1,12],"harvardapparatus.com":[1,12,9],"harvardbenefits.com":[1],"harvardbusinessmanager.de":[1,12],"harvardgenerator.com":[1,12,5],"harvardpilgrim.org":[12],"harvekeracademy.com":[12],"harver.com":[1,12],"harvest.fr":[1],"harvest.org":[1,12,3],"harvestapp.com":[1],"harvestbox.com.au":[12],"harvester.co.uk":[1,3],"harvesthosts.com":[1],"harvestright.com":[1,3],"harveybp.com":[1],"harveynichols.com":[9],"harveynorman.co.nz":[9],"harveynorman.com.au":[1,9],"harwin.com":[1,12],"harzflirt.de":[10]}