{"caminspector.net":[12],"caminyourcity.com":[12],"camio.com":[1,5],"camis.com":[1,12],"camisetasimportadas.com":[9],"camiseteria.com":[1,9],"camlad.com":[12],"camlounge.com":[12,3,3],"cammedia.com":[1],"cammeetuphd.com":[12],"cammodeldirectory.com":[12],"cammodels.com":[12,3],"cammster.com":[1],"cammy.com":[1],"camnebula.com":[5],"camofire.com":[1,9],"camonster.com":[12],"camosun.bc.ca":[12],"camosun.ca":[12],"camp-fire.jp":[1,12,3],"camp-firefox.de":[1,5],"camp7.org":[1],"campact.de":[1,12,7],"campadre.se":[9],"campaign.net.au":[12],"campaignasia.com":[1,12],"campaigncommander.com":[1],"campaigner.com":[1],"campaignlive.co.uk":[1],"campaignmonitor.com":[1],"campanda.de":[1,11],"campania.it":[12],"campanile.com":[11],"campaustralia.com.au":[1,12],"campayn.com":[1],"campbell.edu":[12],"campbells.com":[1,3],"campbells.com.au":[3],"campbellskitchen.com":[3],"campbellsmeat.com":[1,3,9],"campbellsville.edu":[12],"campbrain.com":[1],"campbrainregistration.com":[1],"campbrainstaff.com":[1],"campbx.com":[1,2],"campchef.com":[1,3,9],"campdavid-soccx.de":[9],"campdavid.de":[9],"campdoc.com":[1,12],"campen.de":[1,12,9],"campendium.com":[1],"campeole.com":[1,12,3],"camper.com":[1,9],"camperbug.co.uk":[1],"camperforum.nl":[1,12],"camperlife.it":[1,12],"camperonline.it":[1,3,9],"camperregsecure.com":[12,10],"campfax.com":[12],"campfirenow.com":[1],"campgladiator.com":[1,12],"campina.nl":[1,3,9],"camping-and-co.com":[1,9],"camping-car-park.com":[1],"camping-car-plus.com":[9],"camping-car.org":[12],"camping.info":[12],"campingandcaravanningclub.co.uk":[1],"campingcar-infos.com":[1,12,9],"campingcaraide.fr":[1,12,10],"campingcarpark.com":[1],"campingcheque.fr":[1,9],"campingnumero1.fr":[1,11],"campingplus.de":[9],"campingshopwagner.de":[1,9],"campingsurvival.com":[9],"campingworld.co.uk":[9],"campingworld.com":[1,9],"campintouch.com":[1,12],"campion.com.au":[1,12],"campioniomaggio.it":[1,3],"camplace.com":[12],"campleaders.com":[1,12],"campleasures.com":[12,3],"camplonghorn.com":[1,12],"campmanagement.com":[12],"campminder.com":[1],"campmor.com":[9],"campnanowrimo.org":[1,12],"campnetwork.com":[1],"campozark.com":[1,12],"campsaver.com":[9],"campstead.com":[1,12,11],"campsystems.com":[1,12],"camptocamp.org":[1,12],"camptrak.com":[1],"campus-cd.net":[12],"campus-compass.eu":[1,12],"campus-electronique.fr":[12]}