{"gesb.com.au":[1,2,12],"gesccodirect.fr":[12],"geschenkidee.at":[1,9],"geschenkidee.ch":[9],"geschenkidee.de":[1,9],"geschickt-gereinigt.de":[1,9],"gesext.de":[12,1],"gesis.org":[1,12],"geskusprint.com":[1,9],"gesoten.com":[1,5],"gesswein.com":[9],"gestaodeconcursos.com.br":[1,12],"gestasso.com":[1,5],"gesthand.net":[12],"gestion-assurances.com":[12],"gestion-des-acces.fr":[12],"gestion-epargne-salariale.fr":[12],"gestion-er.fr":[12],"gestion-sante.com":[1,12],"gestionandote.com":[1],"gestionbbox.lan":[12],"gestiondecuenta.com":[1],"gestiondecuenta.eu":[1,5],"gestionefamiliare.it":[1],"gestionsante.fr":[12],"gestmax.fr":[1,5],"gestore.com":[12],"gestsup.fr":[1],"gesture.com":[1],"gesundheitsportal-privat.de":[12,4],"gesundshop24.de":[1,9],"get-console.com":[1,5],"get-express-vpn.com":[1,5,12],"get-formation.fr":[1,12],"get-in-it.de":[1,12],"get-paid.com":[1],"get-quit.com":[12,4],"get-rc.to":[1,12,9],"get-securecheckout.com":[1,12],"get-skins.com":[1],"get-skins.net":[12],"get-styles.ru":[1,3,5],"get.no":[1,3],"get.realtor":[1,5],"get.tech":[1,5],"get10000fans.com":[7,1,12],"getabstract.com":[1,12],"getaccept.com":[1],"getacceptd.com":[1,12],"getacclaim.com":[1,5],"getacopywriter.com":[1],"getadblock.com":[1,5],"getadmiral.com":[1],"getadsimple.com":[12],"getafive.com":[1,12],"getafreelancer.com":[5,6],"getairhelp.com":[1,12],"getallstock.com":[10],"getalma.com":[1,12],"getaltitude.com":[1],"getambassador.com":[1],"getanaffair.com":[10],"getanewsletter.com":[1],"getapp.com":[1,5],"getarbor.io":[1],"getaroom.com":[1,11],"getaroomapp.com":[1],"getartisan.com.au":[1,6],"getaslogan.com":[1],"getasmurf.com":[9],"getaticket.com":[12],"getaticket.nl":[1],"getatomi.com":[1,12],"getawaytoday.com":[1,11],"getbabb.com":[1],"getbabeson.com":[12,1],"getbackupnow.com":[1,5],"getbambu.com":[1],"getbarter.co":[1],"getbase.com":[1],"getbeagle.co":[12],"getbellhops.com":[1],"getbevel.com":[9],"getbills.com":[12],"getbmwparts.com":[9,12],"getbook.men":[12],"getbring.com":[1],"getbucks.com":[1],"getbutcherbox.com":[1,3],"getbux.com":[1,2],"getbybus.com":[1,12],"getbynder.com":[1],"getcairn.com":[1],"getcarina.com":[1,12],"getcashforsurveysmembers.com":[1],"getchipdrop.com":[1],"getchu.com":[3],"getcleanio.com":[1,12,9],"getclicky.com":[1]}