{"americanhotel.com":[1,9],"americanhumanist.org":[1,12],"americanidol.com":[12,3,7],"americanimageawards.com":[1,12],"americanjobs.com":[1,6],"americankeysupply.com":[9,12],"americanlawyer.com":[1,12],"americanmeadows.com":[1,12,9],"americanmedical-id.com":[1,9],"americanmedtech.org":[1,12],"americanmint.com":[9],"americanmobile.com":[1,12,6],"americanmotorcyclist.com":[1],"americanmuscle.com":[1,9,12],"americanmusical.com":[1,9],"americanpayroll.org":[1,12],"americanphysicianlogin.com":[1,12],"americanpreppersnetwork.net":[12,10],"americanprofessional.com":[1,12],"americanqueensteamboatcompany.com":[1,12],"americanquilter.com":[1,12],"americanrepertorytheater.org":[1,12,3],"americansafetycouncil.com":[1,12],"americanschoolofcorr.com":[12],"americanseminar.com":[1,12,4],"americansentinel.edu":[1,12],"americansignaturefurniture.com":[9],"americansingles.com":[10],"americansoda.co.uk":[1,3,9],"americansongwriter.com":[1,12,3],"americanspice.com":[1,3,9],"americanspirit.com":[12,12],"americanstaffing.net":[1,12],"americanstandard-us.com":[1,9],"americanstandardonline.com":[1],"americanstationery.com":[1,9],"americanstrategic.com":[1,2],"americanswan.com":[9],"americantactical.us":[1,9,12],"americantaxi.com":[12],"americanthinker.com":[12,3,7],"americantourister.com":[9],"americantower.com":[1,12],"americantowns.com":[1,12],"americanvan.com":[1,9],"americanvintage-store.com":[9],"americanwebloan.com":[1],"americanwx.com":[1,12],"americaonesports.com":[12],"americas-mailbox.com":[1],"americasarmy.com":[1,12],"americasautoauction.com":[1,12],"americasbest.com":[1,9],"americaschristiancu.com":[1,2],"americascup.com":[1,3],"americashloans.net":[1],"americasjobexchange.com":[1,6],"americasmart.com":[1],"americasprofessor.com":[1,12],"americastestkitchen.com":[1,3],"americastestkitchenfeed.com":[1,3],"americatv.com.pe":[12,3,7],"americavitaminas.com":[1,9],"americavotesvan.com":[12],"americinn.com":[1],"americo.com":[1],"americold.com":[1],"americollectpay.com":[1],"americommerce.com":[1],"americorps.gov":[1,12],"americredit.com":[12],"americu.org":[1,2],"ameriflexbenefits.com":[12],"amerigas.com":[1],"amerihealth.com":[1],"amerihealthnj.com":[1,2],"amerihome.com":[1],"amerika-forum.de":[1,12],"amerikadaniste.com":[1,9],"amerimark.com":[12],"ameriplanopportunity.com":[1,12],"ameriplanusa.com":[1],"ameripride.com":[1],"ameriprise.com":[1,2],"ameripriseadvisors.com":[1,2],"amerisave.com":[1,2],"amerisbank.com":[1,2],"amerisleep.com":[1,9],"amerisourcebergen.com":[12],"amerispeak.org":[1,12],"ameristar.com":[1],"ameritas.com":[1,2],"ameritasgroup.com":[1],"ameritrade.com":[2],"ameritz.co.uk":[1,12],"amerprise.com":[1,2],"amersfoortse.nl":[1],"amersports.com":[12],"amersportsproclub.com":[1,9]}