{"jackpotluck.com":[3],"jackpotwheel.com":[3,3],"jackrabbit.com":[9],"jackrabbitclass.com":[1],"jacksflightclub.co.uk":[1,11],"jackson.com":[1,2],"jacksonandperkins.com":[1,9],"jacksonassociates.com":[1],"jacksonemc.com":[1],"jacksongalaxy.com":[1,9],"jacksonhewitt.com":[1,2],"jacksonhole.com":[12],"jacksons-fencing.co.uk":[1],"jacksonsart.com":[1,9],"jacksonville.com":[1,12,3],"jackspade.com":[9],"jackssmallengines.com":[9,12],"jackstackbbq.com":[1,3],"jackthreads.com":[9],"jackwills.com":[9],"jacob-computer.de":[12],"jacob.de":[12],"jacobinmag.com":[12,7],"jacobs.com":[1],"jacobs.de":[1,3],"jacotei.com.br":[9],"jacplus.com.au":[1,12],"jacquelineriu.fr":[9],"jacquelinewilson.co.uk":[1,12],"jacques-briant.fr":[1,9],"jacques-vabre.com":[1,12],"jacques-vert.co.uk":[9],"jacques.de":[12,9],"jacquieetmichel-contact.com":[1,12],"jacquieetmichel.net":[12],"jacquieetmichelcontact.net":[12],"jacquieetmicheltv.net":[12],"jacquieetmicheltv2.net":[12],"jacquieetmichelvisio.net":[12],"jacquieetmichelvision.com":[12],"jacquielawson.com":[1,9],"jact.com":[1,3],"jacvapour.com":[12,9],"jade-hs.de":[1,12],"jade1.com":[1,12],"jadebloom.com":[1,9],"jadelearning.com":[1,12],"jaderegistration.com":[12],"jadootv.com":[1,3],"jadopado.com":[1,9],"jadrolinija.hr":[1],"jaeger-lecoultre.com":[1,9],"jaeger.co.uk":[9],"jaf.jp":[1],"jafrabiz.com":[1],"jafrum.com":[9],"jafx.com":[1,2],"jag-lovers.org":[1,12],"jagex.com":[1,12],"jaggedfiles.info":[1,5],"jago24.de":[1],"jago24.fr":[1,9],"jagoanhosting.com":[1,5],"jagrullar.se":[1,12],"jaguar-network.com":[1,5],"jaguar.com":[1,12],"jaguarforum.com":[10],"jaguarforums.com":[1,12],"jaguarlandrovercareers.com":[1],"jaguarpc.com":[1,5],"jailatm.com":[1,12],"jailbreakqa.com":[5,10],"jailpackstore.com":[1],"jaime-la-survie.com":[1],"jaimecourir.fr":[1,12],"jaimelirestore.com":[1,12,3],"jais.gov.my":[1,12],"jajah.com":[1],"jakartanotebook.com":[9],"jakdojade.pl":[1],"jakefood.com":[1],"jakmall.com":[9],"jako-o.ch":[9],"jako-o.de":[9],"jako.de":[1,9],"jakprints.com":[1,9],"jakroo.com":[1,9],"jal.co.jp":[1,11],"jal.com":[1,12],"jalabc.com":[1],"jalan.net":[1,11],"jalantikus.com":[12,3,5],"jalbum.net":[1,12],"jalc.edu":[12],"jalcard.co.jp":[1],"jalf.com":[12],"jalopnik.com":[1],"jalopyjournal.com":[7,1,12],"jalousiescout.de":[1,9]}