{"nremt.org":[1,12],"nrf.ac.za":[1,12],"nrf.com":[1,12],"nrgenergy.com":[1],"nrgi.dk":[1,5],"nrhh.org":[1,12],"nrhtx.com":[1,12],"nri.co.jp":[1,12],"nri.de":[1],"nrj-play.fr":[1,3],"nrj.fr":[1,3,3],"nrj12.fr":[1,12,3],"nrjbanquepop.fr":[1,3],"nrjmobile.fr":[1],"nrk.no":[1,12],"nrkn.co.jp":[12],"nrl.com":[1,3],"nrlca.org":[1,12],"nrlfcu.org":[1,2],"nrma.com.au":[1,2],"nrmp.org":[1,12],"nrn.com":[1],"nrnoficial.com.br":[1],"nrs.com":[9],"nrsb2b.com":[1],"nrsc.gov.in":[1,12],"nrsforu.com":[1,2,12],"nrsng.com":[1,12],"nrsservicecenter.com":[12],"nrsworld.com":[9],"nrtgateway.com":[12],"nrtinc.com":[1],"nrw.de":[1,12],"nrz.de":[12],"ns.ca":[12],"ns.nl":[1],"ns.sg":[1,12],"ns1.com":[1,5],"ns4w.org":[10],"nsa.gov":[1,12],"nsacct.org":[1,12],"nsahealth.org.uk":[1,12],"nsandi.com":[1,2],"nsaneforums.com":[12,5,10],"nsaonline.ch":[1],"nsaonline.co.uk":[1],"nsaonline.com":[1],"nsaonline.it":[1],"nsb.no":[1,12,9],"nsbank.com":[1,2],"nsbe.org":[1,12],"nsbvt.com":[1,2],"nsc.edu":[12],"nsc.org":[1,12],"nsca.com":[1,12],"nscaa.com":[1,12,3],"nscc.ca":[12],"nscc.edu":[12],"nscorp.com":[1,12],"nscs.org":[1,12],"nscsportsadmin.org":[12],"nsd.org":[12],"nsd131.org":[12],"nsdl.com":[1],"nsdmc.com":[1],"nsearch.com":[1,12],"nseguros.pt":[1],"nseindia.com":[1,2],"nseitexams.com":[12],"nserc.ca":[12],"nsf.gov":[1,12],"nsf.org":[1],"nsfas.org.za":[1,12],"nsfc.gov.cn":[12],"nsfwmods.com":[12],"nshealth.ca":[1,12,4],"nshss.org":[1],"nsius.com":[1],"nsix.org.uk":[12],"nskes.ru":[1,12],"nslc.org":[1,12],"nslchecking.co.uk":[12],"nsmall.com":[9],"nsn.com":[1,5],"nso.com":[1],"nsone.net":[1,5],"nsp-code.com":[1,12,5],"nsp.org":[1,12],"nspcc.org.uk":[1,12],"nspe.org":[1,12],"nspes.ca":[1],"nspirenetwork.com":[1],"nspower.ca":[1,12],"nssa-nsca.org":[1,12],"nssf.org":[1,12],"nssi.bg":[1,12],"nssi.com":[1,2,12],"nssr.no":[1,12,9],"nsta.org":[12]}