{"tal0ne.co.uk":[1,5],"talabat.com":[1,3],"talahost.com":[12],"talalka.hu":[10],"talasonline.com":[1,12,9],"talbots.com":[9],"talcura.com":[1,5],"taldepot.com":[12,3,9],"talech.com":[1],"taleez.com":[1,5],"talend.com":[1],"talendo.ch":[1,12,6],"talent-soft.com":[12],"talent-sport.co.uk":[12],"talent.io":[1,5,6],"talent2payroll.com":[1],"talentappstore.com":[1],"talentbankpreview.com":[1],"talentdetection.com":[1,5],"talenteca.com":[1,5,6],"talentedk12.com":[1],"talentee.nl":[1,5,6],"talentegg.ca":[1,6],"talentexchange.com":[12],"talentfinder.be":[1],"talenthouse.com":[1],"talentiasw.com":[12],"talentindex.eu":[12],"talentlms.com":[1],"talentmanagementplus.com":[1],"talentmanager.com":[1],"talentnest.com":[1],"talentnow.com":[1],"talentoday.com":[1],"talentoteca.es":[1,12],"talentpool.com":[1,6],"talentqgroup.com":[1,12],"talentquest.com":[1],"talents-handicap.com":[1,12],"talents-in.com":[1],"talentsconnect.com":[1],"talentscotland.com":[1,12],"talentsmart.com":[1,12],"talentspa.co.uk":[1],"talentsprint.com":[1,12],"talentsprout.com":[1,12],"talentum.fi":[12],"talentum.se":[1],"talentup.com":[1,6],"talentwise.com":[1],"talentyab.com":[1,6],"talentzoo.com":[1,6],"taleo.com":[1,5],"taleo.net":[1,5],"talesrunner.com.hk":[12],"taleworlds.com":[1,12,3],"talgov.com":[1,12],"talify.com":[1],"talis.com":[1,12],"talismanonline.com":[1],"talk-home.co.uk":[1,9],"talk-mailer.de":[12],"talkabroad.com":[1,12],"talkactive.net":[1,5],"talkandroid.com":[1,12,7],"talkbass.com":[3,10],"talkcharge.com":[1,9],"talkclassical.com":[10],"talkdeskid.com":[12],"talkford.com":[1,12],"talkfusion.com":[1],"talkgold.com":[10],"talkgraphics.com":[10],"talkhealthpartnership.com":[1,12,4],"talkietimes.com":[1,3],"talkingbass.net":[1,12],"talkingparents.com":[1,12],"talkingpointsmemo.com":[12,7],"talkline.de":[1,5,9],"talklog.net":[1,5],"talkmarkets.com":[1,2],"talkmobile.co.uk":[1,5,9],"talkmore.no":[1,5,9],"talknote.com":[1],"talkofthevillages.com":[1,12],"talkonlinepanel.com":[1,12],"talkphotography.co.uk":[12,3,10],"talkpython.fm":[1,12,5],"talkroute.com":[1],"talkshoe.com":[1],"talksms.com":[11],"talkspace.com":[1],"talkspirit.com":[1],"talksport.co.uk":[3,3],"talksport.com":[3,3],"talktalk.co.uk":[1],"talktalk.net":[1,5],"talktalkbusiness.co.uk":[1],"talktalkmembers.com":[1]}