{"worldtimeserver.com":[1,12],"worldtravelawards.com":[1,12],"worldtravelinc.com":[1],"worldventures.biz":[1,12],"worldventures.com":[1,12],"worldvision.ca":[1,12],"worldvision.com.au":[1,12],"worldvision.in":[1,12],"worldvision.org":[1,12],"worldvision.org.nz":[1,12],"worldvision.org.uk":[1,12],"worldvitalrecords.com":[12],"worldwaronline.com":[12,3],"worldweatheronline.com":[12,7],"worldwide-invest.org":[10],"worldwide-marijuana-seeds.com":[12,12,9],"worldwide-rs.com":[1],"worldwide101.com":[1],"worldwidebrands.com":[1,9],"worldwideerc.org":[1,12],"worldwidegolfshops.com":[9],"worldwidephotowalk.com":[1,12],"worldwidetattoo.com":[3,9],"worldwidetorrents.eu":[3,12],"worldwidewives.com":[12],"worldwildlife.org":[12],"worldwinner.com":[3],"worldwrestlingtorrents.net":[1,12],"worleyparsons.com":[1,12],"worlize.com":[12],"wormminer.com":[2],"worona.org":[1,5],"worshipartistry.com":[1,12],"worshipbackgroundsforfree.com":[12],"worshipbackingband.com":[1,3],"worshiphousekids.com":[1,12,3],"worshiphousemedia.com":[1,12,3],"worshiponline.com":[1,12],"worshipplanning.com":[1],"worshipteam.com":[1],"worshiptogether.com":[1],"worshiptraining.com":[1,12],"worshiptutorials.com":[1,12],"worshipu.com":[1,12],"worstpills.org":[12,4],"wort.lu":[1,12,7],"worten.es":[9],"worten.pt":[9],"worth1000.com":[1],"worthavegroup.com":[1,2],"worthington-portal.org":[12],"worthingtondistribution.com":[1,9],"worthingtonindustries.com":[1],"worthpoint.com":[1,12,9],"worthpublishers.com":[12],"worthy.com":[1,9],"wortmann.de":[1,5,9],"worx.com":[9],"worxtools.com":[9],"wosign.com":[1,5],"wosp.org.pl":[1,12],"wot-news.com":[12,3,3],"wot-planet.com":[1,12,3],"wotanserver.com":[12],"wotif.co.nz":[11],"wotif.com":[11],"wotinfo.hu":[12,3],"wotlabs.net":[1,12],"wotol.com":[1,9],"wotr-mp.com":[12],"wotspeak.ru":[12],"wou.edu":[12],"woufbox.com":[1,12,9],"woundedwarriorproject.org":[1,12],"wovenlabelsuk.com":[1,9],"wow-brasil.com":[1,3],"wow-colombia.com":[12],"wow-cool.ru":[12,3,3],"wow-date.de":[10],"wow-echange.eu":[1,3,10],"wow-europe.com":[1,3,3],"wow-forum.com":[12,3,3],"wow-freakz.com":[1,3,3],"wow-hellground.com":[12],"wow-mania.com":[1,3,3],"wow-one.com":[12],"wow-v.com":[12],"wow.lk":[9],"wowace.com":[1,12],"wowair.com":[12],"wowalliances.com":[12],"wowapp.com":[1,5],"wowaura.com":[1,12,5],"wowbeez.com":[12],"wowcams.com":[12,1],"wowcareers.com.au":[1],"wowchat.net":[12,1,3],"wowcher.co.uk":[1,9],"wowchershop.co.uk":[1,9]}