{"pharmica.co.uk":[1,12,9],"pharmiweb.com":[1,6],"pharmstore.com":[1,9],"phase-6.de":[1,12],"phase-eight.com":[9],"phaseone.com":[1],"phastekperformance.com":[9],"phatperformanceparts.com":[9],"phaxio.com":[1,5],"phcompany.com":[1,12,11],"phcorner.net":[1,5,10],"phd.co.id":[1,3],"phd.hk":[1],"phdelivery.com.my":[1,3,9],"phdelivery.com.sg":[3],"pheaa.org":[1,12],"pheed.com":[1],"pheenix.com":[1,5],"phen375.com":[1,9],"phenixairsoft.com":[9,12],"phenomenex.com":[1,12],"phfa.org":[1],"phhmortgage.com":[1,2],"phhs.org":[1,12],"phica.net":[12],"phidias.co":[1,12],"phienbanmoi.com":[1,5],"phigam.org":[12],"phikappaphi.org":[1,12],"phil-flash.com":[12,3],"phil.us":[1,9],"phila-records.com":[1,12],"phila.gov":[12],"philadelphia.de":[1,3],"philadelphiaeagles.com":[3],"philadelphiazoo.org":[1,12],"philamlife.com":[1,12],"philanthropy.com":[1,12],"philanthropynewsdigest.org":[1,12],"philasd.org":[12],"philatelie.de":[1,12],"philatelie50.com":[1,12,9],"philatelie72.com":[1,9],"philau.edu":[12],"phildar.fr":[9],"philgeps.gov.ph":[1,12],"philhealth.gov.ph":[1,12],"philhendrieshow.com":[1,3],"philibertnet.com":[3,3],"philipbrownemenswear.co.uk":[9],"philippineairlines.com":[1,11],"philippines-addicts.com":[1,12],"philippka.de":[1,12,9],"philips-shop.co.uk":[9],"philips-shop.de":[9],"philips-shop.fr":[9],"philips-shop.it":[9],"philips-shop.se":[9],"philips-store.be":[9],"philips-store.com":[9],"philips.at":[1,12],"philips.be":[1,12],"philips.bg":[1,12],"philips.ca":[1,12],"philips.ch":[1,12],"philips.co.in":[1,12,9],"philips.co.uk":[1,12],"philips.com":[1,12],"philips.com.ar":[1,12,9],"philips.com.au":[1,12],"philips.com.br":[1,12],"philips.com.sg":[1,12],"philips.cz":[1,9],"philips.de":[1,12],"philips.dk":[1,12],"philips.es":[1,12],"philips.fr":[1,12],"philips.hu":[1,9],"philips.it":[1,12],"philips.nl":[1],"philips.no":[1,12],"philips.pl":[1,12,9],"philips.pt":[1,12],"philips.ro":[1],"philips.ru":[1,12,9],"philips.se":[1,12],"philipsonwine.com":[12,9],"philipsstore.nl":[9],"philka.ru":[1,5],"phillipjanderson.com":[1,2,12],"phillipjeffries.com":[1,9],"phillips.com":[1,12],"phillips66gas.com":[1],"phillipspet.com":[1,12,9],"phillipusa.com":[1,2],"philly.com":[1,12,7],"phillycarshare.org":[12],"phillynews.com":[3,7],"philo.com":[3]}