{"clove.co.uk":[1,5,9],"clover.com":[12],"cloverdonations.com":[1],"cloverimaging.com":[1],"cloversites.com":[1,12],"clowdy.com":[1],"clozapinerems.com":[12],"cloze.com":[1],"clozemaster.com":[1,12],"clp.com.hk":[1],"clpgroup.com":[1,12],"clpnet.com":[12],"clraik.com":[10],"cls-design.com":[1,12,5],"clseifert.com":[1,12,9],"club-50plus.ca":[10],"club-50plus.fr":[1,12,3],"club-50plus.it":[1,12,3],"club-animate.jp":[1,12,3],"club-butterfly.fr":[1,3,9],"club-centrakor.com":[1,9],"club-cougars.com":[12,3],"club-des-societaires.fr":[1],"club-freelance.com":[12],"club-hd.com":[12,3],"club-identicar.com":[1],"club-individual.co.uk":[1],"club-inter-entreprises.com":[1,3,9],"club-japon.com":[1],"club-lukoil.ru":[1,12],"club-nanou.com":[10],"club-ntt-west.com":[1],"club-of-wine.de":[12,1,9],"club-off.com":[1],"club-onlyou.com":[1,12],"club-os.com":[1],"club-ottomobile.com":[1],"club-point-de-croix.com":[12],"club-positif.com":[1,12],"club-rational.com":[1],"club-scootergt.com":[1,9],"club-sexyloo.com":[10],"club-t.com":[1,12,11],"club-verychic.com":[1],"club.be":[1,12,3],"club.tw":[12],"club1909.com":[1,3],"club1hotels.com":[1,11],"club41francais.fr":[12,3,3],"club911.net":[1,12,5],"clubalfa.it":[7,12],"clubartistikrezo.com":[1],"clubassistant.com":[1],"clubaudi.ro":[1,12],"clubautomation.com":[1],"clubavantagesdna.fr":[1],"clubavantagespremiumvinciautoroutes.com":[1],"clubbienmincir.com":[1,12,3],"clubbox.co.kr":[3,12],"clubbrugge.be":[1,3],"clubbuzz.co.uk":[1],"clubcard.ca":[1,9],"clubcard.co.nz":[1,9],"clubcardtv.com":[12],"clubcareinsurance.co.uk":[1,2],"clubcarlson.com":[1,12,9],"clubcase.fr":[9],"clubcentrallecheraasturiana.es":[1,9],"clubcigarette.com":[12,9],"clubcooee.com":[1],"clubcorner.ch":[12],"clubcorp.com":[1],"clubcupon.com.ar":[1,9],"clubdam.com":[1,12,3],"clubdediagramas.com":[1],"clubderdampfer.de":[12,9],"clubderprodukttester.de":[1,9],"clubdesavantages.fr":[1],"clubdesk.com":[1],"clubdeslecteurs.org":[1,12,3],"clubeamizade.com":[12,1],"clubeamizade.pt":[12,1],"clubedalu.com.br":[1,9],"clubedeautores.com.br":[1,12,9],"clubedevantagensrenner.com.br":[1,12],"clubedohardware.com.br":[12,5],"clubedomalte.com.br":[12,1],"clubedoricardo.com.br":[9],"clubefashion.com":[9],"clubelegantangel.com":[12,1],"clubenet.com":[11],"clubensayos.com":[1,12],"clubenseignants.fr":[12],"clubeo.com":[1,12],"clubepay.com":[12],"clubeportoseguro.com.br":[1,9],"clubepson.com.au":[1,9],"clubeslimdown.com":[1,12,4],"clubexpress.com":[1]}