{"sprit.org":[1,5],"sprite.com":[1],"spritmonitor.de":[1,9,12],"spritzinc.com":[1,12],"sprookjescraft.nl":[1,3],"sproom.net":[1],"sproutatwork.com":[1],"sproutloud.com":[1],"sproutmarket.com.au":[1,9],"sproutonline.com":[1,3],"sproutpeople.org":[1,3,9],"sproutrobot.com":[12],"sprouts.com":[1,3],"sproutsocial.com":[1],"sproutstudio.com":[1],"sproutvideo.com":[1],"spruebrothers.com":[9],"spruengli.ch":[1,3,9],"spruz.com":[1,5],"sprweb.com.br":[1,12],"spryciarze.pl":[1,12],"sprzedajemy.pl":[1,12,9],"sps-capsule.com":[1,9],"sps-forum.de":[10],"spsante.fr":[1,12],"spscc.edu":[12],"spscommerce.com":[1],"spsend.com":[1],"spservicing.com":[1],"spsezpay.com":[1],"spss.com":[1,5],"spsu.edu":[12],"sptrans.com.br":[1,12],"sptsuniversity.org":[12],"spu.edu":[12],"spud.ca":[1,3,9],"spur.co.za":[1],"spurams.com":[1],"spurscommunity.co.uk":[12,10],"spusu.at":[1,5],"sputnik.com":[1],"sputnikmusic.com":[3,3],"sputniknews.com":[12,7],"spuul.com":[3],"spv.no":[1,2],"spvie.com":[1],"spwsd.org":[1,12],"spy-phone-app.com":[1,5],"spyads.co":[1,5],"spybot.info":[1,5],"spycloud.com":[1],"spyda.co.uk":[12],"spyder.com":[9],"spyderco.com":[9,12],"spyderlovers.com":[3,10],"spydus.co.uk":[12],"spydus.com":[1,12],"spyfly.com":[1,12],"spyfu.com":[1,12,5],"spyfy.io":[1],"spygpstracker.net":[12],"spyhide.com":[1,5],"spyhuman.com":[1,5],"spymuseum.org":[1,12,3],"spyoff.com":[1,5,12],"spyparty.com":[1,12,5],"spyproof.net":[1,5,12],"spyrix.com":[1,5],"spytecgps.com":[1],"spytecgps.io":[1],"spytic.fr":[1,5],"spytomobile.com":[1,5],"spywords.ru":[1,5],"spyzie.com":[1],"sqexeu.com":[12],"sql-ex.ru":[1,12,5],"sql-tutorial.ru":[1,12,5],"sql.ru":[1,12,5],"sqli.com":[1,12],"sqlmaestro.com":[1,12,5],"sqlmag.com":[1,5],"sqlmanager.net":[1,5],"sqlpass.org":[1,12],"sqlsaturday.com":[1,12],"sqlservercentral.com":[1,12,5],"sqlteam.com":[12,5],"sqlzoo.net":[1,12,5],"sqm.ca":[1],"sqore.com":[12],"sqp.fr":[1,5,9],"squ.edu.om":[12,5],"squadhelp.com":[1],"squadlocker.com":[1],"squadops.gg":[12],"squadron.com":[9],"squadup.com":[1],"square-enix-boutique.com":[3,9],"square-enix.com":[12],"square.com":[1]}