{"learningu.org":[1,12],"learningzen.com":[1],"learnitlive.com":[1,12],"learnliberty.org":[1,12],"learnlive.com":[1,12],"learnlogos.com":[9],"learnmyway.com":[1,12],"learnnext.com":[1,12],"learnnode.com":[1,12,5],"learnnowonline.com":[1,5],"learnondemand.net":[12],"learnonline.ie":[1,12],"learnosity.com":[1],"learnourhistory.com":[1,12,3],"learnoutloud.com":[1,12,3],"learnphotoediting.net":[1,12],"learnpointlms.com":[1],"learnprouk.com":[12],"learnredux.com":[1,12,5],"learnscrivenerfast.com":[1,12],"learnshare.com":[12],"learnship.de":[1],"learnship.fr":[1,12],"learnsmartsystems.com":[1,12],"learnsoft.com":[1,12],"learnsomething.com":[1,12],"learnspeed.com":[1,12],"learnsquared.com":[1,12],"learnstreet.com":[12],"learntci.com":[12],"learntheleague.com":[1,12,3],"learntobeabookkeeper.com":[1,12],"learntoday.info":[12],"learntoprogram.tv":[1,12],"learntotrade.co.uk":[1,2],"learntotradethemarket.com":[1,2],"learnup.com":[1,6],"learnupon.com":[1],"learnvest.com":[1,2],"learnvisualstudio.net":[12],"learnvray.com":[1,12],"learnwithhomer.com":[1,12],"learnwitholiver.com":[1,12],"learnybox.com":[1],"learnzillion.com":[1,12],"leasebreak.com":[1,8],"leasebusters.com":[12],"leasedadspace.com":[1,12],"leasehackr.com":[1,12],"leaseplan.be":[1],"leaseplan.co.uk":[1],"leaseplan.com":[1,12],"leaseplan.com.au":[1],"leaseplan.de":[1],"leaseplan.it":[1],"leaseplan.nl":[1],"leaseplanbank.de":[1],"leaseplanbank.nl":[1,2,9],"leaseplandirect.nl":[1],"leaserunner.com":[1],"leasetrader.com":[1,9,12],"leaseville.com":[9],"leasevillenocredit.com":[9],"leaseweb.com":[12],"leaseweb.nl":[1,5],"leashtime.com":[1],"leathercraftlibrary.com":[1,9],"leatherman.com":[1,9],"leatherneck.com":[12,3],"leatherology.com":[9],"leatherup.com":[9],"leatherworker.net":[1,12],"leave.eu":[1],"leaveplanner.com":[1],"leavepro.com":[12],"lebara-mobile.com.au":[1,12,11],"lebara.ch":[11],"lebara.co.uk":[12,11],"lebara.com":[1,12],"lebara.de":[12,9,11],"lebara.dk":[1,11],"lebara.es":[1,12,11],"lebara.fr":[11],"lebara.nl":[12,11],"lebaraonline.com.au":[1,9],"lebegesund.de":[3],"lebensfreude50.de":[10],"lebenslauf.com":[1,12],"lebenslauf2go.de":[1,12,6],"lebensmittel.de":[1,3,9],"lebensmittelzeitung.net":[1,12],"lebigcoup.fr":[12,1],"lebigusa.com":[12],"lebisou.com":[12,1],"lebkuchen-schmidt.com":[1,9],"leblogpatrimoine.com":[1,2,12],"leboard.ru":[1,9],"lebonbail.fr":[1],"leboncasino.com":[3,3,3]}