{"cfsl.net":[1,12,3],"cfstaffing.com":[1,12],"cft.org.uk":[1,12],"cftc.fr":[1,12],"cftpay.com":[1],"cfwb.be":[1,12],"cfwives.com":[12],"cfwv.com":[12],"cfxway.com":[1,12],"cg-source.com":[1,5,9],"cg13.fr":[1,12],"cg38.fr":[12],"cg59.fr":[1,12],"cg60.fr":[1,12],"cg63.fr":[1,12],"cg66.fr":[1,12],"cg86.fr":[1,12],"cg91.fr":[1,5],"cg974.fr":[1,12],"cg976.fr":[1,12],"cga.pt":[1,12],"cgam.fr":[12],"cgaontario.org":[1,12],"cgapicpus.com":[1,12],"cgarchitect.com":[12],"cgarsltd.co.uk":[12,9],"cgaux.org":[1,12],"cgauxa.org":[1,12],"cgb.fr":[1,12],"cgbabyclub.co.uk":[1,12],"cgccomics.com":[1,12,3],"cgcircuit.com":[1,12],"cgconverge.com":[12],"cgcookie.com":[1,12],"cgd.fr":[1,2],"cgd.pt":[1,2],"cgemc.com":[1,12],"cgf.bzh":[1,12],"cgfns.org":[1,12],"cgg.gov.in":[1,12],"cgh-residences.com":[1,11],"cghub.com":[7,12,12],"cgi.com":[1],"cgifederal.com":[12],"cgisports.com":[1,12,3],"cgm-life.de":[1,12,4],"cgm.com":[1,12],"cgma.org":[1,12],"cgmasteracademy.com":[1,12],"cgmeetup.net":[12,3],"cgmfindings.com":[9],"cgmlife.com":[12],"cgmllc.net":[1],"cgn.it":[1,12],"cgos.info":[1,12],"cgpa.fr":[1,2],"cgpbooks.co.uk":[1,12],"cgpeers.com":[1],"cgpeers.to":[1],"cgpersia.com":[12,3,5],"cgproprints.com":[1,9],"cgpublisher.com":[1,12],"cgrcinemas.fr":[1],"cgriver.com":[1,9],"cgrm.fr":[1],"cgsociety.org":[1,12,3],"cgstud.io":[9],"cgt.fr":[1,12],"cgtextures.com":[1,10],"cgtools.com":[1],"cgtrader.com":[1],"cgtsim.qc.ca":[1,12],"cgu.edu":[12],"cgu.gov.br":[1,12],"cgv.co.kr":[1,3],"cgv.id":[1],"cgv.vn":[1,12,3],"cgvblitz.com":[1],"cgwebline.com":[1],"ch.com":[1,11],"ch2.net.au":[1],"ch2m.com":[1,12],"ch2v.com":[1,12],"chabad.org":[12],"chabadone.org":[1],"chabee.pk":[1],"chacha.com":[12,7],"chacos.com":[9],"chacunsoncafe.fr":[1,3],"chadd.org":[1,12,4],"chadis.com":[1,12,4],"chadwicks.com":[9],"chaffey.edu":[12],"chagrinvalleysoapandsalve.com":[1,9],"chaikinanalytics.com":[1,2],"chain.group":[1,2],"chainlove.com":[12],"chainreactioncycles.com":[9],"chains.cc":[1,12]}