{"1and1.com":[1,5],"1and1.es":[1,5],"1and1.eu":[12],"1and1.fr":[1,5,9],"1and1.it":[1,5],"1and1.mx":[1,5],"1and1.pl":[1,5],"1and1.us":[1,5],"1apps.com":[1,5],"1ashop.at":[5,9],"1bestarinet.net":[1,12],"1betvegas.com":[3],"1bitprofit.com":[3],"1blu.de":[1,5],"1brd.com":[1,5],"1broker.com":[2],"1by-day.com":[12,3],"1c-bitrix.ru":[1,12],"1c-interes.ru":[3,3,9],"1c.ru":[1,12],"1cak.com":[1,3],"1cfcu.org":[1,2],"1cfresh.com":[1],"1channel.ch":[3],"1checker.com":[1,12],"1christian.net":[1,12],"1clic1doc.com":[1,12,4],"1coast.net":[1],"1cover.com.au":[1],"1cpublishing.eu":[3,3],"1cupis.ru":[1,12],"1dayfly.com":[1,12],"1dollaradz.com":[1],"1dollarscan.com":[1,12],"1dollartasks.com":[1],"1dtouch.com":[1],"1enrollment.com":[12],"1erforum.de":[1,10,12],"1euro.com":[12],"1eurohosting.nl":[1,5],"1fashionglobal.net":[1,12],"1fbusa.com":[1,2,12],"1ffc.com":[1],"1fichier.com":[1,5],"1form.com":[1],"1form.com.au":[1],"1fr1.net":[12,3,10],"1free-host.com":[1,5],"1freecart.com":[1,9],"1freehosting.com":[1,5],"1gb.ru":[1,5],"1gb.ua":[1,5],"1geek1shirt.com":[9],"1goldmine.com":[1,12],"1golf.com.au":[1],"1govuc.gov.my":[1,12],"1hai.cn":[1],"1ink.cc":[1,5],"1iota.com":[1,3],"1jour1actu.com":[1,12],"1jour1pari.com":[3,3],"1jour1vin.com":[12,1,9],"1jux.net":[1,12,3],"1kapper.nl":[12,3,9],"1katoshi.com":[1,5],"1kdailyprofit.biz":[1],"1kdailyprofit.co":[1],"1kdailyprofit.me":[1],"1kdailyprofit.net":[1],"1kho.com":[1,3,9],"1life.co.uk":[1,12],"1link.co.uk":[12],"1mg.com":[1,12,4],"1mgaccounts.com":[12],"1milionedi.it":[12],"1millioncups.com":[1],"1mlnlks.com":[12],"1mobile.com":[3],"1nadan.si":[1,9],"1nightmovie.org":[12,3],"1obmen.com":[1,2],"1on1wholesale.co.uk":[12,9],"1onlinebusiness.com":[1,2],"1parrainage.com":[1,9],"1password.com":[1],"1path.com":[1],"1pmobile.com":[1],"1point3acres.com":[1,12],"1profitring.com":[12],"1ps.ru":[1,12],"1q.com":[1],"1rebel.co.uk":[1,12],"1sale.com":[9],"1saleaday.com":[9],"1scom.com":[1],"1shoppingcart.com":[1],"1spotmedia.com":[1],"1st-files.com":[12],"1stadvantage.org":[1,2]}