{"freemojilottery.com":[1,3],"freemoneyguaranteed.co":[12],"freemoneysystem.net":[1],"freemusicarchive.org":[3],"freemysql.net":[1],"freemysqlhosting.net":[1,5],"freenas.org":[1,5],"freenet.de":[1,12,3],"freenet.tv":[1,3],"freenetmobile.de":[1,5,9],"freenew.net":[1,5,9],"freenews.fr":[1,12,3],"freenode.net":[12],"freenom.com":[1,5],"freeola.com":[1,5],"freeones.com":[12],"freeonlinegames.com":[3],"freeonlinesurveys.com":[1],"freeonlineusers.com":[1,5],"freeontour.com":[1,12,11],"freep.com":[1,12,7],"freepaper.us":[1,12,5],"freeparking.co.nz":[1,5],"freeparking.co.uk":[1,5],"freepascal.org":[5],"freepatentsonline.com":[1,12,5],"freepay.com":[12],"freepbx.org":[7,1,12],"freepdfconvert.com":[1,12,5],"freepenguin.xyz":[1,3],"freepeople.com":[9],"freepetchipregistry.com":[1,12,9],"freephoneline.ca":[1,12],"freephonetracer.com":[1,5],"freepik.com":[1,10],"freepik.es":[1,10],"freeplaycard.com":[1,3],"freeplaymusic.com":[12],"freepoker.org":[3,3],"freepot.co":[3],"freepps.top":[1,12],"freepracticetests.org":[1,12,5],"freepremium.in":[1,10],"freepresents.de":[1],"freeprints.com":[1,10],"freeprivacypolicy.com":[1],"freeproxy.io":[5,12],"freeracingtips.co.uk":[1],"freerangecamping.com.au":[1,12],"freerangestock.com":[1,10],"freerateupdate.com":[1,2],"freerealms.com":[1],"freerealtime.com":[2],"freerecordshop.nl":[1,9],"freerepublic.com":[1,12,7],"freerice.com":[1,12],"freeridegames.com":[3],"freeriderhd.com":[3,5],"freeripple.com":[12],"freerotator.com":[1,5],"freerub.com":[1],"freerunr.net":[12],"freesafelistking.com":[1],"freesafelistmailer.com":[1],"freesamplefinderusa.com":[1,12,3,9],"freesat.co.uk":[1,3],"freesatdz.com":[1],"freesatoshibit.com":[1,2],"freescale.com":[1,5],"freescor.es":[1],"freescore.com":[1,2,12],"freescore360.com":[1,2],"freescoreclick.com":[1],"freescorefinder.com":[1],"freescoreonline.com":[1,2],"freescoresandmore.com":[1,2],"freescreensharing.com":[1],"freeseemedia.com":[12],"freeservers.pl":[1,5],"freesexmatch.com":[10],"freesfx.co.uk":[1,12],"freeshipping.com":[1,9],"freeshop.it":[9],"freeshoutbox.net":[1],"freesitemapgenerator.com":[1,12,5],"freeslots.com":[3,3],"freeslotsland.eu":[3,3],"freesnapmilfs.com":[12],"freesoft-board.to":[1,5,10],"freesound.org":[1,12,3],"freespicerefills.com":[1,9],"freespinscasino.com":[12],"freespiritdining.com":[1,12],"freesportsbet.com":[3],"freesqldatabase.com":[1,5],"freesteamkeys.com":[3],"freester.com":[1,9],"freestockcharts.com":[12],"freestockmusic.com":[1,12,3]}