{"dadata.ru":[1,5],"dadcrush.com":[12],"daddario.com":[12],"daddi.it":[1,9],"daddiesboardshop.com":[12],"daddycheese.com":[12],"daddydater.com":[12],"daddyhunt.com":[12,1],"daddyleagues.com":[3],"daddysdeals.co.za":[1,9],"daddyswap.com":[12],"dadeschools.net":[1,12],"dadi.cloud":[1,5],"dads-saisie.net":[12],"dadsofdestiny.net":[1],"dadt.com":[12],"daedalusbooks.com":[3,9],"daedalusonline.eu":[12],"daekonline.dk":[9,12],"daelive.com":[1],"daemon-tools.cc":[1,5],"daemyungresort.com":[1,11],"daenischesbettenlager.de":[9],"daf.com":[1],"dafabet.com":[3,3],"dafamediagroup.work":[12],"dafatir.net":[1,12],"dafatiri.com":[12],"dafiti.cl":[9],"dafiti.com.ar":[9],"dafiti.com.br":[9],"dafiti.com.co":[9],"dafitisports.com.br":[9],"daflores.com":[1,12],"dafont.com":[12,3],"daft.ie":[1,8],"daftar.org":[1,12],"daftlogic.com":[1,12],"daftsex.com":[12],"dafy-moto.com":[9],"dagactie.nl":[9],"dagbladet.no":[1,12,9],"dagenzondervlees.be":[1,12],"dagfs.com":[12],"dagnedover.com":[1,12],"dagoma.fr":[1,9],"daheim.de":[9],"daher.com":[1,12],"dahlias.com":[1,9],"dahsing.com":[12],"dahuaddns.com":[1,12],"dai-ichi-life.co.jp":[1],"daidalosnet.de":[1,12],"daiei.co.jp":[1],"daihaitrinh.com":[1,12,3],"daihatsu.co.jp":[1,9,12],"daijob.com":[12],"daikin.eu":[1],"daily-date.at":[10],"daily-date.de":[10],"daily-harvest.com":[1,3],"daily-journal.com":[1,12,7],"daily.co.uk":[1,5],"daily.dating":[10],"dailyaccess.com":[1,2],"dailyaffair.co.uk":[12],"dailyarthub.com":[9],"dailyaudiobible.com":[1,12,12],"dailybitcoins.org":[1],"dailybitsof.com":[1,12],"dailybooth.com":[12],"dailybreak.com":[12],"dailyburn.com":[1,12],"dailycaller.com":[12,7],"dailycamera.com":[7],"dailycandy.com":[7,12,3],"dailyconnect.com":[1,12],"dailycred.com":[1,5],"dailydeal.at":[1,9],"dailydeal.de":[1,9],"dailydiapers.com":[12,9],"dailydo.co.nz":[1,9],"dailydot.com":[3,7],"dailydrip.com":[1,12,3],"dailyecho.co.uk":[1,3,7],"dailyembroidery.com":[1,9],"dailyendorphin.com":[1],"dailyfantasycafe.com":[1,3],"dailyfantasynerd.com":[1,3,3],"dailyfantasysportsrankings.com":[3,3],"dailyfiles.net":[1,5,10],"dailyflirt.de":[1,3],"dailyflix.net":[12],"dailyfriends.com":[3],"dailyfx.com":[1,2],"dailyfxforum.com":[1,2],"dailygazette.com":[1,3,7],"dailygoodiebox.com":[1,9],"dailygrabs.com":[9]}