{"ifonly.com":[1,12,9],"ifood.com.br":[1],"ifood.tv":[3],"ifootpath.com":[1,12],"iforex.com":[1,2,12],"iforexindicator.com":[1,2],"iform.dk":[1,12,4],"iformbuilder.com":[1],"ifortuna.cz":[3],"ifortuna.sk":[1,3],"ifpb.edu.br":[1,12],"ifpe.edu.br":[1,12],"iframely.com":[1,5],"ifrance.com":[1,5],"ifreelance.co.il":[1,5],"ifreelance.com":[1,5,6],"ifriends.net":[12],"ifrn.edu.br":[12],"ifrs.edu.br":[1,12],"ifrs.org":[1,12],"ifs4u.com":[1,2],"ifsbulk.com":[1,9],"ifsc.edu.br":[1,12],"ifse.ca":[1,12],"ifslearning.ac.uk":[1,12],"ifsoft.ru":[12],"ifsp.edu.br":[12],"ifsqn.com":[1,12],"ifsta.org":[1,12],"ifsttar.fr":[1,12],"ifsul.edu.br":[1,12],"ifsuldeminas.edu.br":[12],"ifsworld.com":[1],"ift.org":[1,12],"iftaipc.com":[1],"iftt.com":[1],"ifttt.com":[1],"ifun.de":[1,12,5],"ifunmac.com":[1,12,5],"ifunny.co":[1,3],"ifunny.com":[1,3],"ig.com":[1,2],"ig.com.br":[1,12,3],"iga.com":[1],"iga.net":[1,3],"igame.com":[1,12],"igamemore.com":[1,3],"igate.com":[1],"igavelauctions.com":[1,12,9],"igbce.de":[1,12],"igcp.pt":[12],"igda.org":[1,12],"igdas.com.tr":[1,12],"igdb.com":[1,12,3],"igdigital.com":[1,2,12],"ige.com":[3],"igel.com":[1,5],"igen.fr":[1,9],"igesa.fr":[1,12],"igetnaughty.com":[10],"igflash.com":[1],"igg.com":[3],"iggsoft.com":[1],"iggsoftware.com":[1],"ighome.com":[1,12],"ighoot.com":[1],"igi-global.com":[1,12],"igigbook.com":[1,12],"igive.com":[1,12],"igl.co.in":[12],"igl.net":[3],"iglobal.co":[1,12],"igloocommunities.com":[1],"igloosoftware.com":[1],"iglu.com":[1,9,11],"iglucruise.com":[1],"igmetall.de":[1,12],"ign.com":[3],"ign.fr":[1,12],"ignatius.com":[12,12],"ignetwork.net":[12,3,10],"ignilife.com":[1],"ignite.co.za":[1,5],"ignitedgames.com":[12],"ignitegallery.com":[1,12,5],"igniteinc.com":[1,12],"ignitepayments.com":[1],"igniteratings.com":[1],"igniterealtime.org":[1,5],"ignitermedia.com":[1,3],"ignites.com":[1,12],"ignitewoo.com":[1,5],"ignitiaschools.com":[1],"ignition-program.com":[1,6],"ignitioncasino.eu":[3,3],"ignitiondeck.com":[1,5],"ignitiondrawing.com":[1],"ignitiongolf.com":[1,12,3],"ignou.ac.in":[12]}