{"4cd.edu":[1,12],"4chan.org":[12,3,10],"4changeenergy.com":[1],"4cheat.ru":[12,3],"4cinsights.com":[1,5],"4clojure.com":[1,12,5],"4club.com":[12,1,9],"4clubbers.com.pl":[1,12,3],"4coins.pl":[1,2],"4colorprint.com":[1],"4county.org":[1],"4crafter.com":[10],"4crazy.de":[1,3],"4d.com":[1],"4dec.co":[1,12],"4ever.eu":[1,3,10],"4for4.com":[3],"4frags.com":[9],"4frontcu.com":[1,2],"4funbr.net":[1,12,5],"4game.com":[1,12,3],"4game.ru":[12],"4gameforum.com":[1,12,3],"4gamers.be":[3,3,7],"4games.com":[1,3,3],"4gon.co.uk":[1,5],"4gram.com":[1],"4gtv.tv":[1,3,3],"4honline.com":[1,5],"4ice.com":[1,12],"4imprint.ca":[9],"4imprint.co.uk":[9],"4imprint.com":[9],"4info.com":[1],"4inkjets.com":[1,9],"4ka.sk":[1,5],"4komma5.de":[9,12],"4launch.nl":[5,7,9],"4leads.net":[1],"4legalleads.com":[1,12],"4life.com":[1,12],"4liker.com":[1],"4ltrophy.com":[1,12],"4m7.de":[1],"4mdmedical.com":[9],"4move.me":[1,12],"4murs.com":[9],"4mybenefits.com":[1],"4netplayers.com":[1,5],"4networking.biz":[1],"4noggins.com":[12,9],"4ormat.com":[1],"4over.com":[1],"4over4.com":[1,9],"4pda.info":[1,12,5],"4pda.ru":[1,12,7],"4play.pt":[3,3],"4players.de":[12,3,3],"4pna.com":[1,12],"4programmers.net":[12,5],"4projects.com":[1],"4proxy.de":[1,5,12],"4px.com":[1],"4readers.com":[1,9],"4realtorrentz.com":[12,5],"4rkinggame.com":[3,3],"4safecom.com":[1,12],"4scotty.com":[12],"4screens.net":[1],"4sgm.com":[1,9],"4share.vn":[1,5,10],"4shared-china.com":[1,5,10],"4shared.com":[1,5,10],"4shared.tech":[12],"4slovo.ru":[1,2],"4sound.dk":[9],"4sound.no":[9],"4sound.se":[9],"4stars.it":[1,12],"4store.com":[1],"4sync.com":[1,5,10],"4taktershop.de":[1],"4teachers.de":[1,12],"4teachers.org":[1,12],"4team.biz":[1,5],"4teamstore.com":[1,9],"4tests.com":[1,12],"4thebank.com":[1,2],"4thebike.de":[9],"4thewords.com":[1,12],"4travel.jp":[1,11],"4tube.com":[12,3],"4tubehd.com":[12,3],"4tuning.ro":[1,12,12],"4ucampus.be":[1,12],"4uhosting.co.uk":[1,5],"4umer.com":[12,3,10],"4upld.com":[5,10],"4vn.eu":[12]}