{"ingdirect.co.uk":[1],"ingdirect.com":[12],"ingdirect.com.au":[1,2],"ingdirect.es":[1,2],"ingdirect.fr":[1,2],"ingdirect.it":[1],"ingegneri.info":[1,12],"ingegnoli.it":[1,9],"ingeniat.com":[12],"ingenico.com":[1],"ingenie.com":[1,2],"ingenie.fr":[1],"ingenieurs2000.com":[1,12],"ingenio-web.it":[1,12],"ingentaconnect.com":[1,12],"ingenuity.com":[1,12,5],"ingersollrand.com":[1,12],"ingeus.fr":[1,12],"ingimage.com":[1,12,10],"inglearn.com":[1,12],"ingles-markets.com":[1,9],"ingles200h.com":[1,12],"inglobetechnologies.com":[1,5],"ingmarkets.de":[1,12],"ingnycmarathon.org":[1,12],"ingo.se":[1,12,9],"ingolstadtvillage.com":[12,1],"ingos.ru":[1,2],"ingpec.eu":[12],"ingplans.com":[12],"ingramcontent.com":[1,12],"ingrammicro.com":[1],"ingrammicro.com.au":[1,5],"ingrammicro.de":[1],"ingrammicro.eu":[12],"ingrammicrocredit.com":[1,12],"ingramspark.com":[1,12],"ingredo.com":[12],"ingresa.cl":[1,12],"ingresocybernetico.com":[1,5],"ingress.com":[12],"ingresse.com":[1],"ingresso.com":[1,12,3],"ingresso.com.br":[1,12,3],"ingressocerto.com":[1,3],"ingressocomdesconto.com":[1,3],"ingressonacional.com.br":[1,12],"ingressorapido.com.br":[1,12],"ingretirementplans.com":[12],"ingservicecenter.com":[12],"ingunowners.com":[10],"ingyenkonyvek.com":[12,3,7],"ingyentv.hu":[3,3],"inhersight.com":[1,12],"inholland.nl":[12],"inhousepharmacy.vu":[1,4,9],"inhouserealty.com":[1],"inhresearch.com":[12,4],"inhs.org":[1,12,4],"inicis.com":[1],"inim.biz":[12],"inin.com":[1],"ininal.com":[1,9],"ininbox.com":[1],"ininet.hu":[1,5],"iniroots.com":[1],"inist.fr":[1,12],"initialstate.com":[1,5],"initlive.com":[1],"iniuria.us":[3,10],"iniz.com":[1,5],"injixo.com":[1],"injustice.com":[1,3,3],"ink-revolution.com":[1,3,9],"ink2u.co.uk":[1,9],"ink361.com":[1],"inkabet.pe":[3],"inkadoo.fr":[1,9],"inkandmain.com":[1,9],"inkarnate.com":[1,12],"inkarta.cz":[12],"inkasso-sofort.de":[1,12],"inkassoportal.de":[1,12],"inkblazers.com":[12],"inkbox.com":[1,9],"inkbrush.com":[1,5],"inkbunny.net":[1,12,3],"inkcartridges.com":[1,9],"inkclub.com":[1,9],"inkdepot.com.au":[1,9],"inkdrop.info":[1,5],"inkedgaming.com":[1,9],"inkedmag.com":[3,10],"inkedshop.com":[9],"inkfactory.com":[1,9],"inkfrog.com":[1],"inkgarden.com":[1,9],"inkhead.com":[1,9],"inkin.com":[1]}