{"pruprotect.co.uk":[1],"pruretire.co.uk":[12],"prurgent.com":[1,12],"prusa3d.com":[1,12,9],"pruvan.com":[1],"prv.pl":[1,5],"prvepa.com":[1,12],"prvni-lekarna.cz":[12,4,9],"prvtzone.ws":[10],"prweb.com":[1],"prweek.com":[1,12],"prweekus.com":[12],"prwire.com.au":[1,12],"prx.org":[1,12],"pryor.com":[1,12],"prys.ga":[1,3],"prysmgroup.co.uk":[1],"pryv.me":[12],"przelewy24.pl":[1],"ps.kz":[1,5],"ps.no":[9],"ps3-id.es":[12],"ps3-themes.com":[3],"ps3gameroom.com":[12],"ps3gen.fr":[3],"ps3hax.net":[1,5],"ps3iso.com":[10],"ps3news.com":[3,7],"ps3pirata.com":[12],"ps3scenefiles.com":[12],"ps3trophies.com":[3,3],"ps3trophies.org":[12],"ps4news.com":[3,7],"psa-direktbank.de":[1],"psa-finance-france.fr":[12],"psa-peugeot-citroen.com":[1],"psa.org.au":[1,12],"psabanque.fr":[1,2],"psacard.com":[1,12],"psacentral.org":[1,12],"psagot.co.il":[1,2],"psarips.com":[3],"psas.org":[1,12],"psasquashtv.com":[1,12,3],"psauction.com":[1,9],"psaudio.com":[1],"psav.com":[1],"psaworldtour.com":[3,3],"psbank.ru":[1,2],"psbankonline.com.ph":[12],"psbc.org":[12],"psbdmp.com":[12],"psbedu.net":[1,12],"psbooks.co.uk":[9],"psc.ac.uk":[12],"psc.gov":[1,12],"psc.gov.np":[1,12],"pscb.ru":[1,2],"psclickpower.com":[1],"pscpayroll.com":[1],"pscu.com":[1,12],"pscu.org":[12],"pscufs.com":[12],"pscwbonline.gov.in":[1,12],"psd-bank.de":[10],"psd-dreams.de":[12],"psd-dude.com":[1,12],"psd-nuernberg.de":[1],"psd-tutorials.de":[1,5],"psd202.org":[12],"psd2html.com":[1,5],"psd401.net":[12],"psdbox.com":[1,12,5],"psdf.fr":[12],"psdiscounts.com":[1],"psdkeys.com":[1,12,3],"psdschools.org":[12],"pse.com":[1,12],"psea.org":[12],"psecu.com":[1,2],"pseg.com":[1,12],"psegliny.com":[1],"pservicemobile.ca":[1],"psf-services.com":[12],"psfcu.com":[1,2],"psfilmfest.org":[1,12,3],"psfk.com":[1,12],"psg-online.co.za":[1,2,12],"psg.co.za":[1,2],"psg.fr":[1,12,3],"pshares.org":[1,12,3],"pshpgeorgia.com":[1,12,4],"psic-onespot.com":[1,2],"psichi.org":[12],"psicoespaco.com.br":[1,12],"psicofxp.com":[12],"psiexams.com":[1,12],"psionline.com":[1,12],"psiservice.com":[1]}