{"cascadevents.fr":[1,12],"cascaid.co.uk":[1,12],"casden.fr":[1,12],"casdep.com":[3,3],"case-custom.com":[1,5,9],"case-mate.com":[9],"case.edu":[12],"case.org":[1,12],"caseable.com":[1,9],"casebookconnect.com":[1,12],"casebriefs.com":[1,12],"casecu.org":[1,2],"casecuhb.org":[12],"casefilexpress.com":[1,12,5],"casefox.com":[1],"caseinterview.com":[1,12],"caseking.de":[5,9],"caselabs-store.com":[9],"casemgmtsys.com":[1,12],"casenex.com":[12],"casengo.com":[1],"caseologycases.com":[9],"caser.es":[1],"cases.com":[9],"casesinthebox.com":[9],"casetext.com":[1,12],"casetify.com":[9],"casevacanza.it":[1,11],"caseware.com":[1],"casewarecloud.com":[1],"caseyresearch.com":[1],"caseys.com":[1],"caseyswood.com":[9],"cash-clicker.com":[1,5],"cash-piscines.com":[1,9],"cash.ch":[2],"cash.me":[1],"cash4books.net":[1,9],"cash4brands.ru":[12],"cash4essays.com":[1],"cash4ladies.nl":[1,12,9],"cash4members.com":[12],"cash4minutes.com":[1],"cash4offers.com":[1],"cash4visits.com":[1],"cashadstream.com":[12],"cashadvance.com":[1,2],"cashare.ch":[1,2],"cashback.co.il":[1,9],"cashback.co.uk":[1,9],"cashback.ru":[1,9],"cashbackdeals.be":[1,12],"cashbackdeals.de":[1,3],"cashbackdeals.es":[1,9],"cashbackdeals.it":[1,9],"cashbackearners.co.uk":[1,9],"cashbacker.se":[1,9],"cashbackforex.com":[1,2],"cashbackfortune.com":[1,9],"cashbackkorting.nl":[1,9],"cashbackonline.at":[1,9],"cashbackreduction.fr":[1,9],"cashbackresearch.com":[1,12],"cashbackworld.com":[1,9],"cashbackxl.nl":[1],"cashbasehq.com":[1],"cashblurbs.com":[1,12,3],"cashboard.de":[1],"cashboardapp.com":[1],"cashbox.ru":[1,12],"cashboxparty.com":[3],"cashcalc.co.uk":[1],"cashcall.com":[1],"cashcamel.net":[1],"cashcapitalsystem.com":[1],"cashcashpinoy.com":[12],"cashcentral.com":[1,2],"cashcode.com":[1],"cashcofinancial.com":[1,2],"cashconnect.co.uk":[1],"cashcontrolapp.com":[1,2],"cashconverters.co.uk":[9],"cashconverters.com.au":[1,2],"cashconverters.es":[9],"cashcourse.org":[1,12],"cashcowpro.com":[1],"cashcrate.com":[1,12],"cashctrl.com":[1,5],"cashdazzle.com":[1],"cashdownlinebuilder.com":[1],"cashedge.com":[12],"cashexpress.fr":[1,9],"cashfiesta.com":[1],"cashfindermember.com":[1],"cashflow.nl":[1],"cashflowdiary.com":[1,12],"cashforinvite.com":[1],"cashformula.com":[1],"cashforwisdom.com":[1,12,9]}