{"androidarea.com":[1,9],"androidarea51.com":[10],"androidauthority.com":[5,7],"androidbg.com":[1,5,7],"androidcentral.com":[1,5,7],"androidcheats.org":[3],"androidcommunity.com":[1,5,7],"androidcreator.com":[1,5],"androidexample.com":[12,5],"androidfilehost.com":[5],"androidforum.cz":[5],"androidforums.com":[5,7],"androidfreeware.net":[1,12,7],"androidgen.fr":[1,5],"androidguys.com":[1,5,7],"androidhatti.com":[12],"androidheadlines.com":[5,7],"androidiani.com":[5,7],"androidnow.pl":[5,7],"androidpit.com":[1,5],"androidpit.com.br":[1,5,7],"androidpit.de":[1,12,5],"androidpit.es":[1,12,5],"androidpit.fr":[1,12,5],"androidpit.it":[1,5,7],"androidpolska.pl":[3,3],"androidpt.com":[9],"androidrepublic.org":[12,10],"androidtablets.net":[5,10],"androidworld.it":[1,5,7],"androidworld.nl":[5,7],"androidz.com.br":[5,7],"androlib.com":[1,12,5],"andromeda5.com":[1,12,3],"andromo.com":[1,5],"andyguitar.co.uk":[1,12],"andyhoppe.com":[1,12],"andymark.com":[9],"andyouropinion.fr":[12],"andysautosport.com":[9],"anecs-cjec.org":[1],"anedot.com":[1],"anefa-emploi.org":[1],"aneksmart.gr":[1],"aneo.fr":[1,12],"aneros.com":[12,1],"anesthesiologynews.com":[12],"anetwork.ir":[1,12],"anewspring.nl":[1,12],"anfa-auto.fr":[1,12],"anfcorp.com":[1],"anfi.com":[1],"anfiuwp.org.au":[1,12],"anfix.com":[1],"anfos.it":[1,12],"anfponline.org":[1,12],"ang.pl":[1,12],"angak.fr":[1,12],"angara.com":[9],"angel-domaene.de":[9],"angel-live.com":[12,1],"angel-live.jp":[12],"angel.co":[1,6],"angel.com":[1],"angela-bruderer.ch":[9],"angelbroking.com":[1,2],"angelbusinessclub.com":[1],"angelcam.com":[1],"angelcigs.com":[12,9],"angeldu.st":[1,12,3],"angelfire.com":[1],"angelikafilmcenter.com":[1],"angelina.edu":[12],"angelinos.com":[1],"angelinvestmentnetwork.co.uk":[1],"angelinvestmentnetwork.us":[1],"angellearning.com":[1,12],"angelnexus.com":[1,12],"angelo.edu":[12],"angelogordon.com":[1,2,12],"angeloni.com.br":[9],"angelplatz.de":[9],"angelpointsevs.com":[12],"angelpub.com":[1,12],"angels-of-fire.com":[12],"angels4always.com":[12],"angelsden.com":[1,2],"angelsmu.com":[1,12],"angelsolutions.co.uk":[1,12],"angelsport.de":[9],"angelsquare.co":[1],"angeltherapy.com":[1,12],"angelusdirect.com":[1,9],"angers.fr":[1,12],"angesdemons.fr":[1,3],"anghami.com":[3],"angieslist.com":[1,12],"anglaisfacile.com":[1,12],"anglerboard.de":[1,12,9]}