{"drivethrufiction.com":[3,9],"drivethrurpg.com":[3,9],"drivethrustuff.com":[3,9],"drivetraffic.jp":[12],"driveuconnect.eu":[1,12,12],"drivewealth.com":[1,2],"drivewiththeeagle.com":[1],"driving-test-cancellations-4all.co.uk":[1,12],"drivingdashboard.com":[12],"drivingitalia.net":[12],"drivingsales.com":[1],"drivingtheory4all.co.uk":[1,12],"drivinguniversity.com":[1,12],"drivup.fr":[1,12],"drivy.be":[1,12,3],"drivy.com":[1,12,3],"drivy.de":[1,12,3],"drivy.es":[1,12,3],"drizly.com":[12],"drj.com":[1,12],"drjays.com":[9],"drkpool.com":[12],"drlam.com":[12,4],"drlaura.com":[1,12],"drleonards.com":[9],"drmartens.com":[9],"drmax.cz":[12,4],"drmicozzi.com":[1,12,4],"drmorsesherbalhealthclub.com":[1,12,4],"drnajeeblectures.com":[12],"droa.com":[12],"drobo.com":[1,5],"drobospace.com":[1,10],"drobostore.com":[1,9],"drogaraia.com.br":[9],"drogarianovaesperanca.com.br":[9],"drogariasaopaulo.com.br":[9],"drogariaspacheco.com.br":[1,12,9],"drogariavenancio.com.br":[9],"drogasil.com.br":[9],"drogeriedepot.de":[9],"drogist.nl":[9],"drogisterij.net":[9],"drogistplein.nl":[1,9],"drohnen-forum.de":[10],"droid-life.com":[1,5,7],"droidboxforums.com":[10],"droidchina.com":[5,7],"droidforums.net":[5],"droidrzr.com":[3,5],"droidsat.org":[3,5],"droidvpn.com":[5,12],"droidxforums.com":[10],"drom.ru":[1,9,12],"dromadaire.com":[1,3,9],"drone-fpv-racer.com":[9],"drone-registration.net":[1,5],"drone-world.com":[1,9],"dronebase.com":[1],"dronedeploy.com":[1,5],"dronelogbook.com":[1],"dronemobile.com":[1],"droneshop.com":[1,9],"dronestagr.am":[12,3],"droolplay.com":[1,12,3],"droom.in":[9,12],"drooms.com":[1],"drop.io":[12],"dropapk.com":[5,10],"dropbox.com":[1,5,10],"dropbox.de":[1,5,10],"dropboxapi.com":[12],"dropboxpartners.com":[1,5],"dropcam.com":[1],"dropcanvas.com":[1],"dropcatch.com":[1,5],"dropcountr.com":[1],"dropdav.com":[1,5,10],"dropdead.co":[9],"dropdownmenugenerator.com":[1],"dropevent.com":[1,3,10],"dropified.com":[1,9],"dropinthebox.com":[9,11],"dropitto.me":[1],"dropjack.com":[1],"dropload.com":[1],"droplr.com":[1],"dropmark.com":[1],"dropmock.com":[1],"dropmylink.com":[1],"dropmysite.com":[1,5],"dropoutclub.org":[1,12],"dropps.com":[1,9],"dropr.com":[1,12],"dropscan.de":[1,5],"dropsend.com":[1],"dropship-warehouse.com":[1],"dropshipaccess.com":[1,9],"dropshipdirect.com":[1,9]}