{"bypos.nl":[1,9],"byr.cn":[12],"byramhealthcare.com":[1,4],"byreferralonly.com":[1,12],"bysh.me":[12],"bysmaquillage.fr":[9],"bytbil.com":[1,12],"byte.nl":[1,5],"bytebx.com":[1,5,10],"bytec.de":[1,12],"bytecno.it":[1,5,9],"bytecoin.money":[12],"bytemark.co":[1],"bytemark.co.uk":[1],"bytepro.net":[1,5],"bytes.com":[12,5,10],"bytes.pk":[1,9],"bytesforall.com":[12],"bytesized-hosting.com":[1,5],"bytesloader.com":[1,5,10],"byteverts.com":[1,9],"bytewhale.com":[1],"bytheway.gr":[12],"bythjul.com":[1,9,12],"bytom.com.pl":[9],"byu.edu":[12],"byub.org":[1,12,3],"byubookstore.com":[9],"byuh.edu":[12],"byuhtrsc.org":[12],"byui.edu":[12],"byuistore.com":[9],"byums.org":[1,12],"byutv.org":[3,7,3],"bywatersolutions.com":[1,12],"bzv-service.de":[1],"bzwbk.pl":[1],"bzz.com":[1,12],"bzzagent.co.uk":[1,12],"bzzagent.com":[1,12],"c-and-a.com":[9],"c-cex.com":[1,2,5],"c-command.com":[1,5],"c-date.at":[10],"c-date.be":[12,1],"c-date.ch":[10],"c-date.cl":[12,1],"c-date.com":[10],"c-date.com.br":[10],"c-date.com.mx":[10],"c-date.cz":[10],"c-date.de":[10],"c-date.dk":[10],"c-date.es":[10],"c-date.it":[10],"c-date.nl":[10],"c-date.pl":[10],"c-date.tw":[10],"c-dating.be":[10],"c-ij.com":[12],"c-lefoot.fr":[12],"c-monetiquette.fr":[1,9],"c-nw.de":[1],"c-rpg.net":[12],"c-sharpcorner.com":[1,12,5],"c-span.org":[1,12,7],"c-sqr.net":[1,12],"c.dating":[10],"c.la":[1,12,3],"c0.pl":[1,5],"c0m.it":[1,12,5],"c1r.com":[12,3],"c21stores.com":[9],"c2c-online.co.uk":[1],"c2coffer.com":[9],"c2connection.com":[1],"c2cschools.com":[1,12],"c2fo.com":[1],"c2kschools.net":[12],"c2p1.fr":[1,12],"c4atreros.es":[7,1,12],"c4dcafe.com":[12],"c4dexchange.com":[12],"c4dtextures.com":[12],"c4dzone.com":[1,12],"c4fap.org":[1,12],"c4owners.org":[1,12],"c4yourself.com":[12],"c5game.com":[9],"c9.io":[1,5],"c9users.io":[1,5],"c9w.net":[1],"ca-alpesprovence.fr":[1],"ca-aquitaine.fr":[1,2],"ca-atlantique-vendee.fr":[1,12],"ca-briepicardie.fr":[12],"ca-centreloire.fr":[1,2],"ca-centrest.fr":[1,2],"ca-cib.com":[1,2,12]}