{"drgoerg.com":[1,3],"drgrab.co.nz":[9],"drgrab.co.uk":[9],"drgrab.com":[9],"drgrab.com.au":[9],"drhittich.com":[1,12,4],"drhoelter.de":[1,12,9],"drhorton.com":[1],"drhyman.com":[1,12,4],"dri.org":[1,12],"dribbble.com":[1],"driessen.nl":[1,12],"drift.com":[1],"driftaway.coffee":[1,3],"driftstreetsjapan.com":[10],"driftworks.com":[9],"drigueticos.com":[12],"drigueticos.top":[12],"drii.org":[1,12],"driiveme.com":[1],"drillinginfo.com":[1],"drillisch-online.de":[1],"drillisch-telecom.de":[1],"drillspot.com":[12],"drillster.com":[12],"drimble.nl":[1,12,7],"drimki.fr":[1,8],"drink.ch":[12],"drinkaware.co.uk":[1,12],"drinkhint.com":[12,1,9],"drinklifein.com":[1,12],"drinksilk.ca":[1,3],"drinksmixer.com":[12,3],"drinksoma.com":[1,9],"drinkstuff.com":[12,1,9],"drinksupermarket.com":[12],"drinkupny.com":[12],"dripapps.com":[1],"dripcoin.cc":[11],"dripirrigation.com":[1,9],"drippler.com":[1],"dripstat.com":[1,12,5],"dripworks.com":[1,9],"drivango.de":[1,9],"drive-fermier.fr":[1],"drive-now.com":[1,12],"drive.be":[1],"drive.com.au":[1,12],"drive2.ru":[1,12,12],"drive24-7.com":[1],"driveaccord.net":[1,12],"driveaxleapp.com":[1],"drivecam.com":[1],"drivecast.eu":[1],"drivechipandputt.com":[1,12,3],"drivecity.de":[1,5,9],"drivecre.com":[1,12],"driveert.com":[1],"drivegate.biz":[1,5],"drivehq.com":[1,5],"drivelikebruno.de":[1],"drivelog.de":[1],"drivemedical.com":[1],"drivendata.org":[1,12],"drivenow.de":[1,11],"driveontexpress.com":[1],"driveonweb.de":[1,5],"drivepad.fr":[1,9,12],"driver.ru":[5,9],"driveragent.com":[1,5],"drivercentral.io":[1,9],"driveredsafety.com":[1,12],"driveredtogo.com":[1,12],"driverguide.com":[1,5],"driverhire.co.uk":[1,6],"driverhistoryprofile.com":[1],"driveridentifier.com":[1,5],"driveriq.com":[1,12,5],"drivermax.com":[1,5],"drivers-club.de":[1],"driversalert.com":[1,12],"driverscloud.com":[5],"driverscollection.com":[5,9],"driversed.com":[1,12],"driverseddirect.com":[1,12],"driversforfree.com":[12],"drivershq.com":[12],"driverside.com":[1,12],"driverslicensepsd.com":[12],"driverslogin.com":[12],"driversnote.com":[1],"driversupport.com":[1,5],"driverzone.com":[12],"drivesafela.org":[1],"drivesafetoday.com":[1,12],"drivesavvy.com":[1,2,9],"drivesharp.com":[1,12],"drivesync.com":[1],"drivethrucards.com":[3,9]}