{"docparser.com":[1,5],"docplay.net":[1,12,3],"docpros.net":[1],"docracy.com":[1,12],"docrafts.com":[1],"docs-en-stock.com":[1,12],"docs.school":[1,12],"docs4you.org":[1,5],"docscorp.com":[1,5],"docsend.com":[1],"docsight.net":[12],"docsity.com":[1,12],"docspedia.org":[12],"docsports.com":[3],"docspt.com":[1,12,3],"docstoc.com":[12],"docstoccustom.com":[12],"doctena.be":[1,12,4],"doctena.lu":[1,12],"docteur-gsm.com":[5,7,9],"doctipharma.fr":[12,9],"doctissimo.fr":[12,4],"doctolib.de":[1,12,4],"doctolib.fr":[1,12,4],"doctor.com":[1],"doctoranytime.gr":[1,12,4],"doctorbase.com":[1],"doctorcareanywhere.com":[1,12,4],"doctorfox.co.uk":[1,12,9],"doctorim.co.il":[1],"doctorondemand.com":[1,12,4],"doctoroz.com":[1,12,4],"doctors.net.uk":[1,12,4],"doctors.org.uk":[1,12],"doctorshealthfund.com.au":[1,12],"doctorshop.it":[1,12],"doctorsim.com":[1,5,9],"doctorsintraining.com":[12],"doctorslife.it":[1,12,4],"doctorsofbc.ca":[1,12],"doctrine.fr":[1,12],"docubank.com":[1,12],"docucopies.com":[1],"docudesk.com":[1,12,5],"docufide.com":[1,12],"docugateway.com":[12],"docuhost-net.com":[1],"doculink.com":[1],"doculivery.com":[1],"documaniatv.com":[12,3],"document-juridique.com":[1,12],"documentarystorm.com":[12,3,7],"documentarytorrents.com":[12,3],"documentcloud.org":[1,12],"documentdna.com":[12],"documentfoundation.org":[1,12,5],"documentinbox.com":[12],"documentingreality.com":[12,3,7],"documentissime.fr":[1,12],"documentodoestudante.com.br":[1,12],"documents.tips":[1,12],"documentsnap.com":[1],"docupet.com":[1,12],"docusearch.com":[1,5],"docusign.com":[1,5],"docusign.net":[1,5],"docutap.com":[1],"docutek.com":[1,12],"docuware-online.com":[1],"docuware.com":[1],"docvadis.fr":[1,12,4],"docverify.com":[1],"dod.mil":[12],"doda.jp":[1,6],"dodax.ch":[3,9],"dodax.de":[3,9],"dodax.nl":[3,9],"doddle.com":[1,9],"doddlelearn.co.uk":[12],"dodea.edu":[1,12],"doded.mil":[12],"dodenhof.de":[1,9],"dodge.com":[1,12],"dodgeandcox.com":[1,2,12],"dodgeforum.com":[1,9,12],"dodgetalk.com":[1,3,12],"dodlodging.net":[1],"dodmets.com":[1,12],"dodo-loto.com":[12],"dodo.com":[1,2],"dodo.com.au":[1,2],"dodo.fr":[1,9],"dodopizza.ru":[1,12],"dodot.es":[1,12,9],"dodot.pt":[1,12,9],"doe-hosting.com":[1],"doe.gov":[1,12],"dofactory.com":[1,12,5],"dofastuces.fr":[1,12,3]}