{"creativepool.com":[1,6],"creativeraw.com":[1],"creativereview.co.uk":[1,12],"creativeskills.be":[1,12],"creativeworx.com":[1],"creativx.net":[1,5],"creatlr.com":[1,12,5],"creatorsuite.co":[12],"creatricesbroderiemachine.com":[1,9],"creattica.com":[1,5],"creatubbles.com":[1,12],"creatuforo.com":[1,12,10],"creatuforo.es":[1,12,10],"creatureartteacher.com":[1,12,3],"creaturebreeder.com":[12],"creavea.com":[9],"creaza.com":[1,12],"creazaeducation.com":[1,12],"crebs.it":[1,5,6],"crecisp.gov.br":[1],"credability.org":[1,12],"credco.com":[1],"creddle.io":[1],"credecard.com":[1,2],"credem.it":[1,2],"credential.com":[1,2],"credentialcheck.com":[1],"credentialdirect.com":[1,2],"credentials-inc.com":[1],"credentials.new":[12],"credentials.userid":[12],"credentialsmart.net":[1],"credex.biz":[12],"credibility.com":[1],"credible.com":[1,2],"crediblebh.com":[1],"crediblemeds.org":[1,12],"credicard.com.br":[1,9],"credicard.com.ve":[1],"credicardenlinea.com.ve":[1],"credinissan.com.mx":[1,12],"credio.com":[1,2],"credipar.fr":[1],"credit-agricole.fr":[1,2],"credit-agricole.it":[1,2],"credit-agricole.pl":[1,2],"credit-cooperatif.coop":[1,12],"credit-counselors.cc":[1,12],"credit-du-nord.fr":[1,12],"credit-immobilier-de-france.fr":[1,2],"credit-suisse.com":[1,12],"credit.co.kr":[1,2],"credit.com":[1,2],"credit.fr":[1,2],"credit.net":[1],"credit24.com":[1],"credit24.com.au":[1,2],"credit365.ua":[1,2],"credit4military.com":[1,12],"creditacceptance.com":[1],"creditagricole.fr":[1,2],"creditagricolestore.fr":[1],"creditangel.co.uk":[1,2],"creditas.com.br":[1,2],"creditassist.com":[1],"creditboards.com":[1],"creditbox.com":[1],"creditbureaureports.com":[12],"creditcall.com":[1],"creditcardpay.net":[1,12,5],"creditcards.com":[1,2],"creditcardservicing.com":[12],"creditcarma.com":[1,2],"creditchecktotal.com":[1,2],"creditcompass.co.uk":[1,2],"creditea.com":[1,2],"creditera.com":[1,2],"crediteurope.nl":[1,2],"crediteurope.ru":[1,2],"creditexpert.co.uk":[1,2],"creditexpert.co.za":[1],"creditexpert.com":[1,2],"creditfix.com":[1],"creditfocus.co.uk":[1],"creditfoncier.fr":[1,2],"creditguard.org":[1,2],"creditinfocenter.com":[1,2],"creditkarma.ca":[1,2],"creditkarma.com":[1,2],"creditmantri.com":[1,2],"creditmaster2.co.uk":[1,12],"creditmutuel-epargnesalariale.fr":[1,2],"creditmutuel.fr":[1,2],"creditmutuelmobile.fr":[1,2],"creditnav.com":[1,12],"creditnotify.com":[12],"credito-agricola.pt":[1,2],"creditoagricola.pt":[1,2],"creditocajero.es":[1,2]}