{"sfbok.se":[3],"sfbuy.com":[1,9],"sfcasting.com":[1],"sfcc.edu":[12],"sfchronicle.com":[1],"sfcollege.edu":[12],"sfcu.org":[1,2],"sfcuonline.org":[1,2,12],"sfcurran.com":[1,12],"sfd.pl":[7,1,12],"sfepi.com":[1],"sferabit.com":[1,5],"sferalabs.com":[1],"sferastudios.com":[1],"sferaufficio.com":[1,9],"sfereon.net":[1,12],"sferis.pl":[9],"sffirecu.org":[1,2],"sfgame.de":[12],"sfgate.com":[1,7],"sfgcrm.com":[1],"sfglife.com":[1],"sfglobe.com":[1],"sfgov.org":[1,12],"sfi1.biz":[1,12],"sfi4.com":[1,12],"sfia-online.org":[1,12],"sficoin.co":[1],"sfimg.com":[1],"sfippa.com":[1,12],"sfjazz.org":[1,3],"sfkids.com":[12],"sfl-invest.ca":[1],"sfmatch.org":[1,12],"sfmc.net":[1,12,4],"sfmic.com":[1,12],"sfmlab.com":[3],"sfmoma.org":[1,12,3],"sfmu.org":[1,12],"sfn.org":[12],"sfomag.com":[1,2,7],"sfopera.com":[1,3],"sfoutsidelands.com":[1,12,3],"sfpcu.org":[1,2],"sfpl.org":[1,12],"sfr.be":[1,9],"sfr.com":[1,12],"sfr.fr":[1],"sfr.re":[1],"sfrbusinessteam.fr":[1,5],"sfrcaraibe.fr":[1],"sfrpx.com":[1],"sfs.gov.ua":[1,12],"sfsag.com":[1,9],"sfsalt.com":[1],"sfsdata.com":[12],"sfshare.se":[1],"sfspca.org":[12],"sfsu.edu":[12],"sfsymphony.org":[1,12],"sfu.ca":[12],"sfusd.edu":[12],"sfwater.org":[1],"sfwmd.gov":[1,12],"sfx-resorts.com":[1,12,11],"sfxresorts.com":[1,12,11],"sg-autorepondeur.com":[1],"sg.ch":[1,12],"sg.hu":[12,3,7],"sg2.com":[1],"sgae.es":[1,12],"sgalaxy.cz":[5,7],"sgammo.com":[9,12],"sgc02.com":[1],"sgcarmart.com":[1,12],"sgcb.nc":[1],"sgcib.com":[1,2],"sgcnetwork.com":[1],"sgcpanel.com":[12],"sgdf.fr":[1,12],"sgdweb.com":[7,3],"sgeb.bg":[1,2],"sgedu.site":[1,5],"sgfleet.com":[1],"sgforum.hu":[9],"sgi-italia.org":[1,12,12],"sgi-usa.org":[12],"sgi.sk.ca":[1],"sgizmo.com":[12],"sgk.gov.tr":[1,12],"sgmarkets.com":[1],"sgmservicing.com":[1],"sgn.co.uk":[1],"sgresearch.com":[12],"sgrservizi.com":[1],"sgs-engineering.com":[1,9],"sgs.com":[1,12],"sgs.net":[1,12],"sgsante.fr":[12]}