{"eustock.eu":[1,9],"eutekne.it":[1,12],"euteliavoip.com":[1],"eutorrents.com":[12],"eutorrents.ph":[12],"eutorrents.to":[12],"euvoupassar.com.br":[1,12],"ev-box.com":[1,12],"ev-d.de":[1,9],"ev-portal.com":[1,12],"ev.org.br":[1,12],"ev0lve.xyz":[10],"eva.cz":[9],"evaair.com":[1],"evacuumstore.com":[9],"eval.org":[1,12],"evalandgo.com":[1],"evalandgo.fr":[1],"evalbox.com":[1,12],"evaluar.com":[1,12],"evaluategroup.com":[1],"evaluatest.com":[1],"evaluationkit.com":[1,12],"evaluesoftware.com":[12],"evan-moor.com":[12],"evanced.info":[1,12],"evand.com":[1,12],"evaneos.com":[11],"evaneos.fr":[11],"evangelicalbible.com":[12,12],"evangelisch.de":[12,12],"evanquis.co.uk":[1],"evanquis.com":[1],"evans.co.uk":[9],"evansclarke.com.au":[1,9],"evanscycles.com":[9],"evansville.edu":[12],"evantagehealth.com":[1],"evanzo.de":[1,5],"evaps.fr":[12,12,9],"evasionssecretes.fr":[1],"evault.com":[1],"evaunt.com":[1],"evcigarettes.com":[12,12,9],"eve-apps.com":[12],"eve-bet.com":[1,3],"eve-cost.eu":[1],"eve-marketdata.com":[1,9],"eve-online.com":[1],"eve-skillplan.net":[1],"eve-skilltracker.com":[1,9],"eve-tech.com":[1,5],"eve.community":[1,5,9],"eveboard.com":[1,5],"evecam.com":[12],"eveger.de":[1,12],"eveiletjeux.com":[9],"evelop.fr":[1],"evem.gov.si":[1,12],"evematelas.fr":[1,9],"evemattress.co.uk":[1,9],"even3.com.br":[1,12],"evene.fr":[12,3],"evenea.pl":[1,12],"evengreener.com":[1,9],"eveningtimes.co.uk":[1,3,7],"evenium.net":[1],"evenko.ca":[1,9],"evennode.com":[1,5],"evenstadmusikk.no":[12],"event2one.com":[1,5],"eventable.com":[1],"eventact.com":[1],"eventavenue.com":[1,12],"eventbase.com":[1],"eventbee.com":[1],"eventboard.io":[1],"eventbrite.ca":[1,12],"eventbrite.co.nz":[1],"eventbrite.co.uk":[1],"eventbrite.com":[1],"eventbrite.com.ar":[1,12],"eventbrite.com.au":[1],"eventbrite.com.br":[1,12],"eventbrite.de":[1,12],"eventbrite.es":[1,12],"eventbrite.fr":[1,12],"eventbrite.hk":[1,12],"eventbrite.ie":[1],"eventbrite.it":[1,12],"eventbrite.nl":[1,12],"eventbrite.pt":[1,12],"eventbrite.sg":[1],"eventcinemas.co.nz":[1,3],"eventcinemas.com.au":[1,3],"eventcommander.com":[1],"eventcore.com":[1],"eventdecordirect.com":[1,9],"eventdesq.com":[12]}