{"avaibook.com":[1],"avail-tvn.com":[1],"availabilitycalendar.com":[1,5],"availity.com":[1],"availpro.com":[1],"availvapor.com":[12,1,9],"avakin.com":[1],"aval.ua":[12],"avalanchesafelist.com":[1],"avalara.com":[1,2],"avalon-life-prelaunch.com":[12],"avalon-life.com":[1,12],"avalon-rpg.com":[12,3],"avalonaccess.com":[1],"avaloncommunities.com":[1,8,11],"avanade.com":[1],"avancar.es":[1,12],"avangard.ru":[1,2],"avangate.com":[1],"avanquest.com":[1,5],"avans.nl":[1,12],"avans.pl":[9],"avansas.com":[9],"avanset.com":[1,5],"avant.com":[1],"avant.org.au":[1,12,4],"avantabg.com":[12],"avantages-enseignants.fr":[1,12,9],"avantages-entreprises.com":[1],"avantages-prives.com":[1],"avantagesfm.com":[12],"avantcard.es":[1,2],"avantcard.ie":[1],"avantcredit.co.uk":[1],"avantcredit.com":[1,2],"avantel.co":[1],"avantgarde-experts.de":[1],"avantidestinations.com":[1,12,11],"avantisport.nl":[9],"avantlink.com":[1],"avantserve.com":[1,12],"avanture.net":[12],"avanza.se":[1,2],"avanzabus.com":[1],"avanzati.it":[1,5],"avapartner.com":[1,2],"avarti.co.il":[1,12],"avasflowers.com":[1,9],"avasflowers.net":[1,9],"avast.com":[1,5],"avatacar.com":[1,9,12],"avatar-bg.org":[12],"avatar-realms.net":[1,12,3],"avatarins.com":[1,2],"avatarnutrition.com":[1,12,4],"avatrade.com":[2],"avatrade.com.au":[2],"avatrade.de":[2],"avatrade.fr":[2],"avatrade.it":[2],"avatron.com":[1,5],"avature.net":[1],"avaxhm.com":[12],"avaxhome.ws":[1,9],"avaya.com":[1],"avaza.com":[1],"avazutracking.net":[12],"avc.edu":[1,12],"avclub.com":[1,3],"avclub.gr":[10],"avcollectors.com":[1,3],"avcom.co.za":[1,12],"avcp.it":[1,12],"avd.de":[1],"avdb-moto.fr":[1,9],"avea-vacances.fr":[1,12],"avea.com.tr":[1],"avecc.com":[1,12],"aveclunettesoleil.fr":[9],"avectra.com":[1],"avectraacrp.com":[12],"aveda.ca":[9],"aveda.co.uk":[12,9],"aveda.com":[9],"avedapurepro.com":[1,12],"avejuice.com":[9],"avelingonline.com.au":[1,12],"avell.com.br":[1,5,9],"avena.de":[9],"avendra.com":[1],"avendrealouer.fr":[8],"avengedsevenfold.com":[1,3],"avenida.com.ar":[9],"avenirfocus.com":[1,12],"avenirmutuelle.com":[1,2],"avenoel.org":[1,12,10],"aventalearning.com":[12],"aventertainments.com":[12,1],"aventures-coquines.com":[12,3]}