{"zaclys.com":[1,12],"zad-academy.com":[12],"zadane.pl":[12,3],"zadarma.com":[1,5],"zadi.net":[12],"zadig-et-voltaire.com":[9],"zadkine.nl":[1,12],"zaffari.com.br":[1,12],"zaful.com":[9],"zagat.com":[1],"zagaz.com":[1,9],"zagbank.ca":[1],"zagg.com":[1,9],"zaggora.com":[9],"zagster.com":[1,9],"zahal.org":[9,12],"zahlenzorro.de":[1,12],"zahngebot.de":[1,12,9],"zaif.jp":[1,2],"zaiho.jp":[1],"zaim.net":[1,12],"zaimo.es":[1],"zain.com":[1,12],"zainjodataservices.com":[1],"zainodigitale.it":[12],"zainostore.com":[1,9],"zajac.de":[9],"zajadacz.de":[1],"zajefajna.com":[3,5,10],"zakaz.ua":[1,9],"zakulisi.cz":[12,1,5],"zakupka.com":[1],"zala.by":[1,12],"zalando-lounge.at":[9],"zalando-lounge.be":[9],"zalando-lounge.ch":[9],"zalando-lounge.co.uk":[1,9],"zalando-lounge.com":[9],"zalando-lounge.de":[9],"zalando-lounge.nl":[9],"zalando-lounge.pl":[9],"zalando-prive.fr":[1,9],"zalando-prive.it":[9],"zalando.at":[9],"zalando.be":[9],"zalando.ch":[9],"zalando.co.uk":[9],"zalando.com":[9],"zalando.de":[9],"zalando.dk":[9],"zalando.es":[9],"zalando.fi":[9],"zalando.fr":[9],"zalando.it":[9],"zalando.net":[9],"zalando.nl":[9],"zalando.no":[9],"zalando.pl":[9],"zalando.se":[9],"zales.com":[9],"zally.io":[1,9],"zalo.me":[5],"zaloapp.com":[1,5],"zalon.at":[1,9],"zalon.ch":[1,9],"zalon.de":[1,9],"zalon.nl":[1,9],"zalora.co.id":[9],"zalora.co.th":[9],"zalora.com.hk":[9],"zalora.com.my":[9],"zalora.com.ph":[9],"zalora.com.tw":[1,9],"zalora.sg":[9],"zalora.vn":[9],"zalukaj-tv.com":[3],"zalukaj.com":[3],"zalukaj.tv":[3],"zam.com":[1,12,3],"zamaro.de":[1,9],"zamberg.com":[9],"zameen.com":[1,8],"zamnesia.com":[12,9],"zamnesia.de":[12,9],"zamnesia.fr":[12,9],"zamnesia.nl":[12,9],"zamplebox.com":[1,12,9],"zams.biz":[12],"zamunda.ch":[12],"zamunda.net":[12],"zamunda.se":[12],"zamzar.com":[12,5],"zanadoo.me":[1],"zanata.org":[1,12,5],"zanbil.ir":[9],"zanderidt.com":[1,2],"zanderins.com":[1,2],"zando.co.za":[9],"zanebenefits.com":[1]}