{"kickbooster.me":[1,12],"kickbox.io":[1,5],"kickeepants.com":[9],"kicker.de":[3],"kickfire.com":[1,5],"kickfurther.com":[1],"kickico.com":[1,12],"kickoff.co.uk":[3,3],"kickofflabs.com":[1],"kickprophet.com":[3,3],"kickresume.com":[1,6],"kicks-ass.net":[1,5],"kicks-ass.org":[1,5],"kicks.no":[1,9],"kicks.se":[1,9],"kicksend.com":[12],"kickservapp.com":[1],"kicksfor.us":[1,5],"kicksite.net":[1,12],"kickstarter.com":[5,7],"kicksusa.com":[9],"kicktipp.com":[12],"kicktipp.de":[1,3],"kickz.com":[9],"kid-control.com":[1,12],"kidblog.org":[1,12],"kidbox.com":[1,9],"kidcheck.com":[1,12],"kiddicare.com":[9],"kiddivouchers.com":[1,12],"kiddom.co":[12],"kiddoware.com":[1],"kidguard.com":[1,12],"kidiliz.com":[9],"kidizz.com":[1,12],"kidkare.com":[1,12],"kidkids.net":[1,12],"kidlogger.net":[1,12,5],"kidney.org":[1,12],"kidoh.de":[9],"kidoz.net":[1],"kidpass.com":[12],"kidpik.com":[1,9],"kidpointz.com":[12,4],"kidreports.com":[1,12],"kidrobot.com":[1,3,9],"kidsa-z.com":[12],"kidsbowlfree.com":[1,12,3],"kidscasting.com":[1,3],"kidsclub.ca":[12],"kidsdiscover.com":[1,12],"kidsemail.org":[1,12],"kidsfootlocker.com":[9],"kidskonnect.com":[12],"kidslivesafe.com":[1,12,4],"kidslox.com":[1,12,5],"kidspass.co.uk":[1,3],"kidsskatefree.com":[1,12],"kidssundayschool.com":[12],"kidstaff.com.ua":[9],"kidstart.co.uk":[1,9],"kidtrax.com":[1,12],"kidum.com":[1,12],"kidygo.fr":[1,12],"kidzworld.com":[12,3],"kiefer.com":[9],"kiehls.ca":[1,9],"kiehls.co.uk":[1,9],"kiehls.com":[1,12,9],"kiehls.fr":[1,9],"kieler-nachrichten.de":[1,12,7],"kieler-volksbank.de":[12],"kienbaum.com":[1],"kienict.nl":[1,12],"kieskeurig.nl":[9],"kiesopmaat.nl":[1,12],"kiev.ua":[12],"kiewit.com":[1],"kifdom.com":[1,5],"kifi.com":[1,12],"kifid.nl":[1],"kigo.net":[1],"kiixa.com":[12],"kijiji.ca":[1,12],"kijiji.com":[1,12],"kijiji.it":[9],"kijijideals.ca":[1,5],"kijk.nl":[1,12],"kijkshop.nl":[1,9],"kik.com":[1],"kik.de":[9],"kik.gov.tr":[1,12],"kika.at":[12],"kikasete.net":[1,12,5],"kikatek.com":[1,9],"kikboys.com":[12],"kikcontacts.com":[1],"kikfriender.com":[12],"kikki-k.com":[1,9]}