{"bettersex.com":[12,9],"bettersrift.com":[3,3],"betterstudio.com":[1,12,5],"betterteam.com":[1,5,6],"betterthansiri.com":[1],"betterview.com":[1,6],"betterware.co.uk":[1],"betterworks.com":[1],"betterworldbooks.com":[1,12,9],"betterworldclub.com":[1],"bettingexpert.com":[1,3],"bettinggods.com":[3],"bettingpartners.com":[1],"bettingrant.co.uk":[1,12],"bettmer.de":[1,9],"bettwaren-shop.de":[1,9],"betty24.de":[1,12],"bettybarclay.com":[9],"bettybossi.ch":[12],"bettycrocker.com":[3],"bettymills.com":[9],"bettys.co.uk":[1,3,9],"betuk.com":[3,3],"betus.com":[3],"betus.com.pa":[3],"betusracing.ag":[3],"betvictor.com":[3,3],"betvictor.mobi":[1,3],"betvoyager.com":[3],"betway.be":[1,3,3],"betway.co.ke":[3],"betway.com":[3],"betway.com.gh":[3],"betway.net":[12,3],"between.us":[1,12],"betweenus.eu":[12],"betwext.com":[1],"betyetu.co.ke":[3,3],"beulenforum.com":[1,12,3],"beurer.com":[12],"beuronline.com":[12],"beursduivel.be":[2,3,7],"beusekom.nl":[1,9],"beuth-hochschule.de":[12],"beuth.de":[1,12,5],"bevapehappy.com":[9],"bever.nl":[9],"beverlyhills.org":[1,12],"bevforce.com":[1,6],"bevmo.com":[12,9],"bevomedia.com":[12,1],"bevspot.com":[1],"bewakoof.com":[9],"bewan.fr":[1],"bewanted.com":[1,12,6],"bewegte-grusskarten.de":[1,9],"bewelcome.org":[1,12],"bewerberportal.at":[12],"bewerbung.com":[1,6],"bewerbung.de":[1,6],"bex.net":[1,3],"bexio.com":[1],"bexley.fr":[9],"bexley.gov.uk":[1,12],"bexrealty.com":[1,8],"beybladebattles.com":[1],"beymen.com":[9],"beyonce.com":[12],"beyond-hd.me":[1,5],"beyond.com":[1,6],"beyondbank.com.au":[1,2],"beyondblue.org.au":[12,4],"beyondcheats.com":[1,12,10],"beyonddiet.com":[1,12,4],"beyondhd.me":[12],"beyondhello-themirror.com":[12],"beyondhello.com":[1],"beyondhosting.net":[1,5],"beyondmenu.com":[1],"beyondpay.com":[1],"beyondpricing.com":[1,11],"beyondsecurity.com":[1,5],"beyondtherack.com":[1,9],"beyondthewhiteboard.com":[1,12],"beyondtwo.com":[10],"beyondvape.com":[12],"beyondwindows9.com":[12],"beyondwork.com":[1],"beyondyoga.com":[9],"beyonwiz.com.au":[1,9],"beyzacases.com":[9],"bezaat.com":[1,9],"bezar.com":[1],"bezeq.co.il":[1,5],"bezeqint.net":[1],"bezkriedy.sk":[12],"bezop.io":[1],"bezrealitky.cz":[8,10,11],"bf-france.com":[1]}