{"futurebazaar.com":[12],"futureelectronics.com":[9],"futurefinance.com":[1,2],"futurefundapp.com":[1,12,5],"futurehost.pl":[1,5],"futurehosting.com":[1,5],"futureland.fr":[1,9],"futurelearn.com":[1,12],"futureloops.com":[12],"futuremark.com":[1,5],"futureme.org":[1,12],"futuremoney.io":[1,12],"futurenet.club":[1],"futurepay.com":[1],"futureproducers.com":[10],"futures.io":[1,2],"futures.org":[12],"futureshop.ca":[9],"futureshop.co.uk":[9],"futuresimple.com":[1],"futuresoldiers.com":[1,12],"futurestay.com":[1],"futurestep.com":[1],"futurestrader71.com":[1,12],"futureswithvision.com":[12],"futuretalkers.com":[1,12],"futuretorpia.de":[1,12,3],"futureyouhealth.com":[1,9],"futurezone.at":[1,12,7],"futuriticasino.cc":[3,3],"futuroscope.com":[1,3],"futurpreneur.ca":[1,12],"futurumshop.nl":[9],"futwiz.com":[1],"fuugo.tv":[1],"fuvest.br":[1,12],"fuvest.com.br":[1,12],"fuw.ch":[1,2,12],"fux.com":[12,3],"fuxion.net":[1,12],"fuxtec.de":[1,9],"fuxx-kundenportal.de":[12],"fuyonsladefense.com":[1,12],"fuze.com":[1,5],"fuzemeeting.com":[1],"fuzenet.com.au":[1],"fuzeqna.com":[12],"fuzer.me":[10],"fuzex.co":[12],"fuzu.com":[1,6],"fvpa-esport.com":[1],"fvpn.com":[5,12],"fvrl.org":[1,12],"fvs.fr":[1,9],"fvtc.edu":[1,12],"fvw.de":[1,12],"fw-notify.net":[12],"fwcustomer.org":[1],"fwi.co.uk":[1],"fwisd.org":[12],"fwo-eloket.be":[12],"fwps.org":[12],"fwrd.com":[9],"fws.gov":[1,12],"fwspayments.com":[1],"fwsymphony.org":[1,12],"fx-arabia.com":[2],"fx-on.com":[1,2,12],"fx-trend.com":[12],"fxacademy.com":[1,2,12],"fxbilling.net":[1],"fxblue.com":[1,2],"fxclub.org":[1,2],"fxcm.co.jp":[1,2],"fxcm.com":[2],"fxcmapps.com":[1,9],"fxcorporate.com":[12],"fxdd.com":[1,2],"fxdreema.com":[1,12,5],"fxfactory.com":[1,12],"fxfisherman.com":[1,2,5],"fxform.online":[12],"fxglobe.com":[1,2],"fxglory.com":[1,2],"fxhome.com":[1],"fxinteractive.com":[1,3,3],"fxlider.com":[1,2],"fxmconnect.com":[12],"fxmodelrc.com":[9],"fxnetworks.com":[1],"fxnextgen.com":[1,2],"fxopen.com":[2],"fxoro.com":[2],"fxp.co.il":[12,7],"fxpansion.com":[1],"fxphd.com":[1,12],"fxporn.net":[12,3],"fxprime.com":[1],"fxprimus.com":[1,2]}