{"ijji.com":[3,9],"ijk.com.au":[12],"ijoomla.com":[1,5],"ijoomlademo.com":[12],"ijr.com":[1],"ijtdirect.co.uk":[9],"ika.gr":[12],"ikalender.com":[1,12],"ikandou.com":[12],"ikang.com":[1,12,4],"ikano-storeportal.de":[1,12],"ikano.co.uk":[1,2],"ikanobank.de":[1,2],"ikanobank.se":[1,2],"ikanobostad.se":[1,12],"ikariam.com":[1,12],"ikarus.de":[1,9],"ikarus.net":[1,3,9],"ikatehouse.com":[9],"ikb.de":[1],"ikbenfrits.nl":[1],"ikea-family.cz":[1,9],"ikea-family.hu":[1,9],"ikea-usa.com":[9],"ikea.bg":[1,9],"ikea.ca":[9],"ikea.com":[1,9],"ikea.com.au":[1,9],"ikea.com.sg":[9],"ikea.com.tr":[9],"ikea.de":[9],"ikea.es":[1,9],"ikea.fr":[9],"ikea.gr":[1,9],"ikea.is":[9],"ikea.it":[9],"ikea.jp":[9],"ikea.nl":[9],"ikea.se":[9],"ikea.us":[9],"ikeacard.de":[9],"ikeafamily.com.au":[12],"ikeafamily.com.pt":[1,9],"ikeafamily.eu":[1,9],"ikeafamily.fi":[12],"ikeafamily.kr":[12],"ikeafamily.net":[1,9],"ikeahackers.net":[9],"ikeastampa.it":[12],"ikentoo.com":[1],"ikeyless.com":[1,9,12],"ikgagolfen.nl":[1],"ikhedmah.com":[1],"iki.fi":[1,12,5],"ikibu.com":[1,3,3],"ikinciyeni.com":[1,9,12],"ikingssgc.com":[1,12,10],"ikinoa.com":[1,12,3],"ikiosk.de":[1,3],"ikitesurf.com":[1,12,7],"ikk-classic.de":[1,12,4],"ikks.com":[1],"ikman.lk":[1,9],"ikmnet.com":[1,12],"ikmultimedia.com":[1,9],"iknow.jp":[1,12],"iknowthatgirl.com":[12],"iko-system.com":[1],"ikoala.com.au":[1,9],"ikointl.com":[1,11],"ikosoft.com":[1],"ikot.be":[1,3],"ikoula.com":[1,5],"ikovps.com":[12],"ikros.sk":[1],"ikrut.com":[1],"iks.co.nz":[1],"iksu.se":[1,12],"iktoos.com":[10],"ikwilhuren.nu":[1,8],"ikyu.com":[11],"il.gov":[1,12],"il.us":[12],"il24.net":[12],"il2sturmovik.com":[1,3,3],"ilab-analyses.fr":[1],"ilabsolutions.com":[1,12],"ilait.se":[1,5],"ilannfive.com":[9],"ilaustralia.com":[1,12,11],"ilbe.com":[1,12,3],"ilbello.com":[1,5],"ilc.org":[12],"ilcaffeitaliano.com":[1,9],"ilcorsaronero.info":[12],"ilcusys.com":[1],"ilcvperfetto.it":[1,12,6],"ildinsur.co.il":[1,2],"ildragonero.info":[1]}