{"figurine-collector.fr":[3,9],"fiig.com.au":[1,2],"fiinote.com":[1,5],"fiio.net":[1],"fiitjee.com":[1,12],"fiitjeelogin.com":[1],"fijiwater.com":[1,9],"fiken.no":[1],"fil-aluminium.com":[1,9],"fila.com":[9],"filaction.fr":[12],"filae.com":[1,12],"filalapat.fr":[12],"filarum.pl":[1,2],"filbleu.fr":[3,3],"file-seven.com":[1,5],"file-share.top":[1,3,10],"file-tracker.net":[3],"file-upload.cc":[1,5,10],"file-upload.com":[1,5,10],"file-upload.net":[5,10],"file.al":[5,10],"file.army":[1,5,10],"file4safe.com":[10],"file990.org":[1],"fileandservexpress.com":[1,12],"fileape.com":[12],"filebase.ws":[3],"filebit.pl":[1,5],"filebong.com":[1,3],"fileboom.me":[1],"filebot.net":[1,3,5],"filebound.com":[1],"filebox.com":[1,5],"filebucks.org":[12],"filecamp.com":[1],"filecast.co.kr":[1,3],"filecentral.se":[1,5],"filecity.co.kr":[3],"filecloud.io":[1],"filecloud.ws":[12],"filecluster.com":[5],"filecondo.com":[10],"filecrypt.cc":[12],"filedanstachambre.com":[1,9],"fileden.com":[1,5],"filedir.com":[1,12,3],"filedropper.com":[5,10],"filedude.com":[12],"filedwon.info":[1,10],"fileee.com":[1,5],"filefactory.com":[1,5,10],"filefixation.com":[12],"filefortune.com":[1,3,5],"fileforums.com":[3,3,10],"filefox.pl":[1,5],"filefront.com":[1,3,5],"filegir.com":[1,12,5],"fileham.com":[3],"filehippo.com":[1,5],"filehon.com":[3],"filehost.ro":[10],"filehost.ws":[12],"fileice.net":[1,12,5],"filejo.com":[3],"filejoker.net":[5,10],"filejungle.com":[12],"filekuki.com":[3],"filelate.com":[1,2],"filelist.ro":[1,12],"filelocal-wa.gov":[12],"filemail.com":[1,5],"filemaker.com":[1],"filemaker.de":[1],"filemakermagazine.com":[1,12,5],"filemakertoday.com":[1,12,5],"filemates.com":[1],"filemonkey.in":[1,11],"filenext.com":[1,5,10],"filengo.com":[1,12],"filenori.com":[12],"filenugget.com":[1],"filenuke.com":[12],"fileom.com":[12],"fileparadox.in":[12],"filepicker.com":[1,5],"filepicker.io":[1,5],"fileplanet.com":[1,5],"fileplay.net":[12],"fileporn.org":[1],"filepost.com":[1,5],"filepup.net":[1,5,10],"filer.net":[1,5],"fileright.com":[1,12],"filerio.in":[1,5,10],"files.fm":[1,5,10],"filesanywhere.com":[1,5],"filescdn.com":[1,5],"filesell.ir":[1,5]}