{"cam7.com":[12],"camaieu.fr":[9],"camaloon.fr":[1,9],"camamba.com":[10,3],"camara.gov.br":[1,12],"camara.net":[1,9],"camaro5.com":[12],"camaro6.com":[1,3],"cambeywest.com":[1],"cambiahealth.com":[1,12],"cambio-carsharing.com":[1],"cambio-carsharing.de":[1],"cambio.be":[1],"cambiumnetworks.com":[1],"cambly.com":[1,12],"camboyslive.com":[12],"cambrian.mb.ca":[1,2],"cambriausa.com":[1],"cambridge-water.co.uk":[1],"cambridge.edu.au":[1,12],"cambridge.gov.uk":[1,12],"cambridge.org":[1,12],"cambridgeartstheatre.com":[1,12],"cambridgeassessment.org.uk":[1,12],"cambridgeassociates.com":[1,12],"cambridgeaudio.com":[1],"cambridgebrainsciences.com":[1,12],"cambridgeenglish.org":[1,12],"cambridgeenglishteacher.org":[1,12],"cambridgeesol-results.org":[1],"cambridgefxonline.com":[1],"cambridgegcsecomputing.org":[1,12],"cambridgeincolour.com":[1,12],"cambridgelivetrust.co.uk":[1,12],"cambridgelms.org":[1,12],"cambridgema.gov":[1,12],"cambridgenetwork.co.uk":[1,12],"cambridgepub.com":[1,12],"cambridgesatchel.com":[9],"cambridgesavings.com":[1,2],"cambridgeshire.gov.uk":[1,12],"cambridgesoft.com":[1,12],"camcaps.net":[12,1,3],"camcard.com":[1],"camchatcommunity.com":[12,1,3],"camcloud.com":[1,5],"camcom.it":[12],"camcontacts.com":[12,1,3],"camden.gov.uk":[1,12],"camdencc.edu":[12],"camdenliving.com":[1,12],"camdennational.com":[1,2],"camdirect.fr":[12],"camdolls.com":[12],"camdudes.com":[12],"came-europe.com":[1,9],"came.com":[1,12],"camel.com":[12,9],"camelaudio.com":[1,9],"camelbackresort.com":[1,3],"camelbak.com":[1,9],"camelcamelcamel.com":[9],"cameleon.be":[12],"camelia.lt":[12,4],"camelotunchained.com":[1,12,3],"cameoez.com":[1],"camera360.com":[1,10],"camerabits.com":[1,12],"cameraboys.com":[12],"cameraftp.com":[1,5,9],"camerahot.com":[12],"camerahouse.com.au":[9],"camerajungle.co.uk":[9],"cameranu.nl":[9],"cameraprive.com":[1],"cameraprive.com.br":[12,1],"camerareadycosmetics.com":[9],"camerasdirect.com.au":[9],"camerashop.be":[9],"camerashop.nl":[9],"camerasky.com.au":[9],"cameratools.nl":[9],"camerite.com":[12],"cameron.edu":[12],"cameroncraig.com":[6],"cameronscoffee.com":[1,3,9],"cameyo.com":[1,5],"camformulas.com":[1,9],"camforpro.com":[1,9],"camfrog.com":[10,3],"camft.org":[1,12],"camfuze.com":[12],"camgasm.com":[1,12],"camh.net":[1,12,4],"camhub.com":[12,1],"camicado.com.br":[9],"camico.com":[1],"camif.fr":[1,9],"camile.ie":[1,3]}