{"viking-direct.co.uk":[9],"viking-direkt.ch":[9],"viking-studio.com":[1,12],"viking.de":[1,9],"viking.es":[9],"vikingbags.com":[9],"vikingcard.com":[1,5],"vikingco.com":[1,5],"vikingcodeschool.com":[1,12],"vikingdirect.be":[9],"vikingdirect.fr":[1,9],"vikingdirect.ie":[1,9],"vikingdirect.nl":[1,9],"vikingdirekt.at":[9],"vikingdirekt.ch":[1,9],"vikingline.ee":[1,3,9],"vikingline.fi":[1,3,9],"vikingline.se":[3,9],"vikingop.it":[1,9],"vikingrange.com":[1,9],"vikingrecruitment.com":[1,12,6],"vikingrivercruises.com":[1,9],"vikingslots.com":[3,3],"vikingsworld.fr":[1],"vikiporn.com":[12],"viks.com":[3,3],"viktor-rolf.com":[1,3],"viktvaktarna.se":[1,12],"vikus.net":[1],"vilayer.com":[1,5],"vilebrequin.com":[9],"vilkasgroup.com":[1],"villaagarna.se":[1],"village-hotels.co.uk":[1],"village-justice.com":[1,12],"village-libertin.com":[12],"village.com.ar":[12],"villageairportvan.com":[1],"villagecinemas.com.au":[3],"villagecinemas.gr":[3],"villagegym.co.uk":[1],"villagehatshop.com":[9],"villagehealthportal.com":[1,12],"villagemedicalcenter.com":[1,4],"villagepress.com":[1],"villagersandheroes.com":[1,12,3],"villages-news.com":[1,12,3],"villagesclubsdusoleil.com":[1,12,11],"villagesoup.com":[1],"villagetheatre.org":[1,12],"villaggiomusicale.com":[1,12,3],"villaggioscuola.it":[1,12],"villamedia.nl":[1,12],"villanova.edu":[12],"villas.com":[11],"villasport.com":[1],"villatech.fr":[9],"villavu.com":[12],"ville-ge.ch":[1,12],"ville-issy.fr":[1,12],"ville-levallois.fr":[1,12],"ville-nice.fr":[1,12],"ville-virtuelle.com":[1,12,5],"villeroy-boch.com":[1,9],"villette.com":[1,12,3],"villo.be":[1,12],"vilniausenergija.lt":[1,12],"vilniustransport.lt":[12],"vilogi.com":[1],"vilogia.fr":[12],"viloud.tv":[1],"vilros.com":[1,9],"vim-adventures.com":[1,12,5],"vima.fr":[9],"vimar.com":[12],"vimcar.com":[1,12],"vimeet.events":[12],"vimeo.com":[3],"vimeopro.com":[1,3],"vimeworld.ru":[3],"vimexx.nl":[1,5],"vimla.se":[1],"vimp.com":[1,12],"vimpelcom.com":[1,12],"vimtag.com":[12],"vin-malin.fr":[12,1,9],"vin.com":[1,12],"vinabook.com":[12,3,9],"vinagames.com":[12],"vinagecko.com":[1,5],"vinaleech.com":[1,12,5],"vinaphone.com.vn":[12],"vinaresearch.net":[1,12],"vinatis.co.uk":[12,9],"vinatis.com":[12,9],"vince.com":[9],"vincecamuto.com":[9],"vincedelmontefitness.com":[12,3],"vincennes.fr":[1,12]}