{"kodinerds.net":[5,10],"koding.com":[1,5],"koding.io":[1,5],"kodingen.com":[1,5],"kodistreams.tv":[1,12,10],"koditvbox.ca":[1,9],"kodorzezwienia.pl":[1],"koeln-bonn-airport.de":[1,12,11],"koeln.de":[1,12],"koelner-philharmonie.de":[12,3],"koelnerbank.de":[12],"koelnmesse.de":[1],"koelnticket.de":[1,3],"koeze.com":[1,3,9],"koezio.co":[12],"kofax.com":[1],"kofc.org":[1,12,12],"kofcknights.org":[1,12],"koffer-arena.de":[9],"koffer-direkt.de":[9],"kofferprofi.de":[9],"kofferraumwannen.de":[1,9],"koffiecenter.nl":[1,3,9],"koffiecentrale.nl":[3,9],"koffiehuukske.info":[1,12,5],"koffiemarkt.be":[1,3,9],"koffievoordeel.nl":[9],"kofile.com":[1],"kofiletech.us":[12],"kogama.com":[3],"kogama.com.br":[3],"kogan.com":[9],"koganmobile.com.au":[1],"koggames.com":[12],"kognito.com":[1,12],"kognitocampus.com":[1,12],"kognity.com":[1,12],"koha-ptfs.co.uk":[1,12],"kohalibrary.com":[1,12],"kohana-serveur.com":[12],"kohezion.com":[1,5],"kohler.com":[1,9],"kohlerco.com":[12],"kohlerenginesparts.com":[1,9,12],"kohlernet.com":[12],"kohls.com":[9],"kohnan-eshop.com":[9],"koho.ca":[1],"koicbd.com":[1,12,12],"koin.hu":[1,5],"koinex.in":[12],"koingosw.com":[1,5],"koinim.com":[1],"koinme.com":[1],"kojima.net":[1,9],"koka36.de":[12,3],"kokaihop.se":[3],"koken.me":[1],"koket.se":[3],"kokopelli-semences.fr":[1,12,3],"kokos.pl":[1],"kokucheese.com":[1,12],"kolabnow.com":[1,5],"kolbe.com":[1,12],"kolding.dk":[1,12],"koleimports.com":[1,9],"kolesa-darom.ru":[1,9],"kolesa.kz":[12],"kolibrie.nl":[1,12],"kolibrishop.com":[12],"kolikkopelit.com":[1],"kollabora.com":[1,9],"kollaborate.tv":[1,5],"kollegienet.dk":[1,12],"kollegierneskontor.dk":[1,12],"kolonial.no":[1,9],"kolor.com":[1,12],"kolotibablo.com":[1],"kolozzeum.com":[1,12,10],"kolumbus.fi":[1,5],"kolumbus.no":[1,12,9],"kolxoz.net":[1,12],"komamono-honpo.com":[1,3,9],"komandacard.ru":[1],"komando.com":[1,3,7],"komatsu.co.jp":[12],"kombank.com":[1,2],"kombispel.se":[1],"kombo.com.br":[1,12],"kombuchakamp.com":[1],"komeri.com":[9],"komische-oper-berlin.de":[1,12,3],"komixxy.pl":[1,12,3],"kommago.nl":[1,12],"kommersannons.se":[1,12],"kommune24-7.no":[12],"komo.co.il":[9],"komodochess.com":[12],"komodoplatform.com":[1,12,5]}