{"nouveauxmarchands.com":[9],"nouvelle-aquitaine.fr":[1,12],"nouvelles-frontieres.fr":[12,11],"nouvellesplaques.com":[1,9],"nouvelobs.com":[1,12,7],"nouw.com":[1],"nov.com":[1,12],"nova-motors.de":[1,9],"nova.cz":[3],"nova.edu":[12],"nova.gr":[1,12],"nova.is":[1,12,9],"novabench.com":[1,12,5],"novacollege.nl":[1,12],"novaconcursos.com.br":[1,12],"novadab.com":[9],"novadevelopment.com":[1],"novaexchange.com":[1,2],"novafile.com":[10],"novafilm.tv":[1,12,3],"novakom.com.ua":[1,12],"novamind.com":[1,12],"novamov.com":[1],"novancia.fr":[1,12],"novanthealth.org":[1,4],"novantmychart.org":[1,12],"novaplanet.com":[12,3,3],"novaposhta.ua":[1],"novara.it":[12],"novaragnarok.com":[1,3],"novaraider.com":[1,12,3],"novartis.com":[1,12],"novartis.net":[12],"novartisrebates.com":[12],"novascotia.ca":[1,12,9],"novaset.net":[12,3],"novasol.com":[1,12,11],"novasol.de":[1,12,11],"novastor.com":[1,5],"novatech.co.uk":[9],"novatechwholesale.com":[9],"novatest.es":[1],"novatim.com":[1,5],"novatimeanywhere.com":[1,12],"novationmusic.com":[1,9],"novationmusic.de":[1],"novationmusic.fr":[1],"novatrend.ch":[1,5],"novaventa.com.co":[1],"novaworld2.com":[1,3,5],"nove.fr":[1,5,9],"novec.com":[1,12],"novelab.fr":[1,12],"novelam.fr":[1,5],"novelia.fr":[1],"novell.com":[1,5],"novelpay.com":[1],"novelplanet.com":[12,3],"noveltylights.com":[9],"novelupdates.com":[1],"noverca.it":[1],"novia-financial.co.uk":[1],"noviale.fr":[12],"noviaonline.co.uk":[1],"novica.com":[9],"novidi.com.br":[9],"novinarnica.net":[1,7,9],"noviopinion.com":[12],"noviscore.fr":[1,12],"novixus.com":[1,9],"novlr.org":[1,12,3],"novoamc.com":[1],"novoatalho.pt":[9],"novobanco.pt":[1,2],"novoed.com":[1,12],"novojob.com":[1,6],"novolog.com":[12,4],"novomatic.com":[1],"novomedlink.com":[1,12,4],"novomundo.com.br":[1,9],"novonordisk-jobs.com":[1,6],"novoresume.com":[1,6],"novotel.com":[1,11],"novotelecom.ru":[1,12],"novotempo.com":[12,3],"novu.com":[1,12],"novumbankgroup.com":[1],"novus.com.ua":[1],"novusnet.com":[1,2],"now-date.de":[10],"now.com":[12],"nowa.cc":[12,5],"nowaera.pl":[12],"nowaitapp.com":[1],"nowatv.net":[1,3,5],"nowcasting.com":[12],"nowclinic.com":[1],"nowcoder.com":[1,12,5],"nowcommerce.com":[1]}