{"o2o.it":[1,12],"o2online.de":[1,5,9],"o2online.ie":[1],"o2priority.co.uk":[1],"o2recycle.co.uk":[1],"o2service.de":[1,5],"o2surf.stick":[12],"o2switch.fr":[1,5],"o2switch.net":[1,5],"o2trailblazers.co.uk":[1,12],"o2tv.cz":[3],"o2wifi.co.uk":[12],"o3.ua":[1],"o4games.com":[3,3],"oa-bsa.org":[1,12],"oa.pt":[12],"oabrj.org.br":[1,12],"oabsp.org.br":[1,12],"oaccoin.com":[1,2],"oaclub.org":[1,12,3],"oaed.gr":[1,12],"oaee.gr":[1],"oagd.net":[7,12,3],"oaim.ie":[1,12],"oakfurnitureland.co.uk":[9],"oakgov.com":[1,12],"oakhousefoods.co.uk":[1,3],"oakland.edu":[12],"oaklandcc.edu":[12],"oaklandcountycu.com":[1,2],"oaklandlibrary.org":[1,12],"oaklandnet.com":[1,12],"oakley.com":[9],"oakley.com.br":[9],"oakleysi.com":[9],"oakleysign.com":[1,12],"oakleysigninstallation.com":[1],"oakleyvault.com":[9],"oakshotelsresorts.com":[1,11],"oakton.edu":[12],"oaktreecapital.com":[1,2],"oakville.ca":[1,12],"oakvillehydro.com":[1,12],"oamarelinho.com.br":[1,3],"oamk.fi":[12],"oanda.ca":[1,2],"oanda.co.uk":[1,2],"oanda.com":[1,2],"oanda.jp":[1,2],"oanda.sg":[1,2],"oandfs.com":[1,12],"oaretirement.com":[1,2],"oars.com":[1,12,11],"oars.net":[1],"oas.org":[1,12],"oasap.com":[9],"oasgames.com":[3],"oasi-servizi.it":[1],"oasis-stores.com":[9],"oasis.com":[10],"oasis.gov.in":[12],"oasisactive.com":[12,1],"oasisassistant.com":[12],"oasisdating.com":[10],"oasisdeg.com":[12],"oasisenergy.com":[1],"oasisnet.org":[1,12],"oasispayroll.com":[1],"oasisscheduling.com":[1,12],"oastrk.com":[12],"oasyssports.com":[1],"oattravel.com":[1,12,11],"oaug.org":[1,12,5],"oauife.edu.ng":[12],"oauth.io":[1,5],"oaxray.com":[1,9],"ob10.com":[1],"oba.nl":[1,12,3],"obambu.com":[1,5],"obaz.com":[12],"obbod.com":[3,3],"obconline.co.in":[1,2,5],"obd-codes.com":[7,12,9],"obdesign.com.tw":[1,9],"obdev.at":[1],"obdsoftware.net":[1,5,9],"obelink.de":[9],"obelink.fr":[9],"obelink.nl":[9],"obeo.com":[1],"oberalp.com":[12],"oberbank-banking.at":[1,2,9],"oberd.com":[1],"oberlin.edu":[12],"oberlo.com":[1],"oberoihotels.com":[12],"oberondesign.com":[9],"oberweis.com":[1],"obesityhelp.com":[1,12]}