{"attitudeclothing.co.uk":[9],"attlocal.net":[12],"atto.com":[1,5],"attorneycredits.com":[1],"attorneygeneral.gov":[1,12],"attotech.com":[1,5],"attpac.org":[1,12],"attracta.com":[1,5],"attractiveworld.com":[12],"attractiveworld.net":[10],"attsuppliers.com":[1,12],"atttowers.com":[12],"attwifi.com":[1,5],"attwireless.com":[12],"atu.de":[1,9],"atu.edu":[12],"atualcard.com.br":[1],"atualgps.net":[10],"atualizasat.com":[12,3],"atudo.com":[1],"atudo.de":[1],"atupri.ch":[1],"atuvu.ca":[1,12,3],"atvflash.com":[1,3,5],"atvtrader.com":[1,9,12],"atw.hu":[1,12,11],"atwar-game.com":[3],"atwebpages.com":[1],"atwestend.com":[1,9],"atwiki.jp":[1,12,3],"atwonline.com":[1,12],"atwork.com":[1],"atxinc.com":[1],"atylia.com":[1,9],"au-plaisir-de-vivre.be":[12],"au-sonpo.co.jp":[1,2],"au.com":[1,9],"au.dk":[1,12],"au.ru":[1,12,9],"auanet.org":[1,12,4],"aub.ac.uk":[12],"aub.edu.lb":[12],"aubade.fr":[12,9],"auberins.com":[9],"aubert.com":[9],"aubert.fr":[9],"aubertwines.com":[12],"aubi-plus.de":[1,12],"aubu.de":[1,9],"auburn.edu":[12],"auburnalabama.org":[1,12],"aucareers.org":[1,12],"aucc.ca":[12],"aucegypt.edu":[12],"aucfan.com":[1,9],"auchan.com":[1,12],"auchan.fr":[9],"auchan.hu":[1,9],"auchan.it":[1,12,9],"auchan.net":[12],"auchan.pt":[1,12],"auchan.ru":[9],"auchandirect.fr":[1,9],"auchandirect.pl":[3],"auchandrive.fr":[1],"auchandrive.lu":[1,12],"auchanfioul.fr":[1,9],"auchantelecom.fr":[1,9],"auckland.ac.nz":[12],"aucklandairport.co.nz":[1,11],"aucoffre.com":[9],"auctelia.com":[1,9],"auction-bid.org":[1],"auction-solutions.co.uk":[1,9],"auction.co.kr":[1,9],"auction.co.uk":[1,2,8],"auction.com":[1],"auction.fr":[1],"auction2000.se":[1,12,5],"auctionaccess.com":[1],"auctionanything.com":[1],"auctionata.com":[1],"auctiondocs.com":[12],"auctioneers.co.uk":[1,9,12],"auctionet.com":[1,9],"auctionexport.com":[10,12],"auctionflex.com":[1],"auctiongenius.net":[1],"auctionking.com":[1,9],"auctionmasters.com":[12],"auctionmaxx.com":[9],"auctionnation.com":[1],"auctionohio.com":[9],"auctionpipeline.com":[1],"auctionraptor.com":[1,9],"auctions.com.au":[1],"auctionserver.net":[1],"auctionsinternational.com":[1],"auctionsniper.com":[1,9]}