{"bancacv.it":[1,12,6],"bancadalba.it":[1,12],"bancadelladriatico.it":[1,12],"bancadiasti.it":[1,2],"bancadigitalbod.com":[12],"bancaditalia.it":[1,12],"bancagenerali.it":[1,2],"bancaifis.it":[1,12],"bancaifisimpresa.it":[1],"bancaintesa.rs":[1,2],"bancamarch.es":[1,2],"bancamarche.it":[1,2],"bancamediolanum.it":[1],"bancapopolare.it":[1,5],"bancaprossima.com":[12],"bancaribe.com.ve":[1,2],"bancasanthuong.com":[12],"bancdebinary.com":[1,2],"bancfirst.com":[1,2],"bancfirstonline.com":[1,12],"banckle.com":[1,5],"bancnetonline.com":[12],"banco.bradesco":[1,2],"bancoactivo.com":[1],"bancoazteca.com":[12],"bancoazteca.com.mx":[12],"bancobcr.com":[1],"bancobest.pt":[12],"bancobmg.com.br":[1],"bancobpm.it":[1,12],"bancobrasil.com.br":[12],"bancocajasocial.com":[1,2],"bancocaroni.com.ve":[1,2],"bancochile.cl":[12],"bancociudad.com.ar":[12],"bancocredicoop.coop":[1],"bancoctt.pt":[1,2],"bancodebogota.com":[1,2],"bancodeoccidente.com.co":[1,2],"bancodeseries.com.br":[1,3],"bancodevenezuela.com":[1,2],"bancodinapoli.it":[1,12],"bancoestado.cl":[1,2],"bancoexterior.com":[1,2],"bancofalabella.cl":[12],"bancofalabella.com.co":[1,2],"bancofalabella.pe":[1,2,9],"bancogalicia.com.ar":[12],"bancoinbursa.com":[1],"bancointer.com.br":[12],"bancolafise.com.ni":[1,12],"bancolombia.com":[1],"bancomer.com":[1,2],"bancomercantil.com":[12],"bancopan.com.br":[1],"bancopastor.es":[1,2],"bancopatagonia.com.ar":[12],"bancoplaza.com":[1,2],"bancopopolare.it":[1,2],"bancopopular-e.com":[1,2,12],"bancopopular-e.es":[1,2,12],"bancopopular.com":[1,2],"bancopopular.com.co":[1,2],"bancopopular.es":[1],"bancopopular.pt":[1,2],"bancoposta.it":[1],"bancopostaclick.it":[1,2],"bancoppel.com":[1],"bancoprovincia.com.ar":[1],"bancorbras.com.br":[1],"bancorenault.com.br":[1,2],"bancorpsouthcardsonline.com":[1],"bancorpsouthonline.com":[1,2],"bancosantander.es":[1,2],"bancosantiago.cl":[12],"bancosecurity.cl":[12],"bancotoyota.com.br":[1],"bancounion.com.bo":[12],"bancovotorantimcartoes.com.br":[1],"bancovw.com.br":[1,2],"bancpost.ro":[1,2],"bancreator.com":[1,10],"bancsabadell.com":[1,2],"bancsabadell.mobi":[1],"bancserv.net":[1],"band.com.br":[12,3,7],"band.us":[12],"bandainamcoent.com":[1,3,3],"bandainamcoent.de":[3],"bandainamcoent.es":[3],"bandainamcoent.eu":[1,3],"bandainamcoent.fr":[3],"bandainamcoent.it":[3],"bandainamcoentstore.com":[9],"bandainamcoid.com":[1],"bandbireland.com":[1,11],"bandcamp.com":[1,12,3],"bandce.co.uk":[1],"bandel-online.de":[1,9]}