{"divebuddy.com":[1,12],"divecomputertraining.com":[3],"divelogs.de":[1,12,3],"divera247.com":[1,12],"diverightinscuba.com":[9],"divers-supply.com":[9],"diversalertnetwork.org":[1,12],"diversdirect.com":[9],"diversesolutions.com":[1],"diversifiedbillpay.com":[1],"diversitycompliance.com":[12],"diversityjobs.co.uk":[1,6],"diversitysoftware.com":[1,5],"divertistore.com":[1,12,9],"divertix.fr":[1,5],"diverxity.com":[12,1],"divessi.com":[1,12],"divi-den.com":[12],"divi.space":[1,12],"divia.fr":[1],"diviac.com":[1,11],"divibooster.com":[1],"dividend.com":[1,2],"dividenddetective.com":[1,2],"dividendinvestor.com":[1],"dividendmachine.com":[1],"dividendmilesstorefront.com":[1],"divilife.com":[1,12,5],"divine.ca":[12,3,9],"divinecaroline.com":[3,9],"divineoffice.org":[1,12],"divineshop.vn":[1,3,9],"divinoamor.com.br":[10],"divinvest.com":[1,2,12],"diviplugins.com":[1,5],"divisare.com":[1,12],"division.yt":[12],"divisioneconsumer.it":[1,2],"diviunited.com":[1],"divivacationclub.com":[1,11],"diviwebdesign.com":[1],"divoke-kmene.sk":[1,12,3],"divokekmeny.cz":[1,12,3],"divorce-education.com":[12,4],"divorceematrimony.com":[10],"divorcetrak.co.uk":[1],"divorcewriter.com":[1,12],"divshare.com":[12],"divshot.com":[1],"divulgandocanais.com.br":[1],"divulgatube.com":[12],"divvee.net":[12],"divvee.social":[1],"divvybikes.com":[1],"divvyhq.com":[1],"divx.com":[3,12,5],"divxatope.com":[12],"divxmember.com":[12],"divxonline.info":[3],"divxplanet.com":[1],"divxstage.eu":[12],"divxsubtitles.net":[7,3],"divxtotal.com":[3],"divxturka.net":[12],"dix3.com":[1,5,10],"dixel.fr":[1,12],"dixie.edu":[12],"dixiecrystals.com":[1,3],"dixiegunworks.com":[9,12],"dixipay.com":[1,2],"dixned.com":[1],"dixons.co.uk":[9],"dixons.nl":[1,5,9],"dixonsretailtraining.co.uk":[1],"dixys.com":[1],"diy-and-vap.fr":[12,9],"diy-ejuice.com":[12,9],"diy.com":[9],"diy.org":[1,12,3],"diyadvice.com":[1,12,9],"diyanet.gov.tr":[1,12],"diyaudio.com":[1],"diychatroom.com":[10],"diydrones.com":[1,12],"diyelectriccar.com":[1,3,12],"diymobileaudio.com":[1,9],"diynetwork.com":[1,12,3],"diynot.com":[1,12],"diyonline.com":[1],"diyplr.com":[1,12],"diyres.com":[1],"diystompboxes.com":[7,12,3],"diythemes.com":[1,5],"diytrade.com":[1,9],"dizibox.com":[3],"dizibox1.com":[3],"dizilab.com":[1,3],"dizilab.net":[1,3],"dizilab.tv":[1,3]}