{"partsim.com":[1],"partsimple.com":[1,9],"partslink24.com":[12],"partsnetweb.com":[1],"partsnl.nl":[1,9],"partsnow.com":[1],"partsouq.com":[1,9,12],"partsrebates.com":[1,12,9],"partsrunner.de":[1,9,12],"partstore.com":[9],"partstown.com":[1,9],"partstrain.com":[9,12],"partstree.com":[1,9],"partsurvey.com":[12],"partswarehouse.com":[9],"partswebsite.com":[9,12],"partsworld.co.nz":[1,9],"partyandplay.net":[10],"partycasino.com":[3,3],"partycity.com":[3,9],"partydelights.co.uk":[1,3,9],"partyflock.nl":[1,3],"partyforthepeople.org":[1],"partylite.biz":[12],"partylite.com":[1,9],"partymatching.com":[1],"partypieces.co.uk":[1,9],"partyplatten.ch":[12],"partypoker.com":[3,3],"partzilla.com":[9,12],"paruvendu.fr":[1,12,9],"paruvendupro.fr":[1,12],"parwise.de":[1,12],"parxcasino.com":[1,3,3],"parxonline.com":[1,3,3],"parxsolutions.com":[1,12],"pas.org":[1,12],"pasadena.edu":[12],"pasadenaisd.org":[12],"pasadenaplayhouse.org":[1,12,3],"pasands.com":[1],"pasateatorrent.com":[1,3],"pascalcoste-shopping.com":[12,3,9],"paschoolmeals.com":[12],"pascocountyfl.net":[1,12],"pascolibraries.org":[1,12],"pasdecalais.fr":[1,12],"pasion.com":[12],"paskr.com":[1],"pasolo.com":[1,9],"pason.com":[1],"paspic.com":[12],"pasrel.com":[12],"pass-education.fr":[12],"pass-guaranteed.com":[1,5],"pass.com":[12,3],"pass.fr":[1,2],"pass.org":[1,12],"pass.us":[1],"pass4sure.com":[1,5],"passagebleu.com":[1,9],"passagedudesir.fr":[12,9],"passagen.se":[1,5,9],"passagensweb.net":[1,12],"passageware.com":[12],"passageways.com":[1],"passaporteweb.com.br":[1],"passarela.com.br":[9],"passatworld.com":[10,12],"passbrains.com":[1],"passdock.com":[1],"passdropit.com":[1,10],"passeidireto.com":[12],"passengerwifi.com":[1],"passeportescales.com":[1,12],"passeportsante.net":[4],"passerelle-esc.com":[1,12],"passetonbillet.fr":[1,12,3],"passetoncode.fr":[1,12],"passforyou.com":[1,12,11],"passgallery.com":[1],"passged.com":[1,12],"passhe.edu":[1,12],"passion-406.com":[1,12,10],"passion-harley.net":[12,10],"passion-hd.com":[12,1,3],"passion-radio.com":[1,9],"passion-repack.com":[12,1],"passion-xbmc.org":[12],"passion.com":[10],"passion.io":[1,12],"passion18.com":[12],"passion4profession.net":[1,12],"passiondesire.com":[12,3],"passionepeugeot.it":[1,12],"passioneunghie.com":[9],"passionplanner.com":[1],"passiontec.de":[12],"passit.ca":[1,12]}