{"bulbagarden.net":[12,3],"bulbamerica.com":[1,9],"bulbank.bg":[2],"bulbconnection.com":[1,9],"bulbhead.com":[9],"bulbintown.com":[1,12],"bulbs.com":[1,9],"bulbsdirect.com":[1,9],"bulbtown.com":[9],"buldoza.gr":[9],"bulevip.com":[9],"bulgari.com":[1,9],"bulkammo.com":[1,9,12],"bulkapothecary.com":[1,9],"bulkemailchecker.com":[1,5],"bulkfoods.com":[1,3,9],"bulknaturaloils.com":[1,9],"bulknutrients.com.au":[1,9],"bulkofficesupply.com":[12],"bulkplay.com":[1,3],"bulkpowders.co.uk":[1,3,9],"bulkpowders.de":[1,3,9],"bulkpowders.dk":[1,3,9],"bulkpowders.es":[1,3,9],"bulkpowders.fr":[1,3,9],"bulkpowders.ie":[3,9],"bulkpowders.it":[1,3,9],"bulkpowders.nl":[1,3,9],"bulkreefsupply.com":[1,9],"bulkregister.com":[1,5],"bulksms.co.uk":[1,5],"bulksms.com":[1,5],"bulksupplements.com":[1,9],"bull.com":[1],"bullbearings.co.uk":[1],"bullbinary.com":[1,5],"bullclix.com":[1],"bulldozair.com":[1],"bullebleue.fr":[1,12],"bullethq.com":[1],"bulletin.net":[1,5],"bulletinsdepaye.com":[12,3,9],"bulletproof.com":[1,9],"bullgamez.com":[1,12],"bullguard.com":[1,5],"bullhorn.com":[1],"bullhorncloud.com":[1],"bullhornreach.com":[1],"bullhornstaffing.com":[12],"bullionbypost.co.uk":[1,9],"bulliondirect.com":[1,9],"bullionstar.com":[1,9],"bullionvault.com":[1,2],"bullionvault.fr":[1,2],"bullmoose.com":[3,9],"bullseyeglass.com":[1],"bullseyeinsiders.com":[1,5],"bullseyelocations.com":[1],"bullsf.com":[1,12],"bullsonwallstreet.com":[1,2,12],"bullymake.com":[1,12,9],"bulq.com":[1,9],"bulsat.com":[1,5],"bulubox.com":[1,9],"bumastemra.nl":[1,12,3],"bumbet.com":[12],"bumbleandbumble.com":[9],"bumblebeeauctions.co.uk":[1,9],"bumbumtrain.com":[12],"bumeran.cl":[1],"bumeran.com.ar":[1,12],"bumeran.com.ec":[1],"bumeran.com.mx":[1,12],"bumeran.com.pe":[1,12],"bumeran.com.ve":[1,12],"bummerl.at":[1,3,3],"bunac.org":[1,12],"buncee.com":[1,12],"bunches.co.uk":[12,9],"buncombecounty.org":[1,12],"bund-verlag.de":[1,12],"bund.de":[1],"bundderversicherten.de":[1,2,12],"bundesanzeiger-verlag.de":[1,12],"bundesarchiv.de":[1,12],"bundesbank.de":[1,2,12],"bundeskampf.com":[12],"bundesliga.com":[1,3],"bundesliga.de":[1,3],"bundesnetzagentur.de":[1],"bundestag.de":[1,12],"bundeswehr-karriere.de":[1,12],"bundlehunt.com":[9],"bundlemonster.com":[1,9],"bundleofholding.com":[1,12,9],"bundlestars.com":[3,9],"bundlestorm.com":[1,9],"bundysoft.com":[1],"bungalow5.com":[1,9]}