{"lux-nijmegen.nl":[1,3],"luxa.jp":[1],"luxair.lu":[1,11],"luxauto.lu":[1,9,12],"luxbazar.lu":[1,9],"luxbet.com":[1],"luxdisc.com":[9],"luxedecor.com":[9],"luxembourgartprize.com":[1,12],"luxerone.com":[1],"luximer.com":[3,9],"luxmed.pl":[1,12,4],"luxmovil.com":[5,7,9],"luxnote-hannover.de":[1,5,9],"luxoft.com":[1,5],"luxola.com":[9],"luxology.com":[1,12],"luxor-kino.de":[12],"luxor.com":[1],"luxortheater.nl":[1,12,3],"luxottica.com":[1,12],"luxpaid.com":[1,5],"luxplus.dk":[1,9],"luxplus.se":[1,9],"luxproducts.com":[1,9],"luxsat.eu":[1],"luxsci.com":[1,5],"luxsocks.ru":[12],"luxsys-apps.com":[1],"luxtrust.com":[1],"luxtrust.lu":[1,12],"luxuretv.com":[12],"luxuryescapes.com":[1,9,11],"luxuryestate.com":[11],"luxuryhomemarketing.com":[1],"luxuryhousesitting.com":[1,12],"luxurylink.com":[12],"luxuryportfolio.com":[1],"luxuryretreats.com":[11],"luxurysociety.com":[1,12],"luxvision.com.br":[1,5],"luxyachts.com":[1],"luz.edu.ve":[12],"luzdelsur.com.pe":[1,12],"luzerne.edu":[12],"luzernerzeitung.ch":[1,12],"luzme.com":[9],"luzsaude.pt":[1,12,4],"lv-travel.co.uk":[12],"lv.com":[1,2],"lv1871.de":[1,12],"lva-auto.fr":[1,9,12],"lvac.com":[1],"lvaction.com":[3,3],"lvb.de":[1,12],"lvbet.com":[1,3],"lvccld.org":[1,12],"lvdirect.net":[12],"lvgirqp.co.uk":[12],"lvh.com":[1],"lviv.ua":[1,12],"lvluplife.com":[1,12,3],"lvm.de":[1,2],"lvmh.com":[1,12],"lvmh.fr":[1,12],"lvmpd.com":[1,12],"lvp.es":[3],"lvr.de":[1,12],"lvs1.com":[12],"lvsi.com":[12],"lvusd.org":[12],"lvva-raduraksti.lv":[12],"lvvwd.com":[1],"lvz-online.de":[1,12,7],"lvz.de":[1,12,7],"lwcc.com":[1,12],"lwcdirect.com":[12],"lwcky.com":[1,12],"lwconnect.org":[1],"lwks.com":[1,5],"lwn.net":[5],"lwrci.com":[9,12],"lws-hosting.com":[1,5],"lws.fr":[1,5],"lwsd.org":[12],"lwspanel.com":[12],"lwtears.com":[1,12],"lwtech.edu":[12],"lww.com":[1,12],"lxbio.fr":[1,12,4],"lxforums.com":[1,9,12],"lxr.com":[1],"ly.com":[1,11],"lyad.fr":[1,12,3],"lybrary.com":[1,12],"lybrate.com":[1,12,4],"lycamobile.be":[1],"lycamobile.ch":[1],"lycamobile.co.uk":[1]}