{"cpg.org":[1,12],"cpge.ac.ma":[1,12],"cph.dk":[1,11],"cph.org":[1,12],"cphbusiness.dk":[1,12],"cphportal.com":[1],"cpi-outsourcing.com":[1],"cpimobi.com":[1,12],"cpinvest.cz":[1,2],"cpiop.com":[9],"cpisecurity.com":[1],"cpit.ac.nz":[12],"cpiworld.com":[1,12],"cpix.fr":[5,7,9],"cpjobs.com":[1],"cpk.com":[1],"cpl.ie":[1,6],"cpl.org":[1,12],"cple-learning.co.uk":[1,12],"cplonline.com.au":[9],"cplretailenergy.com":[1],"cplus.org":[1],"cplusplus.com":[1,12,5],"cpm.org":[12],"cpmaffiliation.com":[12,1],"cpmbux.com":[1],"cpmdb1.com":[1],"cpmfun.com":[1],"cpmipro.com":[1,2,12],"cpmlink.net":[9],"cpms.fr":[12],"cpmstar.com":[1],"cpn.vwg":[12],"cpnv.ch":[1,12],"cpo.org.uk":[1,12,12],"cpobrasil.com.br":[12],"cpomilwaukee.com":[9],"cpoms.net":[12],"cponline.org.ar":[12],"cpooutlets.com":[9],"cportcu.org":[1,2],"cpositif.com":[1,12],"cpothemes.com":[1,5],"cpotools.com":[9],"cpournous.com":[1,3],"cpp.com":[1,12],"cpp.edu":[12],"cppe.ac.uk":[1,12],"cppfrance.com":[12,5],"cppinstitute.org":[1,12],"cppmembers.com":[12],"cpps.io":[12],"cpps.me":[1,12,3],"cpr.ca":[12],"cpraedcourse.com":[1,12],"cprcare.com":[1,12],"cprewritten.net":[12],"cprime.com":[1],"cprmycareer.com":[1,6],"cprogramming.com":[12,5],"cpromarket.com":[1,6,9],"cprpsncf.fr":[1,12],"cprtoday.com":[1,12],"cprverify.org":[1,12],"cps-ecp.ca":[1,12],"cps-k12.org":[12],"cps.edu":[1,12],"cps3survey.com":[12],"cps4rec.com":[12],"cpsa.com":[1],"cpsbc.ca":[1,12,4],"cpscentral.com":[1],"cpscetec.com.br":[12],"cpschools.com":[12],"cpsenergy.com":[1,12],"cpsenergysavers.com":[12],"cpshr.us":[1],"cpsk12.org":[12],"cpsms.dk":[1,5],"cpso.on.ca":[1,12],"cpstraders.com":[1],"cpta.com.cn":[1,12],"cpturbo.org":[1,12,5],"cpuid.com":[1,5],"cpushareownerservices.com":[1],"cput.ac.za":[1],"cpvm.vn":[1,12],"cpx24.com":[12,1],"cq-amateur-radio.com":[1,12,3],"cq-portal.net":[1],"cq.com":[1],"cqc.org.uk":[1,12],"cqcenter.com":[1],"cqg.com":[1],"cqgoldrewards.com":[1,3],"cqout.com":[1,9],"cqpim.uk":[1,12,5],"cqpress.com":[1,12],"cqrollcall.com":[1,12]}