{"wholebrainteaching.com":[1,12],"wholecloud.net":[1,5],"wholefoods.com":[1],"wholefoodsmarket.com":[1],"wholelattelove.com":[1,3],"wholelifechallenge.com":[1,12,4],"wholesale-dress.net":[12],"wholesale2b.com":[1,9],"wholesale7.net":[9],"wholesaleaccessorymarket.com":[9],"wholesalebeddings.com":[9],"wholesaleboutique.com":[9],"wholesalebuying.com":[9],"wholesalecentral.com":[9],"wholesaleclearance.co.uk":[1,9],"wholesaleclub.ca":[3,9],"wholesalecrafts.com":[1],"wholesaledeals.co.uk":[9],"wholesalefashionshoes.com":[9],"wholesalefashionsquare.com":[9],"wholesalefashionyetts.com":[9],"wholesaleforum.com":[1],"wholesalegadgetparts.com":[9],"wholesalehalloweencostumes.com":[9],"wholesaleinternet.net":[1],"wholesalejewelrysupply.com":[9],"wholesaleledlights.co.uk":[1,9],"wholesalemarine.com":[9,12],"wholesalepartysupplies.com":[1,9],"wholesalepet.com":[9],"wholesalesports.com":[9],"wholesalesuppliesplus.com":[1,9],"wholesalesurvivalkits.com":[1,9],"wholesaletoner.com.au":[12],"wholesalevapor.com":[12,9],"wholeschoolvle.com":[12],"wholetones.com":[7,1,12],"wholeworld.biz":[1,12],"whollygenes.com":[12,5,10],"whooing.com":[1,5],"whooming.com":[1],"whooosreading.org":[1,12],"whoop.com":[1],"whooshstore.com":[1],"whoozin.com":[1],"whoplusyou.com":[1,6],"whoreadme.com":[1,5],"whorepresents.com":[1,3],"whosampled.com":[1,12,3],"whoscalling.com":[1],"whoscored.com":[3],"whosdatedwho.com":[3],"whoshere.net":[1],"whosoff.com":[1],"whosonlocation.com":[1],"whoswho.fr":[1,12],"whoswhoamongstudents.com":[12],"whotfru.info":[1],"whotrades.com":[1,2,7],"whova.com":[1],"whshapplication.com":[1,12],"whsmith.co.uk":[1,12,9],"whsnapsex2.com":[12,1],"whu.edu":[1,12],"whu.edu.cn":[1],"whufc.com":[1,12,3],"whufcboxoffice.com":[12],"whut.edu.cn":[12],"whwc.com":[12,9],"whyd.com":[1],"whynotleaseit.com":[1,9],"whypay.net":[1,12],"whyville.net":[1,12],"wi-emss.org":[1],"wi-gate.net":[12],"wi-newhire.com":[1,12],"wi-tribe.pk":[1],"wi.gov":[1,12],"wi.us":[12],"wi4free.com":[1],"wiaawi.org":[1,12,3],"wiaderko.com":[10],"wialon.com":[1,5],"wibbo.fr":[1],"wibbo.me":[1],"wibit.net":[12,5],"wibiya.com":[12],"wibki.com":[1,12],"wibox.fr":[1],"wiccantogether.com":[1,12],"wicharge.com.au":[1],"wichealth.org":[1,12],"wichita.edu":[12],"wichita.gov":[1,12],"wichitafallstx.gov":[1,12],"wichitalibrary.org":[1,12],"wichtel-o-mat.de":[1,12],"wicked.com":[12],"wickedfire.com":[1,5,10]}