{"scout.me":[1,12],"scout.org":[1,12],"scoutalarm.com":[1],"scoutapp.com":[1,12,5],"scoutbook.com":[1,12],"scouting.nl":[1,12],"scouting.org":[1,12],"scoutingevent.com":[12],"scoutingzone.com":[12],"scoutlander.com":[1,12],"scoutlookweather.com":[12,3,7],"scoutmob.com":[9],"scoutrfp.com":[1],"scouts-unitaires.org":[12,3],"scouts.com.au":[1,12],"scouts.org.uk":[1,12],"scoutstuff.org":[9],"scouttrack.com":[1,12],"scoyo.com":[12],"scp-bocchio.com":[1,12],"scpi-corum-convictions.com":[1,2],"scpmedbilling.com":[1,4],"scpp.fr":[1,12],"scr.hu":[1,10],"scr.org":[1,12,3],"scrabblecheatboard.com":[12,3],"scrabblepro.com":[1,3],"scrabulizer.com":[1,12,3],"scranton.edu":[12],"scrapbook.com":[9],"scrapbookexpo.com":[1,12],"scrapbookflair.com":[1],"scrapbookgraphics.com":[1,9],"scrapbookingcoach.com":[1],"scrapbookingmadesimple.com":[3,9],"scrapbookpal.com":[9],"scrapbooksetc.com":[1,9],"scraperwiki.com":[1,5],"scrapgirls.com":[1],"scrapinghub.com":[1],"scrapmalin.com":[1,9],"scratch2cash.com":[3,3],"scratcheclub.com":[1],"scratcheclub.com.au":[1],"scratchgolfacademy.com":[1,12,3],"scratchmania.com":[1,3,3],"screaltors.org":[1,12],"screambox.com":[1,9],"screamingfrog.co.uk":[1,5],"screamingowl.com":[9],"screen.cloud":[1],"screenarchives.com":[3,9],"screenbid.com":[12],"screencast-o-matic.com":[1,5,10],"screencast.com":[1,5],"screencastsonline.com":[1,12,5],"screencloud.net":[5,10],"screenconnect.com":[1,5],"screencountry.com":[9],"screener.in":[2],"screenerpassport.com":[1,5],"screenfeed.com":[1],"screenful.me":[1],"screenhero.com":[1,5],"screenhub.com":[1,5],"screenjunkies.com":[3],"screenleap.com":[1,5],"screenlyapp.com":[1,5],"screenmeter.com":[1,5],"screenplay.com":[1,3,9],"screenplayscripts.com":[1,12,3],"screenprinting.com":[1,9],"screenqueri.es":[1,12,5],"screensconnect.com":[1,5],"screenscraper.fr":[12],"screenshotmonitor.com":[1],"screensremote.com":[1,5],"screenstepslive.com":[1],"screentimelabs.com":[1],"screentoaster.com":[1,12,5],"screenwisepanel.com":[1,12],"screenwisetrends.com":[1,9],"screeps.com":[1,3,5],"screwattack.com":[3],"screwfix.com":[9],"screwfix.de":[9],"screwfix.eu":[9],"scribay.com":[1,12],"scribblar.com":[1,12],"scribblelive.com":[1],"scribblemaps.com":[1,12],"scribbler.com":[1,9],"scribbless.com":[1,12],"scribd.com":[1,12],"scribe.fr":[1,12,9],"scribeamerica.training":[1],"scribecontent.com":[1],"scribendi.com":[1,12],"scribesoft.com":[1,5]}