{"voipgain.com":[1],"voipinfocenter.com":[1],"voipinnovations.com":[1],"voipo.com":[1],"voipon.co.uk":[5],"voipraider.com":[1,12],"voipstudio.com":[1],"voipstunt.com":[1],"voipsupply.com":[1,5,9],"voiptalk.org":[1],"voipvoip.com":[1,5],"voipwise.com":[1],"voir.ca":[1,12,3],"voirfilms.co":[3,12],"voirfilms.info":[3,12],"voirfilms.org":[3,12],"voirfilms.ws":[3,12],"voisinssolitaires.com":[10],"voisinsvigilants.org":[1],"voissa.com":[12],"voith.com":[1],"vojvodinanet.com":[3],"vokabel.org":[1,12],"voki.com":[12],"vokker.net":[12],"vol-retarde.fr":[1,12],"vol.at":[12,3,7],"vol.moe":[3],"volabit.com":[1,2],"volafile.io":[10],"volagratis.com":[11],"volailles-auvergne.com":[1,3],"volaris.com":[11],"volbeat.dk":[1,12,3],"volcanoecigs.com":[9],"volcom.com":[1,9],"volcom.fr":[9],"volders.de":[1],"voler.com":[9],"voletroulant-online.fr":[1,9],"voletshop.fr":[12],"volgistics.com":[1,12],"volia.com":[1],"volkl.com":[1,9],"volks.co.jp":[1,12,3],"volksbank-bi-gt.de":[1],"volksbank-brawo.de":[1],"volksbank-chemnitz.de":[1,12],"volksbank-erft.de":[1],"volksbank-freiburg.de":[1],"volksbank-goeppingen.de":[1,2],"volksbank-heilbronn.de":[1,12],"volksbank-im-mk.de":[1,12],"volksbank-karlsruhe.de":[1],"volksbank-kirchheim-nuertingen.de":[1,2],"volksbank-koeln-bonn.de":[1,12],"volksbank-ludwigsburg.de":[1,12],"volksbank-mit-herz.de":[1],"volksbank-muenster.de":[1,12],"volksbank-neckartal.de":[1,2],"volksbank-phd.de":[12],"volksbank-stuttgart.de":[1],"volksbank-ulm-biberach.de":[1],"volksbank.it":[1,5],"volksbanking.de":[1],"volksfreund.de":[1,7],"volkskrant.nl":[1,12],"volksstimme.de":[1,12,7],"volksversand.de":[9],"volkswagen-car-net.com":[12],"volkswagen-et-moi.fr":[1,12],"volkswagen-marketing.com":[12],"volkswagen.co.uk":[1],"volkswagen.com":[1,9,12],"volkswagen.de":[1,9,12],"volkswagenbank.de":[1,2],"volkswagenforum.co.uk":[10],"volkswagenownersclub.com":[1,12],"volkswagenplus.ca":[1],"volkswagenservice.it":[1,9,12],"vollstreckungsportal.de":[1,12],"volnation.com":[3,3],"volny.cz":[1,12],"volodaily.com":[12,1,3],"voloper.net":[12],"volorecovery.com":[1],"volotea.com":[1,11],"volquartsen.com":[12],"volsat.com.ua":[3],"volstate.edu":[12],"volt.com":[1,12],"voltage.com":[1,5],"voltalis.com":[12],"voltathletics.com":[1,12],"voltaxprep.com":[12],"voltera.de":[1,5,9],"voltera.fr":[12],"voltex.fr":[1,9],"voltimum.it":[1]}