{"bookonthenet.net":[1],"bookoo.com":[1],"bookos-z1.org":[12],"bookos.org":[12],"bookoutlet.ca":[1,9],"bookoutlet.com":[1,9],"bookplace.jp":[1,12,3],"bookrags.com":[12],"bookrenter.com":[1,12,9],"bookrenterstore.com":[12],"bookrepublic.it":[3,9],"bookrix.com":[1,3,9],"bookrix.de":[1,9],"bookry.com":[1,12],"bookryanair.com":[1,11],"books.ch":[3,9],"books.com.tw":[1,9],"books.fr":[1,12,3],"books.ru":[1,12],"books24x7.com":[1,12],"books2read.com":[1,9],"books43.com":[12],"booksamillion.com":[3,9],"booksbg.org":[12,3],"bookscan.co.jp":[1,12],"bookscouter.com":[1,9],"booksecure.net":[12],"booksetc.co.uk":[1,12],"booksfree.com":[1,12,9],"booksgreatchoice.com":[12],"bookshare.org":[1,12],"bookshots.com":[3,9],"bookshout.com":[1,12],"booksie.com":[12,3],"booksofdiscovery.com":[12],"booksonboard.com":[9],"booksource.com":[1,12],"booksplea.se":[12],"booksrun.com":[1,12,9],"bookster.ro":[1,12],"bookstores.com":[12,9],"bookstrand.com":[3,9],"booksusi.com":[12,3],"booksy.net":[1],"booktab.it":[1,12,5],"booktango.com":[1,12,5],"booktix.com":[1],"booktopia.com.au":[3,9],"booktracker.org":[12,3],"booktravelbound.com":[11],"bookviser.com":[1,12,5],"bookvoed.ru":[1,12,3],"bookwalker.jp":[12,3],"bookware3000.ca":[1],"bookwhen.com":[1,12],"bookworld.com.au":[3,9],"booky.fi":[1,12,9],"booky.io":[1],"bookyoursite.com":[1],"bookys.me":[1,12,10],"bookzz.org":[12],"boolebox.com":[1,5],"booli.se":[1],"boom.us":[1],"boom973.com":[1,3],"boombah.com":[9],"boombang.nl":[1,12,3],"boombate.com":[1,3,9],"boombeach.com":[1],"boombox.com":[1,12],"boombycindyjoseph.com":[1,3],"boomcycle.co.uk":[1],"boomeon.com":[1,12],"boomerang.com":[3],"boomerangbooks.com.au":[12,3,9],"boomerangrentals.co.uk":[3],"boomerecommerce.com":[1,12],"boomf.com":[1,9],"boomfantasy.com":[1,3,3],"boomfaucet.com":[1,2],"boomi.com":[1],"boomingwebsitetraffic.com":[1],"boomkat.com":[1],"boomlings.com":[12],"boomplayer.com":[3],"boomr.com":[1],"boomset.com":[1],"boomstarter.ru":[1,12,3],"boomstreet.com":[9],"boomtime.com":[1],"boomtownroi.com":[1],"boon.pw":[1],"boon.vc":[1,5],"boondmanager.com":[12],"boondockerswelcome.com":[1],"boonecountymo.org":[1,12],"boonex.com":[1,5],"boonli.com":[1],"boonpayment.com":[1]}