{"chiefskingdomrewards.com":[1,12],"chiefsupply.com":[9],"chiens-chats.be":[12],"chiens-de-france.com":[12],"chigin-cns.co.jp":[1],"chihealth.com":[1,12,4],"chikka.com":[1],"childcare.co.uk":[1,12],"childcareexchange.com":[1,12],"childfund.org":[1,12],"childline.org.uk":[1,12],"children.org":[1,12],"childrendesiringgod.org":[12,12],"childrens-ministry-deals.com":[12],"childrens.com":[1,12,4],"childrensalon.com":[9],"childrensbulletins.com":[1,12],"childrenscolorado.org":[12,4],"childrenshospital.org":[1,12,4],"childrensmercy.org":[1,12,4],"childrensnational.org":[12,4],"childrensomaha.org":[4],"childrensoncologygroup.org":[12,4],"childrensplace.com":[9],"childrenstheatre.org":[1,12],"chileautos.cl":[1,12],"chilebt.com":[1,12],"chilecodes.cl":[12],"chilecomparte.cl":[1,12,3],"chilectra.cl":[12],"chileplants.com":[3,9],"chiletrabajos.cl":[1,6],"chilewich.com":[1,9],"chilexpress.cl":[1],"chili-shop24.de":[1],"chili-tv.it":[3,3],"chili.com":[12],"chili.tv":[12],"chilicloud.com":[1,5,10],"chilindo.com":[1],"chilis.com":[1,3],"chilistogo.com":[1],"chilivery.com":[1],"chillblast.com":[1],"chillfactore.com":[1,9],"chillifire.net":[1],"chillisauce.co.uk":[12],"chillisoft.net":[1,5],"chilternrailways.co.uk":[1,12],"chilternseeds.co.uk":[1,9],"chiltondiy.com":[1,9,12],"chime.aws":[1,5],"chimebank.com":[1,2],"chimecard.com":[12],"chimeratool.com":[1,5],"chimp.net":[1,12],"chimpchange.me":[1,2],"chimpessentials.com":[1],"chin-mudra.com":[12,9],"china-airlines.com":[1],"china-cheats.com":[1,10],"china-devices.com":[1,5,7],"china-iphone.ru":[12,5,7],"china-pub.com":[1,12,9],"china-rns.com":[12,10],"china-women-dating.org":[1],"chinabank.ph":[1],"chinabuy.co.il":[9],"chinabuye.com":[9],"chinaclix.com":[1],"chinadegrees.cn":[12],"chinadroid.fr":[1,9],"chinaecarts.com":[9],"chinaflier.com":[1,12],"chinahr.com":[1,6],"chinainbox.com.br":[1,3],"chinalovecupid.com":[10],"chinalovematch.net":[10],"chinamobile.com":[12],"chinamobiles.org":[1,12,5],"chinaphonearena.com":[12,3,10],"chinasearch.co.uk":[1],"chinavasion.com":[9],"chinawomendating.asia":[1],"chinese-lady.com":[10],"chineseclass101.com":[1,12],"chinesegamer.net":[12],"chinesehighway.com":[1,12],"chineseinla.com":[1,12],"chineseladydate.com":[12,1],"chineselove.asia":[1],"chinesemenu.com":[1,3],"chinesemotorcyclepartsonline.co.uk":[9],"chineseonlineorder.com":[12],"chinesepod.com":[1,12],"chinesetest.cn":[1,12],"chinesewomendate.com":[10],"chinhphucvumon.vn":[12,3],"chinookwindscasino.com":[1,3]}