{"apptixemail.net":[12],"apptoogoodtogo.com":[1],"apptools.ru":[1],"apptopia.com":[1,12],"apptoto.com":[1],"apptweak.com":[1,12],"appulate.com":[1],"appvault.com":[1],"appveyor.com":[1,5],"appvip.com":[1,12,9],"appvn.com":[1,3],"appycouple.com":[1],"appyet.com":[1,12,5],"appyourself.net":[1],"appypie.com":[1],"appzapp.de":[1,5],"appzapp.us":[1,5],"appzen.com":[12],"appzuniverse.org":[1,12,5],"appzzang.ca":[1,12,3],"apqc.org":[1,12],"apra.com.au":[1,12],"apraamcos.com.au":[1,12],"aprende.org":[1,12],"aprep.fr":[1],"apresgroup.com":[1,12,6],"apreslachat.com":[1,12,9],"apress.com":[1,5,9],"apreva.fr":[1],"apria.com":[12],"apricityos.com":[12],"apricot.info":[1],"april-entreprise-prevoyance.fr":[1,2],"april-entreprise.fr":[1],"april-international.com":[1],"april-moto.com":[1,2],"april-on.fr":[1],"april.fr":[1,2],"aprilaire.com":[1,12,9],"aprilcoin.com":[1],"apriliaforum.com":[1,3],"apriljordan.com":[12],"aprilmarine.fr":[12],"aprima.com":[1],"apriva.com":[1],"aprod.hu":[1],"aprohirdetesingyen.hu":[1,9],"aprovaconcursos.com.br":[9],"aprovadoapp.com.br":[1,12],"aprovecha.com":[1,9],"aprr.fr":[1],"aprs.fi":[12],"aps-csb.in":[1,12],"aps.com":[1,12],"aps.edu":[1,12],"aps.org":[12],"apsa.com.br":[1],"apsalar.com":[1],"apsanet.org":[12],"apsb.org":[12],"apsc.ca":[1],"apscc.org":[1,12],"apsense.com":[1],"apsitdiensten.nl":[1,12,5],"apsiyon.com":[1],"apsjobs.gov.au":[1,12,6],"apsk12.org":[12],"apsltd.com":[9],"apsp.biz":[12],"apsrtconline.in":[1,12],"apstylebook.com":[1,12],"apsu.edu":[12],"apsupermarket.com":[12],"apsva.us":[12],"apsystemsema.com":[1,12],"apt2you.com":[12],"apta.org":[1,12],"aptaclub.co.uk":[1,12],"aptafetes.com":[1,3],"aptaracorp.com":[1,12],"aptawelt.de":[1,12,4],"aptdeco.com":[9],"aptean.com":[1],"apteka.ru":[12,4,9],"aptekagemini.pl":[1,9],"aptexx.com":[1],"aptg.com.tw":[1,5],"apti.co.kr":[1],"aptible.com":[1,5],"aptilo.com":[1,5],"aptilonetworks.com":[12],"aptitus.com":[1,6],"aptivada.com":[1],"aptoide.com":[1,7],"aptsolutions.net":[1],"apture.com":[1,12],"apu.edu":[12],"apu.edu.my":[1,12],"apuestasdeportivas.com":[3]}