{"doyoubuzz.com":[1,6],"doyoudo.com":[1,12],"doyourmath.com":[12],"doyourownpestcontrol.com":[1,9],"doyouyoga.com":[12],"doz.pl":[9],"dozenofelites.com":[12,10],"dozentenpool24.de":[12],"dozuki.com":[1,5],"dp.la":[1,12],"dp.ua":[1,5],"dpam.com":[9],"dpan.tv":[1,3,3],"dpandl.com":[1,12],"dpbrokers.com":[1],"dpcdsb.org":[12],"dpchallenge.com":[1,12,3],"dpd-business.at":[1],"dpd-paketnavigator.de":[1],"dpd.co.uk":[1],"dpd.com":[1],"dpd.com.pl":[1],"dpd.de":[1],"dpd.fr":[1],"dpdcart.com":[1],"dpdhl.com":[1,12],"dpdkuryr.cz":[12],"dpdlocal-online.co.uk":[1,9],"dpdlocal.co.uk":[1],"dpdough.com":[1],"dpdparcelwizard.ie":[1],"dpdwebpaket.de":[1],"dpgr.gr":[1,12,10],"dpgroup.org":[10],"dplantes.com":[1,9],"dplay.dk":[1],"dplay.no":[1,12],"dplay.se":[1,12],"dploy.io":[1,5],"dpmag.com":[1,9],"dpmsinc.com":[1,9,12],"dpnetbill.com":[1],"dpnetwork.org.uk":[1],"dpo.cz":[1,12],"dpolg-service.de":[1,12],"dpp.cz":[1,12],"dpr.gov.ng":[12],"dpreview.com":[1,12,3],"dps.gov.co":[1,12],"dpsk12.org":[1,12],"dpsnc.net":[12],"dpsnutrition.net":[9],"dpsplugin.com":[1,12,5],"dpstream.net":[12,3],"dpsw.info":[12],"dpwn.net":[12],"dr-cheats.com":[10],"dr-connect.com":[1],"dr-peters.de":[1,2],"dr.com.tr":[1,9],"dr.dk":[3],"draculaclothing.com":[9],"draeger.com":[1],"draft.com":[3,3],"draft2digital.com":[1,12],"draftanalyzer.com":[3],"draftday.com":[3],"draftfantasyfootball.co.uk":[3],"drafthouse.com":[1,3,9],"draftin.com":[12],"draftkings.co.uk":[3,3],"draftkings.com":[1,3],"draftpot.com":[1,3],"draftsharks.com":[3],"draftstars.com.au":[3,3,3],"draftstreet.com":[1,3,3],"drafty.co.uk":[1],"dragcave.net":[3],"dragcity.com":[12,3],"dragdis.com":[1],"dragees.fr":[1,3,9],"draggo.com":[1,3],"dragnsurvey.com":[1],"dragoart.com":[12,3],"dragonagenexus.com":[1,12,3],"dragonair.com":[12,11],"dragonawaken.com":[3],"dragonawaken.com.br":[3],"dragonball-online.fr":[12],"dragonballdreams.net":[1,3],"dragonballforever.it":[3],"dragonballgame.com.br":[3,9],"dragonbleu.fr":[9],"dragonbound.net":[12],"dragonbox.de":[9],"dragonbyte-tech.com":[1],"dragoncarpdirect.com":[9],"dragonchain.com":[1,5],"dragoncon.org":[1,12,3]}