{"woodlandsonline.com":[1],"woodlandtrust.org.uk":[1,12],"woodlandworldwide.com":[1,12,9],"woodmac.com":[1],"woodmagazine.com":[1,9],"woodmancastingx.com":[12],"woodmans-food.com":[1,9],"woodmarkcabinetry.com":[1,12],"woodnet.net":[5,10],"woodpeck.com":[1,9],"woodpecker.co":[1],"woodropship.com":[1,9],"woodshealth.com":[9],"woodsmithlibrary.com":[1,12,9],"woodsmithplans.com":[1],"woodsmithvideoedition.com":[1,3,9],"woodsmithvideotips.com":[1,3],"woodsolutions.com.au":[1],"woodstore.net":[9],"woodtalkonline.com":[1,12,3],"woodturner.org":[1,12],"woodturnerscatalog.com":[1,9],"woodward.com":[1,12],"woodweb.com":[1],"woodworker.com":[9],"woodworker.de":[1,12],"woodworkerexpress.com":[9],"woodworkerssource.com":[1,9],"woodworkforums.com":[10],"woodworkingmasterclasses.com":[1,12,3],"woodworkingshop.com":[9],"woodworkingtalk.com":[1,12],"woodycraft.net":[12],"wooforce.com":[1,9],"woofrance.fr":[1,12,5],"woogang.com":[1,5],"woogerworks.com":[12],"woogiworld.com":[12],"woohoo.co.nz":[1],"wook.pt":[1,9],"woolacombe.co.uk":[1,12,3],"woolandthegang.com":[9],"woolery.com":[9],"woolovers.com":[9],"woolovers.com.au":[9],"woolovers.fr":[9],"woolovers.us":[9],"woolrich.com":[9],"woolwarehouse.co.uk":[1,9],"woolworths.co.uk":[9],"woolworths.co.za":[9],"woolworths.com.au":[1,9],"woolworthsconnect.com.au":[1],"woolworthsglobalroaming.com.au":[1,5],"woolworthsmobile.com.au":[1],"woolworthsmoney.com.au":[1,2,9],"woolworthsonline.com.au":[1,9],"woolworthspetinsurance.com.au":[1,2,12],"woolworthsrewards.com.au":[1,9],"woome.com":[12],"woomie.ro":[9],"woomill.com":[9],"woonbedrijf.com":[1,12],"woonenergie.nl":[1,12],"woonfriesland.nl":[1,8],"woongaard.com":[1,12],"wooniezie.nl":[1],"woonkeus-stedendriehoek.nl":[1,12,8],"woonkeus.nl":[1,12],"woonnet-haaglanden.nl":[1,12],"woonnet-rijnmond.nl":[1,9],"woonnet.nl":[8],"woonnetrijnmond.nl":[1,9],"woonservicedenbosch.nl":[1],"woonveilig.nl":[1],"wooop.fr":[9],"woopra.com":[1],"woorank.com":[1,5],"woordjesleren.nl":[1,12],"wooribank.com":[1,2],"wooshii.com":[1],"wooster.edu":[12],"woot.com":[9],"wootbox.fr":[1,9],"woothemes.com":[1],"woothosting.com":[1,5],"wootric.com":[1],"wootware.co.za":[9],"woow.com.uy":[1,9],"woowee.de":[1,5],"woozgo.fr":[1],"woozworld.com":[1,3],"worc.ac.uk":[1,12],"worcester.edu":[12],"worcestershire.gov.uk":[1,12],"word.com.au":[12,9],"wordai.com":[1],"wordans.ca":[9],"wordans.com":[9]}