{"blahtherapy.com":[1,12,4],"blair.com":[9],"blairvipplus.com":[1],"blakemason.com":[12],"blakeshelton.com":[1,12,3],"blanc-cerise.com":[1,9],"blanc-habitat.com":[9],"blancco.com":[1,5],"blanchardexchange.com":[1],"blancheporte.be":[9],"blancheporte.fr":[9],"blanco.com":[1,9],"bland.is":[1,9,12],"blanja.com":[9],"blankapparel.com":[9],"blanklabel.com":[1,9],"blankmediagames.com":[1],"blankpage.io":[1,12],"blanksboutique.com":[1,9],"blanksheetmusic.net":[1,12],"blankshirts.com":[9],"blankslate.io":[1,12],"blapkmarket.com":[12],"blapkmarket.cz":[12],"blast.hk":[12,10],"blastingnews.com":[1,12],"blastmyads.com":[1],"blastostitch.com":[1,9],"blau.de":[1,5,9],"blauarbeit.de":[1],"blaucloud.de":[1,5],"blauwcommunity.com":[12],"blauwebrug.nl":[1,12],"blayzegames.com":[1,12],"blaze.com":[1],"blazecc.com":[1],"blazemeter.com":[1,5],"blazerforum.com":[10],"blazingboost.com":[1],"blazingfast.io":[1,5],"blazingseollc.com":[1,5,12],"blazingtrader.cc":[1],"blazinrewards.com":[1,9],"blazrobar.com":[1,5],"blb-karlsruhe.de":[1,12],"blbi.org":[12],"blc4u.com":[1,12],"blcklst.com":[1,3],"bldtabs.com":[1,12],"bleacherreport.com":[3,7,3],"bleachexile.com":[3],"bledina.com":[1,12],"bleep.com":[1,3,9],"bleepingcomputer.com":[1,5],"bleepstores.com":[12],"blend.io":[1,12],"blender.org":[1,12,5],"blenderartists.org":[12],"blenderbottle.com":[1,9],"blenderseyewear.com":[9],"blendle.com":[12],"blendle.nl":[1],"blendmount.com":[1,9,12],"blendr.com":[10],"blendspace.com":[1,12],"blendswap.com":[1,9],"blendtec.com":[1,9],"blesk.cz":[1,3,7],"bleskpenezenka.cz":[1],"bless.gov.my":[1],"blesta.com":[1,5],"bletaverse.com":[1],"bleu-bonheur.be":[9],"bleu-bonheur.fr":[12,9],"bleu-de-chauffe.com":[1,9],"bleucerise.com":[9],"bleuforet.fr":[9],"bleulibellule.com":[1,9],"bleupage.com":[1],"bleupage.online":[1],"bleutrade.com":[1,3,9],"blg.nl":[1,2],"bli.gov.tw":[1,12],"blibli.com":[1,9],"blick.ch":[1,3,7],"bligoo.com":[1,12],"bliive.com":[1,12],"blikk.hu":[1,3,7],"blim.com":[3],"blincref.com":[1],"blindgossip.com":[1,3],"blindr.eu":[1],"blinds.com":[9],"blinds4uk.co.uk":[1,9],"blindsaver.com":[9],"blindschalet.com":[9],"blindsgalore.com":[9],"blindsidenetworks.net":[12],"blindsonline.com.au":[1,9]}