{"magistream.com":[1,12,3],"magistrix.de":[12,3],"magius.it":[1,3],"magix-online.com":[1],"magix.com":[1],"magix.de":[1],"magix.info":[12],"magix.net":[1],"maglite.com":[1,9],"magma.fr":[12],"magmaflyff.com":[1,12,3],"magmutual.com":[1],"magna.com":[1,12],"magnacare.com":[1],"magnalister.com":[1],"magnamail.com":[9],"magnamail.com.au":[9],"magnapubs.com":[12],"magnaquest.com":[1,12],"magnard.fr":[12],"magnatune.com":[3],"magnatus.com":[1,2],"magnet-shop.net":[1,9],"magnet.co.uk":[1,9],"magnet.ie":[1],"magnet.me":[1,12,6],"magnet4less.com":[1,9],"magnetbank.hu":[1],"magnetforensics.com":[1],"magneticexchange.com":[1],"magnetmail.net":[1],"magneto.me":[1],"magnetstreet.com":[1,9],"magnetsusa.com":[1],"magnificat.net":[12],"magningecors.fr":[1,9],"magnolia-cms.com":[1,12],"magnolia.ro":[1],"magnoliamarket.com":[1,9],"magnovideo.com":[12],"magnr.com":[2],"magnumoptions.com":[1,2],"magnumoptions.eu":[1,2],"magnumphotos.com":[1,3,9],"magnushealthportal.com":[1,12],"magoia.com":[1],"magoosh.com":[1,12],"magplus.com":[1],"magpul.com":[9,12],"mags-rota.net":[1],"mags4gifts.co.nz":[1],"magsathome.co.za":[12],"magsaysaycareers.com":[1],"magsformiles.com":[1],"magshop.co.nz":[1,9],"magshop.com.au":[12,9],"magsonline.com.au":[1,9],"magstore.be":[1,12,9],"magticom.ge":[1],"magtifun.ge":[1,12],"magura-b2b.com":[1],"magyaritasok.hu":[12],"magyarorszag.hu":[1,12],"magyarvagyok.com":[7,1,12],"magyarvagyok.hu":[7,1,12],"magzine.nu":[1,9],"magzter.com":[1,12],"mah.org":[12],"mah.se":[12],"mahabis.com":[1,9],"mahaconnect.in":[1],"mahadbt.gov.in":[12],"mahadiscom.in":[1,12],"mahan.aero":[1],"mahanagargas.com":[1,12],"mahanandmiles.ir":[1],"mahaonline.gov.in":[1,12],"mahara.org":[1,12,5],"maharam.com":[1],"maharashtra.gov.in":[1,12],"maharashtratourism.gov.in":[1,12],"mahavat.gov.in":[1,12],"mahealthconnector.org":[1,12],"mahendras.org":[1,12],"mahidol.ac.th":[12],"mahjongtime.com":[3],"mahle.com":[1],"mahnem.ru":[12,11],"mahoraisedeseaux.com":[1,12],"mai.gov.pt":[1,12],"maiagame.com":[1,12],"maib.md":[1,2],"maicoin.com":[12],"maidenform.com":[9],"maif.fr":[1,2],"maikii.com":[1,9],"maikupon.hu":[12],"mail-tester.com":[1],"mail.be":[1,5]}