{"kool.com":[1,12],"koolance.com":[1,9],"koolearn.com":[1,12],"koolicar.com":[1],"koolshare.cn":[1,12,5],"kooneo.com":[1],"kooora.com":[3],"koop.cz":[1,2],"koopjedeal.nl":[1,9],"koopjesdrogisterij.nl":[9],"koopjeskrant.be":[1,9],"koopplein.nl":[1],"koordinates.com":[1,12],"koorong.com":[12],"kooth.com":[1,12],"koovs.com":[9],"kopalnia.pl":[1,12],"kopazar.com":[1,3],"kopernik.org.pl":[1,12],"kopikot.ru":[1,9],"kopilkaclub.ru":[1,9],"kopp-verlag.de":[1,9],"kopterforum.de":[12,3,10],"kopywritingkourse.com":[1,12],"korablik.ru":[9],"korail.com":[12],"koramgame.com":[1,12,3],"korayspor.com":[9],"korben.info":[1],"korbit.co.kr":[1,2],"korcett.com":[1],"korcham.net":[12],"kord-gsm.ir":[5,10],"kordes-rosen.com":[1,12,9],"korea.ac.kr":[12],"korea.com":[12],"korea1818.com":[12],"koreadaily.com":[1,12],"koreadepart.com":[1,12,9],"koreanair.com":[1,11],"koreanclass101.com":[1,12],"koreancupid.com":[10],"koreanrandom.com":[12,3],"korelio.com":[12],"koreus.com":[12,3,7],"korfine.be":[1],"korg.com":[1],"korgforums.com":[1,12],"korguser.net":[1,12,5],"kornferry.com":[1,12],"korona.co.jp":[1,12,3],"korrespondent.net":[12,3,7],"korrio.com":[1],"kortal.org":[1],"kortext.com":[1,12],"kortforsyningen.dk":[1,12,5],"kortingisleuk.nl":[12],"kortingscode.nl":[1,9],"kortsalg.dk":[1,12],"korunet.co.nz":[12],"korunka.eu":[1,3,3],"korwater.com":[1],"kosatec.de":[1,5],"kosgeb.gov.tr":[1,12],"koshervitamins.com":[3,4,9],"kosik.cz":[9],"kosmas.cz":[1,12,9],"kosmetik4less.de":[9],"kosmoseducation.com":[1,12],"kosokubus.com":[1,11],"kostabrowne.com":[12],"kostdoktorn.se":[1,12],"kosyfa.de":[12],"kotak.com":[1,2],"kotakey.com":[1,9],"kotaklifeinsurance.com":[1,2],"kotaksecurities.com":[2],"kotaku.com":[1,3],"kotaku.com.au":[1,3],"kotar.co.il":[12],"kote.ws":[1,12,5],"kotikokki.net":[1,3],"kotimikro.fi":[1,5],"kotipizza.fi":[3],"kotisdesign.com":[12],"kotisivukone.fi":[1],"koton.com":[9],"kotsovolos.gr":[9],"kotte-zeller.de":[9,12],"kotui.org.nz":[1,12],"kotulas.com":[9],"koubachi.com":[1,12],"koudetatondemand.co":[1],"koulukaverit.com":[1,12],"kount.net":[1],"kounta.com":[1],"kousokubus.net":[1,12,9],"kovels.com":[1,12,9],"kovla.com":[1,3]}