{"boutique-abbayedeseptfons.com":[1,3,9],"boutique-aboweb.com":[12],"boutique-arthur.com":[1,9],"boutique-avery.fr":[1],"boutique-cieletespace.fr":[1,12,3],"boutique-dmc.fr":[12],"boutique-eset.com":[1,5,9],"boutique-experts-comptables.com":[1,12],"boutique-kalidou.fr":[1,9],"boutique-labrha.com":[1,9],"boutique-magique.fr":[1,3,9],"boutique-monoi-tahiti.com":[9],"boutique-oiseaux.com":[1,9],"boutique-parfums.fr":[9],"boutique-saint-james.fr":[9],"boutique-sd-equipements.fr":[9,12],"boutique-solidaire.com":[1,9],"boutique-tutti-pizza.com":[1,3,9],"boutique-vegan.com":[1,3,9],"boutique-waterair.fr":[1,9],"boutique-zlideon.fr":[1,9],"boutique.aero":[9],"boutiqueaerographe.com":[9],"boutiqueair.com":[1,11],"boutiquebio.fr":[1,9],"boutiquechassimages.com":[1,9],"boutiquedesverts.fr":[9],"boutiquedugardien.com":[9],"boutiquelucelainetricot.com":[9],"boutiquemarieclaire.com":[9],"boutiquemedievale.fr":[9],"boutiqueobdfacile.fr":[1],"boutiquepaneliste.com":[1,9],"boutiquepsg.fr":[9],"boutiquesdemusees.fr":[9],"boutondemanchette.fr":[1,9],"bouvet.no":[1,12],"bouwinfo.be":[1,12],"bouwmaat.nl":[9],"bouwtutorlezen.nl":[1],"bouxavenue.com":[12,9],"bouygtel.fr":[12],"bouygues-construction.com":[12],"bouygues-immobilier.com":[1,12],"bouyguestelecom-entreprises.fr":[1,5],"bouyguestelecom.fr":[1,9],"bov.com":[1,2],"bovada.lv":[3],"boveda7k.es":[12],"bovedainc.com":[1,9],"bovegas.com":[3,3],"bow.it":[9],"bowdoin.edu":[12],"bowers-wilkins.co.uk":[1,12,9],"bowers-wilkins.com":[1,12,9],"bowers-wilkins.de":[1],"bowers-wilkins.eu":[1,9],"bowers-wilkins.fr":[1,9],"bowers-wilkins.net":[1,9],"bowflex.com":[1,9],"bowheadhealth.com":[1,12],"bowhunter-ed.com":[1,12],"bowiestate.edu":[12],"bowkerlink.com":[1,12],"bowl.com":[1,12,3],"bowlersparadise.com":[9],"bowling.com":[1,9],"bowlingball.com":[9],"bowlingthismonth.com":[1],"bowlplex.co.uk":[1,3],"bowsandclothes.com":[9],"bowsville.fi":[1],"bowthemes.com":[1,5],"bowtiecinemas.com":[3],"box-pirates.to":[12],"box.az":[1],"box.co.il":[1,5],"box.co.uk":[1,9],"box.com":[1,5],"box.de":[12],"box.local":[12],"box.net":[1,5],"box1.com":[1,9],"box24casino.com":[12],"box4world.com":[1,9],"box8.in":[1],"box88.com":[12],"boxbe.com":[1,10,5],"boxberry.ru":[1,9],"boxbilling.com":[1],"boxbrownie.com":[1],"boxcar.io":[1,5],"boxcn.net":[1,5],"boxcorreos.com":[1,12,9],"boxcryptor.com":[1,5],"boxden.com":[3,7],"boxed.com":[1,9],"boxed.nl":[12],"boxeddeal.com":[1]}