{"studentensteuererklaerung.de":[1,2,12],"studentenvacature.nl":[1,12,6],"studentenwerk-karlsruhe.de":[1,12],"studentenwerk-muenchen.de":[1,12],"studentenwerk.nl":[1,6],"studentenwoningweb.nl":[12],"studentfinancewales.co.uk":[1,12],"studentfr.ch":[12],"studenthealthportal.com":[1,12],"studenthousing.com":[1,12],"studenti.it":[12],"studentinformation.systems":[1,12],"studentinsurance.com":[1],"studentinvestor.org":[1,12],"studentjob.at":[6],"studentjob.be":[6],"studentjob.co.uk":[1,6],"studentjob.de":[6],"studentjob.es":[1,12,6],"studentjob.fr":[6],"studentjob.nl":[1,6],"studentkortet.no":[1,9],"studentkortet.se":[1,9],"studentlearningportal.net":[1,12],"studentlifenetwork.com":[1,12],"studentlitteratur.se":[1,12],"studentloan.com":[1,2],"studentloan.gov":[12],"studentloan.org":[1,12],"studentloanhero.com":[1,2],"studentloanrepayment.co.uk":[1],"studentloans.gov":[1,2,12],"studentmags.com":[12,9],"studentmobiel.nl":[1,5,9],"studentoffice.net":[1,12],"studentoffortune.com":[12],"studentquickpay.com":[1,12],"studentrate.com":[1,9],"studentreasures.com":[12],"studentrush.org":[1,12],"students.ch":[1,12],"studentscholarships.org":[12],"studentsexparties.com":[12],"studentska-prehrana.si":[1,12],"studentski-servis.com":[1,12],"studentsoftheworld.info":[1,12],"studentsoftwarediscounts.com":[12],"studentsplus.nl":[1,12],"studentstaden.se":[1,12],"studentstocktrader.com":[1,2,12],"studentsuccess.org":[12],"studenttorget.no":[1,12],"studentuniverse.co.uk":[11],"studentuniverse.com":[11],"studentvillageuk.com":[1,12],"studentvip.ca":[12],"studentvip.com.au":[1,12],"studera.nu":[12],"studergroup.com":[1,12],"studerus.ch":[1,5],"studi.se":[12],"studica.com":[1,12,9],"studieboekencentrale.nl":[1,12,9],"studiebolig-odense.dk":[1,12],"studielink.nl":[12],"studiemeter.nl":[12],"studienet.dk":[1,12],"studienet.se":[12],"studienett.no":[1,12],"studienkreis.de":[1,12],"studienstiftung.de":[12],"studieportalen.dk":[1,12,5],"studiepraktik.nu":[1,12],"studieren-studium.com":[1,12],"studiesabroad.com":[12],"studieskolen.dk":[1,12],"studiesweekly.com":[1,12],"studifinder.de":[1,12],"studio-alice.co.jp":[1,12,3],"studio.co.uk":[9],"studio.design":[1],"studio.plus":[1],"studio66tv.com":[12],"studioabroad.com":[1,12],"studiobacklot.tv":[1,12],"studiobinder.com":[1],"studiobookingsonline.com":[1],"studiocalico.com":[1,9],"studiocloud.com":[1],"studiod.com":[12],"studiodevil.com":[12],"studiofathom.com":[1],"studioline.de":[1],"studiomoviegrill.com":[1,3],"studionow.com":[1],"studiophotosonline.com":[1],"studiopress.com":[1,5],"studioquiz.com":[1,12],"studiospares.com":[9]}