{"babor.com":[1,9],"babou.fr":[12,3,9],"babson.edu":[12],"babtel.net":[1],"baby-connect.com":[1,12],"baby-dump.nl":[9],"baby-kingdom.com":[1,12],"baby-lux.com":[9],"baby-markt.de":[9],"baby-sitter.fr":[12],"baby-walz.at":[9],"baby-walz.ch":[9],"baby-walz.de":[9],"baby-walz.fr":[9],"baby.ru":[12,4],"babyartikel.de":[9],"babybedding.com":[9],"babyblog.ru":[12,4],"babybmw.net":[1,12,10],"babybookie.com":[1,12],"babyboom.be":[12,4],"babyboxuniversity.com":[12],"babybumpapp.com":[12],"babybunting.com.au":[9],"babycenter.ca":[12,4],"babycenter.com":[12,4],"babycenter.com.au":[12,4],"babycenter.de":[12,4],"babycenter.fr":[12,4],"babycenter.in":[12,4],"babycentre.co.uk":[12,4],"babydow.fr":[1,12],"babydrive.fr":[9],"babyfirsttv.com":[12,3,9],"babyfrance.com":[12,4],"babyjoe.ch":[9],"babyli.st":[1,12,9],"babylist.com":[1,12,9],"babyloan.org":[1,12],"babylock.com":[1,9],"babylon.com":[1],"babylonhealth.com":[1],"babymarkt.de":[9],"babymedia.net":[1,12,3],"babymetal.jp":[1,12,3],"babynames.com":[12],"babynamewizard.com":[1,12],"babyone.de":[9],"babyoye.com":[9],"babypips.com":[2],"babysensory.com":[1,12,9],"babyservice.de":[1,12,4],"babysitting24.ch":[1,12],"babysleepsite.com":[1,12,4],"babytrend.com":[1,9],"babytv.com":[1,12,3],"bac-es.net":[1,12],"bac-l.net":[1,12],"bac-pro.net":[1,12],"bac-s.net":[1,12],"bac.net":[12],"bacapps.co.uk":[12],"bacb.com":[1,12],"bacb.com.au":[1,5],"baccredomatic.com":[12],"bachcare.co.nz":[1,8,11],"bachelorsportal.eu":[12],"baches-piscines.com":[1],"bachmanntrains.com":[1,3,9],"bachmans.com":[1,9],"back-ups.me":[12],"back2basics-wow.eu":[1,3,5],"back4app.com":[1,5],"backagent.net":[1],"backalleysims.com":[3,10],"backand.com":[1,5],"backatyou.com":[1],"backbase.com":[1],"backblaze.com":[1,5],"backcheck.net":[1,12],"backcountry.com":[9],"backcountryedge.com":[9],"backcountrygallery.com":[1,12,3],"backcountrygear.com":[9],"backdropoutlet.com":[1,9],"backendless.com":[1,5],"backerclub.co":[1,12],"backerkit.com":[1,12],"backgroundalert.com":[1,12],"backgroundchecking.com":[12],"backgroundchecks.com":[1,12],"backgroundreport.com":[1],"backgroundsonline.com":[1],"backhomeclub.nl":[1,12],"backin.net":[10],"backinjob.de":[1,6],"backinthesaddle.com":[9],"backlinks.com":[1],"backlinksindexer.com":[1]}