{"enec.gov.ae":[1,12],"enechange.jp":[1,9],"eneco.be":[1,9],"eneco.nl":[1,9],"enedis.fr":[1],"eneighbors.com":[1],"enel.com":[1,12],"enel.it":[1],"enel.pl":[1,12,4],"enel.ro":[1],"eneldistribucion.cl":[1,12],"eneldistribuicao.com.br":[12],"enelenergia.it":[1],"enelogic.com":[1],"enelservizioelettrico.it":[1],"enelsi.it":[1],"enem.com.br":[12],"eneocameroon.cm":[1,12],"eneos-denki.jp":[1],"enerbank.com":[1],"enercity.de":[1],"enercomsrl.it":[1,12],"enercon.de":[1],"enercoop.fr":[1,12],"enerdata.net":[1,12],"enerfip.fr":[1,12],"energa.pl":[1],"energe3.com.au":[12],"energenie.com":[1,9],"energeticambiente.it":[1,12],"energeticanatura.com":[1,12],"energeticsource.com":[12],"energetix.tv":[1],"energia.co.jp":[1,12],"energia.ie":[1],"energiaszolgaltato.hu":[12],"energie-effizienz-experten.de":[1,12],"energieag.at":[1,12],"energieburgenland.at":[1,12,9],"energiedirect.nl":[1],"energieflex.nl":[1],"energiegut.com":[1,12],"energiegut.de":[1,12],"energiehoch3.de":[1],"energiemanageronline.nl":[1],"energies-renouvelables.org":[1,12],"energiesparkonto.de":[1,12],"energimidt.dk":[1],"energinord.dk":[1,9],"energisa.com.br":[1],"energrid.it":[1],"energy-torrent.com":[12],"energy.ch":[3,3],"energy.gov":[1,12],"energyanalysisprogram.com":[1,12,4],"energyandincomeadvisor.com":[1,2],"energyaustralia.com.au":[1],"energybet.com":[3,3],"energybulbs.co.uk":[1,9],"energycasino.com":[3,3],"energycenter.org":[1,12],"energycentral.com":[1,12],"energyearth.com":[1],"energyfederation.org":[1,9],"energygaming.fr":[1,3],"energyinst.org":[1,12],"energyjobline.com":[1,6],"energylightbulbs.co.uk":[1,9],"energylink.com":[1],"energynet.com":[1],"energynote.eu":[1,5],"energyogre.com":[1],"energyonline.co.nz":[1],"energysage.com":[1,12,9],"energysavvy.com":[1],"energysistem.com":[1,9],"energystar.gov":[1,12],"energytoolbase.com":[1,5],"energyunited.com":[1,12],"enerjisa.com.tr":[1],"enernoc.com":[1],"enerxenia.it":[1],"enescobusiness.com":[1,9],"enet-japan.com":[12],"enetica.com.au":[1,5],"enetpulse.com":[1,3],"enett.com":[1],"enewsclub.com":[9],"enexis.nl":[1,12],"enfamil.ca":[12,4,9],"enfamil.com":[12,4,9],"enfant.com":[1,12,4],"enfemenino.com":[1,12,3],"enfield.gov.uk":[1,12],"enfinvendu.com":[12],"enfocus.com":[1],"enform.ca":[1,12],"enforta.ru":[1],"eng-tips.com":[1]}