{"list-manage.com":[1],"list-spark.com":[1],"list.am":[9],"list.co.uk":[1,12,3],"list.ly":[1,3,9],"listadventure.com":[1],"listafirme.ro":[1,5],"listal.com":[3],"listango.com":[1],"listarobinson.es":[1,12],"listbonus.com":[1],"listbuildersjv.com":[1],"listbuildingmaximizer.com":[1],"listchallenges.com":[1,12],"listcorp.com":[1],"liste-serveurs-minecraft.org":[1,3,5],"listedenaissance.fr":[1,12,9],"listen.moe":[12],"listen2myradio.com":[1,5],"listen360.com":[1],"listenernetwork.com":[12],"listenersurvey.com":[1],"listentoyoursenses.com":[1],"listerassister.com":[1],"listerhill.com":[1,2],"listeruption.com":[1,5],"listhings.com":[1,12],"listhoopla.com":[1],"listhub.com":[1,12],"listia.com":[1,12,9],"listicket.com":[1,3,3],"listicket.it":[1,3,3],"listimpact.com":[1],"listindiario.com":[1,12,7],"listingallcars.com":[12],"listingbook.co":[1,12],"listingbook.com":[1,12],"listingbooster.com":[1],"listingfunnels.com":[1],"listingpowertools.com":[1],"listingsproject.com":[1],"listingstoleads.com":[1],"listjoe.com":[1],"listjumper.com":[1],"listlabelship.com":[1],"listminut.be":[1],"listnerds.com":[1],"listography.com":[1,12],"listonic.com":[1,9],"listoutbreak.com":[3],"listpunk.com":[12],"listrak.com":[1],"listreports.com":[1],"listserve.com":[1],"listsource.com":[1],"listsurfing.com":[12],"listunlocked.com":[1],"listvolta.com":[1,12,9],"listwire.com":[1],"lit.ie":[1,12],"litacka.cz":[1],"litcharts.com":[1,12],"litebit.eu":[1,9],"litecigusa.net":[12,9],"litecoinlocal.net":[1,2,9],"litecoinpool.org":[1,5],"litecointalk.org":[12],"liteforex.com":[1,2],"liteguardian.com":[1],"liteiptv.com":[1,5],"litemihub.com":[1,5],"liteneasy.com.au":[1],"litera.com":[1],"literably.com":[12],"literacyplanet.com":[12],"literacyworldwide.org":[1,12],"literaryguild.com":[3,9],"literarymarketplace.com":[1,12],"literatureandlatte.com":[1,12],"literotica.com":[12],"literoticavod.com":[12],"litespeedtech.com":[1,5],"litevault.net":[1,5],"litextension.com":[1],"lithium.com":[1],"lithiumhosting.com":[1,5],"litinerant.fr":[1,12,9],"litle.com":[1],"litlift.com":[12],"litmind.com":[1,3],"litmir.co":[12,3],"litmir.me":[12,3],"litmir.net":[12],"litmos.com":[1,12],"litmus.com":[1,5],"litmusapp.com":[1,5],"litorders.com":[12],"litpress.org":[1,12],"litres.ru":[1,12]}