{"shopilovejewelry.com":[9],"shopintegrator.com":[1,9],"shopitize.com":[1],"shopittome.com":[9],"shopix.fr":[9],"shopjapan.co.jp":[1,9],"shopjimmy.com":[3,9],"shopjsm.org":[1,12,9],"shopjura.com":[1,9],"shopjustice.com":[9],"shopkeep.com":[1],"shopkeepapp.com":[1],"shopkeypro.com":[1,5],"shopkick.com":[1,9],"shopkinsworld.com":[3,9],"shopko.com":[9],"shopkorting.nl":[1,9],"shoplatissemd.com":[1,9],"shoplc.com":[9],"shoplet.com":[12],"shopletselect.com":[12],"shopliasophia.com":[9],"shoplightspeed.com":[12],"shopline.hu":[1,12,3],"shoplineapp.com":[1],"shoplo.com":[1],"shoploganpaul.com":[9],"shoplyfter.com":[12,3],"shopmaker.jp":[1,9],"shopmania.biz":[1],"shopmania.ro":[9],"shopmartingale.com":[9],"shopmat.be":[12],"shopmedvet.com":[9],"shopmetrics.com":[1],"shopmissa.com":[9],"shopmium.com":[1],"shopmyexchange.com":[9],"shopmyplexus.com":[1],"shopnational.com":[9],"shopnaturally.com.au":[1,9],"shopnaturalwireless.com":[12],"shopnbc.com":[9],"shopnchekshopper.com.au":[1,9],"shopnerium.com":[9],"shopnewbalance.com":[9],"shopnicekicks.com":[9],"shopnoteslibrary.com":[1,5],"shopnsave.com":[1,9],"shopnsavefood.com":[1,9],"shopnwf.org":[9],"shopokstate.com":[9],"shopological.com":[1,9],"shoponetouch.com":[1,9],"shoponkyo.com":[1],"shopotam.ru":[9],"shopouraisles.com":[12],"shoppable.it":[1,9],"shoppartners.nl":[9],"shoppbs.org":[12],"shopperapproved.com":[1],"shopperarmy.com":[1],"shopperplus.com":[1,9],"shoppersadvantage.com":[9],"shopperschoice.com":[9],"shopperscritique.com":[1],"shoppersdrugmart.ca":[9],"shoppersfood.com":[1,9],"shoppersoptimum.ca":[12],"shoppersphoto.ca":[1,9],"shoppersrule.com":[1,9],"shoppersstop.com":[9],"shoppersview.com":[1],"shoppersvoice.ca":[1,9],"shoppersvoice.com":[1,9],"shopperthoughts.com":[1],"shoppertrak.com":[1],"shoppewith.me":[1],"shopping-cart-migration.com":[1],"shopping-charm.jp":[1,9],"shopping-feed.com":[1],"shopping.com":[9],"shopping.de":[9],"shopping4net.com":[12],"shopping4net.se":[1,9],"shopping7.com.tw":[1,9],"shopping99.com":[1,9],"shoppingboss.com":[1,9],"shoppingexpress.com.au":[5,9],"shoppingfeeder.com":[1],"shoppingfever.de":[1,9],"shoppingjobs.com":[1,6],"shoppingsherlock.com":[12],"shoppingsmiles.com.br":[1],"shoppingsquare.com.au":[9],"shopplugin.net":[1,5],"shopproperty.co.uk":[1,9],"shoppybag.com":[1,9],"shoppydoo.it":[9]}