{"outsystemscloud.com":[1,5],"outwit.com":[1,12,5],"ouvidorias.gov.br":[1,12],"ouvirmusica.com.br":[3],"ouya.tv":[1],"ov-chipkaart.nl":[12],"ovation.qc.ca":[1],"ovationcredit.com":[1],"ovationtix.com":[1],"ovatu.com":[1],"ovb-online.de":[1,12,7],"ove.com":[1],"ovea.com":[1,5],"ovenapp.io":[1,12,5],"over-blog-kiwi.com":[1,12,3],"over-blog.com":[1,12,3],"over2craft.fr":[12],"over40sdatingagency.com":[10],"over70dating.com":[10],"overcart.com":[9],"overcast.com":[12],"overcast.fm":[1],"overclock.net":[5,10],"overclock3d.net":[1,3,5],"overclockers.co.uk":[5],"overclockers.com":[1,12,5],"overclockers.com.au":[1,5],"overclockers.ru":[5],"overclocking-pc.fr":[1,5],"overclockingmadeinfrance.com":[1,12,5],"overclockzone.com":[5],"overdrive.com":[1,12,3],"overhalfsale.com":[9],"overhash.com":[1,5],"overheid.nl":[1,12],"overkillshop.com":[9],"overlakehospital.org":[1,12,4],"overland.com":[9],"overlandbound.com":[1,12],"overlandstorage.com":[1,5],"overlandsummers.com":[1,12],"overleaf.com":[1,12],"overloud.com":[1,12],"overnightprints.com":[1],"overnightprints.de":[1,9],"overnightprints.fr":[1,9],"overnightrvparking.com":[1],"overplay.net":[1,5,12],"overpro.net":[1,12],"overpro.ru":[1],"overseas.hr":[1,9],"overseasvotefoundation.org":[1,12],"overseer2.com":[12],"oversixty.com.au":[1,12],"overstims.com":[1,9],"overstock.com":[9],"overstockbait.com":[9],"overthewire.org":[1,12],"overtone.co":[1,9],"overtons.com":[9],"overture.com":[3],"overture.org":[1,12],"overturecenter.org":[1,12],"overwatch-teamup.com":[1],"overwolf.com":[3],"ovgu.de":[12],"ovguide.com":[3],"ovh.ca":[1,5],"ovh.co.uk":[1,5],"ovh.com":[1,5],"ovh.de":[1,5],"ovh.es":[1,5],"ovh.fr":[1],"ovh.ie":[1,5],"ovh.it":[1,5],"ovh.net":[12],"ovh.nl":[1,5],"ovh.pl":[1,5],"ovhcallianzassistance.com.au":[1],"ovhtelecom.fr":[1],"ovi.com":[3,9],"oviahealth.com":[1,12],"ovid.com":[1,12,4],"ovisat.com":[9],"ovivomobile.com":[12],"ovkuse.ru":[1,3],"ovmiles.nl":[1],"ovo.com.au":[1],"ovocasino.com":[3,3],"ovoenergy.com":[1],"ovplay.com":[1,3,3],"ovpn.com":[5],"ovpn.se":[5],"ovrc.com":[1,5],"ovs.it":[9],"ovscorporate.it":[1,12],"ovulationcalculator.com":[1,12,4],"ovuline.com":[1,12],"ovumkc.com":[1]}