{"ndlm.in":[1],"ndml.in":[1,12],"ndna.org.uk":[1,12],"ndoorsgames.com":[3],"ndp.ca":[1,12],"ndr.com":[1,12],"ndr.de":[12,3,7],"ndrive.com":[1],"ndrticketshop.de":[1,12,3],"nds-card.com":[9],"nds-passion.com":[12],"nds-passion.xyz":[3,3],"ndsu.edu":[12],"ndsuniverse.com":[12],"ndus.edu":[1,12],"ndworkforceconnection.com":[1,6],"ne-m-appelez-plus.be":[1],"ne-miguelito.com":[1],"ne.ch":[1,12],"ne.gov":[1,12],"ne.jp":[1,5],"ne.se":[1,12],"nea.org":[12],"nealsyardremedies.com":[1,4,9],"neamb.com":[1],"near.co.uk":[1],"nearbuy.com":[1],"neardesk.com":[1],"nearjob.com.br":[12],"nearlyfreespeech.net":[1,12,5],"nearlyweds.com":[1],"nearmap.com":[1],"nearpod.com":[1,12],"neat.com":[1],"neatimage.com":[1],"neatly.io":[1],"neato.com":[1,9],"neatorobotics.com":[1,12,9],"neatoshop.com":[9],"neatportal.com":[1,12,5],"neatvideo.com":[1,12,5],"neb.com":[1,12,9],"nebenan.de":[1],"nebeus.com":[1,2],"nebf.com":[12],"nebis.ch":[1,12],"nebo.edu":[12],"nebogame.com":[1,3],"nebraska.edu":[12],"nebraska.gov":[1,12],"nebraskablue.com":[1,4],"nebs.ca":[1,9],"nebs.com":[1],"nebu.com":[1],"nebula.fi":[1,5],"nebulance.io":[12],"nebulus.biz":[9],"nec-lavie.jp":[1,12,5],"nec.co.jp":[1,12],"necam.com":[1],"necessaryclothing.com":[9],"nechesfcu.org":[1,2],"neckermann-reisen.de":[1,11],"neckermann.at":[9],"neckermann.com":[9],"neckermann.de":[1,9],"necntac.com":[1,12],"necroiptv.com":[1,5],"necror.de":[1,5],"necs.com":[1,5],"nectar.com":[1],"nectaradpoints.com":[12],"necu.org":[1,2],"nedatluj.cz":[1,12],"nedbank.co.za":[1,2,12],"nedelta.com":[1,12,4],"nedercom.nl":[1,12],"nederlandenergie.nl":[1,12],"nederlandseloterij.nl":[1,3],"nederwoon.nl":[1,8,11],"nedgame.nl":[3,9],"nedis.com":[1],"nedis.fr":[1,9],"nedis.nl":[1],"neds.com.au":[3],"nedsecure.co.za":[12],"neebo.com":[12,9],"needcoolshoes.com":[9],"needelp.com":[1],"needforseat.de":[1,3,9],"needforseatusa.com":[1,9],"needforspeed.com":[1,3,9],"needhambank.com":[1,12],"needle.com":[1],"needlework.ru":[1,3,9],"needls.com":[1],"neednudge.com":[1],"needocs.com":[1,12],"needrom.com":[1,5]}