{"hifiklubben.dk":[1,9],"hifiklubben.no":[1,9],"hifiklubben.se":[1,9],"hifisentralen.no":[1,3,9],"hifishark.com":[9],"hifisimtech.com":[1,5],"hifissimo.com":[9],"hifitechinc.com":[1,5],"hifitest.de":[1,3,9],"hifivision.com":[3],"hifiwigwam.com":[1,12],"hifrance.org":[1,9,11],"hifx.co.nz":[1,2,12],"hifx.co.uk":[1,2],"hifx.com":[1,2],"hifx.com.au":[1,2],"hifxonline.co.uk":[1],"hig.no":[12],"hig.se":[12],"higaudit.com":[12],"higbeeassociates.com":[1,12],"high-hits.com":[1],"high-learning.com":[1,12],"high-minded.net":[12],"high-q.co.il":[1,12],"high.org":[1,12],"high5casino.net":[3,3],"high5sportswear.com":[9],"highandmighty.co.uk":[9],"highbeam.com":[1,12],"highcharts.com":[1,12,5],"highclerecastleshop.co.uk":[1,3,9],"highcountrygardens.com":[1,12,9],"highdeas.com":[1,12,3],"highdefforum.com":[1,3,9],"highend3d.com":[1,3,5],"higherbalanceinstitute.com":[1,12],"higherbracket.ca":[1,6],"higheredjobs.com":[12,6],"higheredtalent.org":[1,12],"higherlevel.nl":[1,12],"higherme.com":[1,6],"highernature.co.uk":[1,12,9],"higherone.com":[1,12],"higheroneaccount.com":[1],"highexistence.com":[7,1,12],"highfidelity.com":[1,5],"highfidelity.io":[1,5],"highfieldelearning.com":[1,12],"highflow.nl":[9],"highground.com":[1],"highincomefactor.com":[1,2,12],"highjump.com":[1],"highland.gov.uk":[1,12],"highlands.edu":[12],"highlandtitles.com":[1,12,3],"highlandwoodworking.com":[9],"highlights.com":[1,12,9],"highline.edu":[12],"highlite.nl":[1,12],"highlow.net":[1,2],"highly.co":[1,12],"highmark.com":[1,12],"highmarkbcbs.com":[12],"highmarkbcbsde.com":[12],"highmarkbcbswv.com":[12],"highmarkblueshield.com":[12],"highmarksce.com":[1,12],"highmowingseeds.com":[1,3,9],"highnooncasino.com":[3,3],"highonbikes.com":[9],"highpin.cn":[1,6],"highpoint-tech.com":[1,12],"highpoint.edu":[12],"highpointmarket.org":[1],"highpointscientific.com":[9],"highprofessional.com":[1,6],"highproxies.com":[1,5,12],"highq.com":[1],"highqsolutions.com":[1],"highresaudio.com":[3,3],"highrisehq.com":[1],"highschooldriver.com":[1,12],"highschoolsports.net":[12],"highschooltutors.com.au":[12],"highsierra.com":[9],"highsoft.com":[1,12],"highspeed-gaming.com":[1,5,10],"highspeedtraining.co.uk":[1,12],"highspeedwaiter.com":[1],"highstakesdb.com":[3,3],"highstatus.com":[1,12],"highstreettv.com":[1,9],"highstreetvouchers.com":[1,9],"hightail.com":[1,5],"hightechcampus.nl":[1,12],"highticketincomesystem.com":[1],"hightrack.me":[1],"hightrafficacademy.com":[1]}