{"fullplateliving.org":[1,12,4],"fullrate.dk":[1,3],"fullreleases.com":[12],"fullsail.com":[1,12],"fullsail.edu":[1,12],"fullscreen.com":[3],"fullscreen.net":[3],"fullscreendirect.com":[1],"fullscript.com":[1,12],"fullsharez.com":[1,3],"fullsix.com":[1,12],"fullsizebronco.com":[3],"fullsizechevy.com":[1,12,3],"fullslate.com":[1],"fullsource.com":[9],"fullstackacademy.com":[1,12],"fullstory.com":[1],"fullstream.su":[12],"fullticket.com":[12],"fulltilt.com":[3,3],"fulltiltpoker.com":[3,3],"fulltraffic.net":[12,1],"fully.com":[1,9],"fultonbank.com":[1,2],"fultonbanknj.com":[1,2],"fultonbanknjonlinebnk.com":[1],"fultonbankonlinebnk.com":[1],"fultoncountyga.gov":[1,12],"fultonschools.org":[1,12],"fumbbl.com":[1,12,3],"fumed1.com":[12,3,3],"fumodigitale.com":[9],"fun-mooc.fr":[12],"fun.be":[9],"fun.haus":[1,12,3],"fun123.com.tw":[1,9],"fun555.com":[3,3],"fun88.co.uk":[12,3,11],"funacumen.com":[1,3],"funagain.com":[3,3,9],"funambol.com":[1],"funamo.com":[1,12,5],"funarea.fr":[1,12,3],"funbags.com":[12],"funbeat.se":[1,12],"funbridge.com":[1,3],"func.net":[1,9],"funcef.com.br":[1,12],"funcom.com":[1,3,3],"funcraft.net":[1,3],"functionalmedicine.org":[1,12,4],"functionalmovement.com":[1,12],"functionfox.com":[1],"functionofbeauty.com":[12],"functionpoint.com":[1],"funda.nl":[1],"fundable.com":[1,2],"fundacaocefetminas.org.br":[1,12],"fundacionadecco.es":[1,12],"fundacioncarolina.es":[1,12],"fundainbusiness.nl":[1,12],"fundamenta.hu":[1,12],"fundancer.net":[1,3],"fundanything.com":[1],"fundatec.org.br":[1,12],"fundatecity.com":[12],"fundbox.com":[1],"funded.com":[1],"funded.today":[1],"fundedbyme.com":[1],"fundera.com":[1,2],"funderbeam.com":[1,2],"fundersclub.com":[1],"fundex.com":[1,2,12],"fundfire.com":[1,12],"fundi.co.za":[1,12],"fundimple.com":[1,12,3],"fundingbox.com":[1],"fundingcentral.org.uk":[1,12],"fundingcircle.com":[1,2],"fundingfactory.com":[1,12],"fundingpost.com":[1,12],"fundingsecure.com":[1,2],"fundingsuite.com":[1],"fundit.ie":[1,12],"fundly.com":[1,12],"fundme.com":[1,12],"fundmycause.net":[12],"fundonkey.com":[1,3],"fundorado.de":[12,3],"fundp.ac.be":[12],"fundrazr.com":[1,12],"fundrise.com":[1,2],"fundscrip.com":[1,12],"fundsdirect.co.uk":[1,2],"fundseeder.com":[1,2],"fundshoppe.com":[12],"fundsindia.com":[1,2],"fundsmith.co.uk":[1,2]}