{"nbb.be":[12],"nbbclubsites.nl":[1,12,3],"nbc.com":[3],"nbc.gov":[1],"nbcc.ca":[12],"nbcc.org":[1,12],"nbcn.ca":[1],"nbcnews.com":[3,7],"nbcolympics.com":[3],"nbcot.org":[1,12],"nbcrna.com":[1,12],"nbcsports.com":[3],"nbcsportsgamechangers.com":[1,12],"nbcsportsgold.com":[3],"nbcthevoice.com":[1,12,3],"nbcuni.com":[1,3],"nbcuniversalstore.com":[9],"nbdb.ca":[1,2],"nbeads.com":[9],"nbed.nb.ca":[12],"nber.org":[12],"nbfinancial.com":[1,2,12],"nbfsa.com":[1],"nbg.gr":[1,2],"nbi-clearance.com":[12],"nbi-sems.com":[12],"nbi.gov.ph":[1,12],"nbk.com":[1,12],"nbkcmortgage.com":[1,2],"nbl.tv":[1,3],"nbmbaa.org":[1,12],"nbme.org":[1,12],"nbn.org.il":[1,12],"nbnco.com.au":[1,5],"nbnco.net.au":[1,5],"nbofi.com":[1,2],"nbome.org":[1,12],"nbotickets.com":[1,12,3],"nbpower.com":[1],"nbr.co.nz":[1,12,7],"nbrc.org":[12],"nbs-test.com":[12],"nbsmokehouse.com":[1,3,9],"nbspay.net":[12],"nbspayments.com":[1],"nbt.nhs.uk":[1],"nbtbank.com":[1,2],"nbtbci.com":[12],"nbu.bg":[12],"nbutexas.com":[1],"nc-software.com":[1,5],"nc.gov":[1,12],"nc.me":[1,12,5],"nc.us":[12],"nc1.eu":[1,5],"ncaa.com":[3],"ncaa.org":[12,3],"ncaasports.com":[3],"ncacpa.org":[1,12],"ncacpanetforum.org":[1],"ncahec.net":[1,12,4],"ncalt.com":[1,12],"ncarb.org":[1,12],"ncat.edu":[12],"ncbank.co.jp":[1,2],"ncbar.com":[1,12],"ncbar.gov":[1,12],"ncbar.org":[1,12],"ncbelink.com":[1],"ncbex.org":[1,12],"ncbex2.org":[1],"ncbon.com":[1,12],"ncbs-survey.com":[12],"ncc.edu":[12],"nccaom.org":[1,12],"nccardinal.org":[1],"nccc.com.tw":[12],"nccecas.org":[1,12],"nccer.org":[1,12],"nccgroup.trust":[12],"ncci.com":[1,12],"nccn.org":[12,4],"nccohio.org":[1],"ncconline.co.uk":[1],"nccourts.org":[1,12],"nccpa.net":[1,12],"nccsts.org":[12],"ncctinc.com":[1,12],"nccu.edu":[12],"nccu.edu.tw":[12],"nccwebsite.org":[1,12],"ncdot.co.uk":[1,12,5],"ncdot.gov":[1,12],"ncedcloud.org":[12],"ncees.org":[1,12],"ncesc1.com":[1],"ncetm.org.uk":[1,12],"ncf.ca":[1,12],"ncfbins.com":[1]}