{"embaleo.com":[9],"embanet.com":[12],"embarcadero.com":[1,5],"embark.com":[1,12],"embarkapply.com":[1],"embarkvet.com":[1,12],"embarq.com":[1],"embauche.com":[1,12,6],"embauche.nc":[1,12],"embed.ly":[1],"emberapp.com":[1,11],"embl.de":[12],"emblemhealth.com":[1],"emblibrary.com":[1,9],"embloo.net":[12],"embracehomeloans.com":[1,2],"embracepetinsurance.com":[1,2],"embraer.com.br":[1,12],"embratel.com.br":[1,5],"embratel.net.br":[12],"embratelcloud.com.br":[1],"embratoria.com":[3,7,3],"embrilliance.com":[1,9],"embroideres.com":[1,9],"embroidershoppe.com":[1,9],"embroidery-boutique.com":[1,9],"embroidery.com":[1,9],"embroiderydesigns.com":[1,9],"embroiderydk.com":[1,9],"embroiderygarden.com":[1,9],"embroiderymachinedesigns.com":[1,3,9],"embroideryonline.com":[1,9],"embroiderypanda.com":[1,9],"embroiderystartup.com":[1],"embroiderysuperdeal.com":[9],"embroitique.com":[12,1,9],"emby.media":[3,5,3],"emc-motoculture.com":[9],"emc.com":[1,5],"emc.org":[1,12,4],"emcelettronica.com":[12],"emcins.com":[1,2],"emcl.com":[1,12],"emclient.com":[1,5],"emcor.net":[1,5],"emcp.com":[12],"emcpanel.com":[1],"emcworldonline.com":[12],"emdat.com":[1],"emdeon.com":[12],"emdeondental.com":[1],"emdesell.ru":[1,12],"emdl.fr":[1,12],"emdmillipore.com":[1,12],"emds.com":[1],"emeals.com":[1],"emebus.cl":[12],"emedcareers.com":[1,6],"emedco.com":[1,9],"emedhome.com":[1,12],"emediapress.com":[1,12],"emedicine.com":[12,4],"emedley.com":[12],"emedny.org":[1,12],"emedpay.net":[1],"emedsample.com":[12],"emel.pt":[1],"emeraldchat.com":[1],"emeraldclub.com":[1],"emeraldclubpromos.com":[1],"emeraldconnect.com":[1,12,5],"emeraldinsight.com":[1],"emeramaine.com":[1,12],"emerchantbroker.com":[1],"emerchants.com.au":[1],"emerchantview.com":[12],"emergency-forum.de":[1,12],"emergency-france.com":[1,12],"emergency-planet.com":[1,12,10],"emergencyreporting.com":[12],"emergenetics.com":[1,12],"emergenza.net":[1,12],"emergetechnology.net":[12],"emergingmed.com":[12],"emergingthreats.net":[1],"emero.de":[1,9],"emerson.com":[1],"emerson.edu":[12],"emersonclimate.com":[1],"emersonecologics.com":[12,4,9],"emersonhosp.org":[12],"emersonnetworkpower.com":[1],"emersonprocess.com":[1],"emex.ru":[9],"emgoldex.com":[1],"emich.edu":[12],"emigrantas.tv":[1,3,5],"emigrantdirect.com":[1,2,12],"emihealth.com":[1,12,4]}