{"ihirelogistics.com":[1,6],"ihiremaintenanceandinstallation.com":[1,6],"ihiremanufacturing.com":[1,6],"ihiremarketing.com":[1,6],"ihiremedicalsecretaries.com":[1,6],"ihirementalhealth.com":[1,12,4],"ihirenursing.com":[1,6],"ihirepharmacy.com":[1,6],"ihirequalitycontrol.com":[1,6],"ihirerealestate.com":[1,6],"ihireretail.com":[1,6],"ihiresalespeople.com":[1,6],"ihiresecretarial.com":[1,6],"ihiresecurity.com":[1,6],"ihiresocialservices.com":[1,6],"ihiretechnology.com":[1,6],"ihireveterinary.com":[1,12],"ihk-berlin.de":[1,12],"ihk-koeln.de":[1,12],"ihk-lehrstellenboerse.de":[1,12],"ihk.de":[1,12],"ihlcanada.com":[9],"ihmc.us":[1,12],"ihmvcu.org":[1,2],"ihmvcuonline.org":[1,12],"ihned.cz":[1,12,7],"ihome.com":[1,9],"ihomeaudio.com":[1,9],"ihomefinder.com":[1],"ihonex.com":[12],"ihookup.com":[10],"ihop.com":[1],"ihopkc.org":[1,12,12],"ihor.ru":[1,5],"ihost.com":[1,12],"ihostexchange.net":[12],"ihostfull.com":[1,5],"ihostnetworks.com":[1,5],"ihotel.ca":[1],"ihotelier.com":[1],"ihouseelite.com":[1],"ihouseweb.com":[1],"ihre-kontaktlinsen.de":[1,9],"ihremeinung.at":[12],"ihs.com":[1],"ihs.com.tr":[1,5],"ihs.gov":[1,12,4],"ihs.org":[1,12,4],"ihsa.org":[1,12],"ihserc.com":[1],"ihsti.com":[12],"ii.co.uk":[1,2,12],"iiaba.net":[1],"iiba.org":[1,12],"iibuy.com.au":[9],"iicle.com":[1,12],"iid.com":[1,12],"iid.jp":[1],"iie.ac.za":[12],"iie.org":[12],"iienet2.org":[1,12],"iiftadmissions.net.in":[1,12],"iifym.com":[1,12,4],"iigins.com":[1],"iii.co.uk":[2],"iii.com":[1,12],"iii.ru":[1,12,5],"iiit.ac.in":[1,12],"iijmio.jp":[1,5],"iijournals.com":[1,2,12],"iil.com":[1,12],"iilg.com":[1],"iimjobs.com":[1,6],"iinet.com":[1,5],"iinet.com.au":[1],"iinet.net.au":[1],"iinethosting.net.au":[1,5],"iis.net":[1,5],"iis.se":[12],"iise.org":[1,12],"iisecure.com":[1],"iiss.org":[1,12],"iit.edu":[12],"iitb.ac.in":[12],"iitbombayx.in":[1,12],"iitd.ac.in":[12],"iitg.ac.in":[12],"iitjobs.com":[1,6],"iitk.ac.in":[12],"iitkgp.ac.in":[1,12],"iitm.ac.in":[1,12],"iitr.ac.in":[12],"iittala.com":[1,9],"iitv.info":[12],"iium.edu.my":[12],"iix.com":[1],"ijdmtoy.com":[1,9],"ijetech.com":[5,7,9],"ijglobal.com":[1,12]}