{"halfoffdeal.com":[1,9],"halfoffdepot.com":[12],"halfords.com":[9],"halfordsautocentres.com":[1,9],"halfordscareers.com":[1],"halfpasthuman.com":[12,4],"halfpricebanners.com":[1,9],"halfpriceblinds.com.au":[1,9],"halfpricedrapes.com":[9],"halfpriceozarks.com":[1,9],"halftimebeverage.com":[12],"halifax-intermediariesonline.co.uk":[1],"halifax-online.co.uk":[1,5],"halifax.co.uk":[1,2],"halifaxcreditchecker.co.uk":[1,2],"halifaxpubliclibraries.ca":[1,12],"halifaxsharedealing-online.co.uk":[1,12],"halkbank.com.tr":[1,2,12],"hall.com":[1,10],"hallandstrafiken.se":[1,12,7],"hallapatterns.com":[1,9],"hallco.org":[12],"halldata.com":[1],"hallensteins.com":[9],"halleonard.com":[1,12,3],"halleyweb.com":[12],"hallforcornwall.co.uk":[1,12,3],"hallhuber.com":[9],"halliburton.com":[1],"hallmark.be":[1,9],"hallmark.co.uk":[1],"hallmark.com":[1,9],"hallmark.nl":[1,9],"hallmarkcasino.com":[3,3],"hallmarkchannel.com":[12],"hallmarkchanneleverywhere.com":[1,3],"hallmarkecards.com":[1,3],"hallmarkhealth.org":[1,12,4],"hallmarkscrapbook.com":[9],"hallmarksoftware.com":[1],"hallobabysitter.de":[1],"hallon.se":[1,9],"halloweencostumes.com":[3,9],"halloweenexpress.com":[3,9],"halloweenforum.com":[10],"hallwines.com":[12,1,12],"halmstad.se":[1,12],"halo.com":[1,9],"halocigs.com":[12,9],"halogensoftware.com":[1],"halohul.com":[12,10],"halonet.pl":[1,5],"halongmining.com":[1],"halooglasi.com":[1,9],"haltadefinizione.com":[1,12],"haltgame.com":[1,12,3],"halycon.de":[1,12],"hama.com":[1],"hama.dk":[1,12],"hamachifrance.com":[12],"hamad.qa":[1,12,4],"hamak.fr":[1,12],"hamazushi.com":[1,12],"hamburg-airport.de":[1,3,11],"hamburg-messe.de":[1,12],"hamburg.de":[1,3],"hamburgenergie.de":[1,9],"hamburger-volksbank.de":[1],"hamburgwasser.de":[1],"hamcall.net":[1,12],"hamcity.com":[9],"hameleons.com":[12],"hamexam.org":[1,12],"hamfiles.co.uk":[12,5],"hamicloud.net":[1],"hamilton-trust.org.uk":[12],"hamilton.ca":[1,12],"hamilton.edu":[12],"hamiltonbeach.com":[1,3,9],"hamiltonbook.com":[9],"hamiltoncollection.com":[1,3,9],"hamiltonmarine.com":[9],"hamleys.com":[9],"hamline.edu":[12],"hammacher.com":[9],"hammamalandalus.com":[1],"hammer-corp.com":[1,12],"hammerfest.fr":[1,12,3],"hammerheaddomains.com":[1,5],"hammerm2.com":[12],"hammermuehle-shop.de":[12],"hammernutrition.com":[1,9],"hammertime.be":[1,3,9],"hammihan.com":[1],"hammockforums.net":[1,12,10],"hammonds-uk.com":[1,9],"hamper.com":[1,9],"hampshire.edu":[1,12],"hampsteadtheatre.com":[1,12,3]}