{"recreation.gov":[1,12],"recruit.co.jp":[1,12],"recruit.net":[1,6],"recruitadvantage.com":[1],"recruitee.com":[1],"recruiter.co.kr":[12],"recruiter.com":[1,6],"recruiterbox.com":[1],"recruitingbridge.com":[1],"recruitingcenter.net":[1,5],"recruitingsite.com":[12],"recruitireland.com":[1,6],"recruitment.praxi":[1],"recruitmentgenius.com":[1],"recruitmentmanager.no":[1],"recruitmentonline.in":[1,12],"recruitmentplatform.com":[12],"recruitmilitary.com":[1,6],"recruitspot.com":[1,12],"recrut.com":[1,12,6],"recrutement-restauration.fr":[1],"recrutement.leclerc":[1,12],"recrutemoi.com":[1,12,6],"recsolu.com":[1],"rectatech.com":[5,9],"rectecgrills.com":[1,9],"rectrac.com":[1],"rectron.co.za":[1,12],"rectron.net":[1],"recurly.com":[1],"recurpost.com":[1],"recursiontracker.com":[1,12],"recursosteocraticos.com":[1,12],"recwebcam.com":[3],"recyclebank.com":[1,9],"recycler.com":[1,9],"recyclingperks.com":[1],"recyclivre.com":[1,12],"recyclix.com":[1,12],"red-by-sfr.fr":[1],"red-gate.com":[12],"red-hack.ru":[12,3],"red-list.tv":[12,3],"red-tube.com":[12],"red.com":[1,9],"red24.com":[1,12],"red5.co.uk":[9],"red61.com":[1],"redacted.ch":[12],"redacted.se":[12],"redacted.tv":[3],"redacteur.com":[1,12],"redactiweb.com":[1,12],"redandwhitekop.com":[1,12,3],"redarmybet.com":[1],"redarrow.ca":[1],"redash.io":[1,5],"redata.com":[12],"redballoon.com.au":[1,9],"redbana.com":[1,12],"redbeacon.com":[1],"redberryweb.com":[1,9],"redbet.com":[12],"redbooks.com":[1],"redbooth.com":[1,5],"redbox.ca":[3,9],"redbox.com":[3],"redboxinstant.com":[3],"redboxjobs.com":[1,6],"redbrickhealth.com":[1,12],"redbridge.gov.uk":[1,12],"redbubble.com":[12,3,9],"redbug.com.br":[12,9],"redbull.com":[12],"redbullairracethegame.com":[12,3],"redbullbatalladelosgallos.com":[1,12,3],"redbullcontentpool.com":[1,12,3],"redbullmediahouse.com":[1,12,3],"redbullmobile.at":[5,9],"redbullshop.com":[9],"redbullsoundselect.com":[1],"redbunker.net":[1,5],"redbus.in":[1,11],"redbushtea.com":[1,3],"redbysfr.re":[1],"redcafe.net":[12,10],"redcanoecu.com":[1,2],"redcarpetgetaway.ca":[1,12,3],"redcat.com.au":[1],"redcheetah.com":[1],"redchippoker.com":[3],"redclive.ie":[1],"redclouds.com":[12,1,3],"redco.com":[9],"redcoachusa.com":[1,11],"redcomponent.com":[1,5],"redcondor.com":[1],"redcondor.net":[12],"redcoon.at":[1,9]}