{"legaulois.fr":[1],"legauloistourdefrance.fr":[12],"legavox.fr":[1,12],"legear.com.au":[9],"legendary.hu":[1,5],"legendary.zone":[1,12],"legendarymarketer.com":[7,1,12],"legendas-zone.org":[3,12],"legendas.tv":[3,12],"legendasdivx.com":[1,12,3],"legendasdivx.pt":[1,12,3],"legendcoin.co":[12],"legendcrafttr.com":[1],"legendgroup.com":[1],"legendknight.com":[1,3],"legendofkrystal.com":[1,12],"legendonlineservices.co.uk":[12],"legends-decks.com":[3,3],"legendsofequestria.com":[1,12],"legendsofhonor.com":[3],"legendsoftree.com":[1,12],"legeneraliste.fr":[1,12,4],"legerweb.com":[1,12],"legfi.com":[1],"leggett.com":[1],"leggiditalia.it":[1,12],"leggiditaliaprofessionale.it":[1,12],"leggingarmy.com":[9],"leggmason.com":[1,2],"legimi.com":[1],"legimi.pl":[1],"legimus.se":[1,12],"legion.ca":[1,12],"legion.org":[1,12],"legionathletics.com":[1,12,9],"legiondep.com":[12],"legionofcollectors.com":[1,3,9],"legionprogramas.org":[1,12,5],"legiscan.com":[1,12],"legislazionetecnica.it":[1,12],"legistorm.com":[1,12],"legitcoin.me":[12],"legitonlinejobs.com":[1],"legler-online.com":[9],"lego.com":[1],"legolandcaliforniaresort.com":[1,12],"legolas.exchange":[1,2],"legoutdelavap.com":[9],"legrand.fr":[1,12,9],"legrand.us":[1],"legrandchangement.com":[1,12],"legrandna.com":[12],"legtux.org":[1,5],"leguide.com":[9],"leguideculturel.com":[1,12],"lehadegustateur.com":[12],"lehavre.fr":[1,12],"lehigh.edu":[12],"lehighdefense.com":[9,12],"lehlel.com":[10],"lehmanns.de":[1,12,9],"lehmans.com":[9],"lehner-versand.ch":[9],"lehrer-online.de":[12],"lehrerapp.de":[1,12,5],"lehrerbuero.de":[12],"lehtiluukku.fi":[9],"leica-camera.com":[1],"leica-fotopark.com":[1,10],"leica-geosystems.com":[1],"leicester.gov.uk":[1,12],"leics.gov.uk":[1,12],"leiden.edu":[12],"leidenuniv.nl":[12],"leidos.com":[1,12],"leilaofree.com.br":[9],"leiloes.net":[12],"leimbergservices.com":[1,12],"leipzig-halle-airport.de":[3],"leipziger-volksbank.de":[1],"leireg.de":[1],"leismunicipais.com.br":[1,12],"leisurearts.com":[9],"leisurecloud.net":[12],"leisurejobs.com":[1,6],"leisurelakesbikes.com":[9],"leisurepro.com":[9],"leisureshopdirect.com":[9],"leisuretimepassport.com":[1],"leitorbertrand.pt":[12],"leitstellenspiel.de":[1],"leiturinha.com.br":[1,12],"leitz.com":[1],"lejackpotdominos.fr":[12],"lejdd.fr":[1,12,7],"lejebolig.dk":[1,8],"lejerbo.dk":[1,12],"lejnu.dk":[8],"lejournaldemontreal.com":[12,7]}