{"prison-technology-services.com":[1],"prisonplanet.com":[12,3,7],"prisonplanet.tv":[1,12,3],"prisontalk.com":[1,12],"pristine.com":[1],"pristineauction.com":[3,9,3],"prisync.com":[1],"prius-touring-club.com":[1],"priuschat.com":[1],"privacy.com":[1],"privacyassociation.org":[1,12],"privacybrowser.org":[1,5,12],"privacycommission.be":[1,12,5],"privacyguard.co.uk":[1],"privacyguard.com":[1],"privacypolicies.com":[1],"privacyshield.gov":[12],"privalia.com":[9],"privat24.ua":[1],"privataaffarer.se":[1,2,9],"privatamateure.com":[12,1],"privatbank.ua":[1,2],"private-eclub.com":[12],"private.com":[12],"private4.com":[12],"privateaser.com":[1],"privateaser.es":[1],"privateblackcouples.com":[12],"privatecams.com":[12],"privatecheatz.com":[1,12,3],"privatediary.net":[1],"privateemail.com":[1],"privateequityinternational.com":[1,12],"privateerpress.com":[1,12,3],"privateerpressforums.com":[10],"privatefloor.com":[1,9],"privatefx.com":[1,2],"privategenerator.net":[1],"privatehd.to":[12],"privateheberg.com":[1,5],"privatehomeclips.com":[12],"privateinternetaccess.com":[5,12],"privateislandsonline.com":[1,11],"privatelabelclassroom.com":[1,12],"privatemdlabs.com":[12,4],"privatemoneygoldmine.com":[1,2],"privateoutlet.com":[12],"privateoutlet.fr":[12,1,9],"privateoutlet.it":[1,9],"privatepilot.de":[12],"privatepornos.com":[10],"privateproperty.co.za":[1,8],"privateschoolreview.com":[12],"privatesociety.com":[12],"privatesportshop.co.uk":[12,1,9],"privatesportshop.com":[12,1,9],"privatesportshop.es":[12,1,9],"privatesportshop.fr":[1,9],"privatesportshop.it":[12,1,9],"privatetunnel.com":[12],"privatevpn.com":[1,5],"privatistweb.no":[1],"privatkundenportal.net":[1],"privatmarket.ua":[9],"privatoria.net":[5,12],"privatporno.com":[12,1,3],"privcap.com":[1,12],"privco.com":[1],"privea.fr":[1],"privesexopname.nl":[12],"privet.ru":[1,5],"priviahealth.com":[1,4],"priviatravel.com":[11],"privilege.com":[1,2],"privilegedemarque.com":[1,9],"privilegesbywyndham.com.au":[1,9],"privilegiosencompras.es":[1],"privink.com":[12],"privy.com":[1],"prix-construction.info":[1,12,9],"prixing.fr":[9],"prixparfum.net":[1,9],"prixtel.com":[1],"prizebonds.ie":[1,12],"prizecandle.com":[9],"prizee.com":[1,3,3],"prizegrab.com":[1,3],"prizeo.com":[1,3],"prizeplay.com":[3],"prizereactor.co.uk":[1,3],"prizereactor.fr":[1,12,3],"prizerebel.com":[1,9],"prizes4games.com":[3],"prizesnow.com":[1],"prizeus.com":[1,3],"prjktruby.com":[1,12],"prkcorp.com":[1],"prlog.org":[1,12],"prmembers.com":[12]}