{"vicicollection.com":[9],"vicinityrewards.ca":[1],"vicomi.com":[12],"vicsbingo.ag":[9],"vicsuper.com.au":[1,2,12],"victeach.com.au":[1,2],"victorchandler.com":[3,3],"victoria-france.fr":[1],"victoria-group.ru":[1,12,9],"victoria.ac.nz":[12],"victoria.ca":[12],"victoria.co.uk":[1,12],"victoria50.fr":[1,12],"victoria50.it":[1,12],"victoriabank.md":[1,2],"victoriabrides.com":[12],"victoriabritish.com":[9,12],"victoriacollege.edu":[12],"victoriahealth.com":[1,12,4],"victoriahearts.com":[12],"victoriainsurance.com":[1],"victoriamilan.be":[10],"victoriamilan.com":[10],"victoriamilan.de":[10],"victoriamilan.nl":[10],"victoriamilan.se":[10],"victoriananursery.co.uk":[1,12,3],"victorianplumbing.co.uk":[1,9],"victoriantradingco.com":[9],"victoriaplum.com":[1,9],"victoriaplumb.com":[1,9],"victoriasbasement.com.au":[1],"victoriasecret.com":[12],"victoriassecret.com":[12,9],"victorinox.com":[9],"victorops.com":[1,5],"victorycoin.cash":[1,2],"victoryforums.com":[1,10],"victorymine.com":[12],"victorymotorcycles.com":[9],"victoza.com":[12,4],"victronenergy.com":[1,9],"vid.gov.lv":[1,12],"vid.me":[1,10],"vid.ru":[12],"vid2c.com":[12],"vidadivina.com":[1,12,9],"vidaecor.com.br":[9],"vidahost.com":[1,5],"vidal.fr":[1,12,4],"vidalonline.com":[12,4],"vidangel.com":[1,9],"vidanthealth.com":[1,4],"vidapay.com":[1],"vidaplayer.com":[1,9],"vidavida.de":[1,4],"vidaxl.be":[9],"vidaxl.ch":[9],"vidaxl.de":[1,9],"vidaxl.dk":[1,9],"vidaxl.fr":[1,9],"vidaxl.it":[1,9],"vidaxl.nl":[1,9],"vidaxl.se":[1,9],"vidbliss.com":[1],"vidbull.com":[3],"vidcannon.com":[1],"vidcommx.com":[1,5],"vidcorn.com":[1,3],"vidcube.com":[3],"vidcuratorfx.com":[1],"viddler.com":[1],"viddyad.com":[1],"viddyoze.com":[1],"vide-greniers.org":[12],"vide-maisons.org":[1,12],"videa.hu":[3],"videasme.com":[1],"videdressing.com":[9],"videezy.com":[3,3],"videnov.bg":[1,9],"video-research.jp":[1,12],"video2brain.com":[1,12],"video4money.com":[1,12,5],"video4money.de":[1,12,5],"videobam.com":[1],"videobash.com":[3,3],"videobb.com":[1],"videoblocks.com":[1,12,3],"videobolt.net":[1],"videobox.com":[12,3,9],"videobuilderapp.com":[12],"videobuster.de":[3],"videochief.io":[1],"videociety.de":[3],"videocityparis.com":[1,12,3],"videocluster.net":[12],"videocoin.io":[1,5],"videocond2h.com":[1]}