{"travelvisapro.com":[1,11],"travelweekly.com":[1,11],"travelwithgallagher.com":[1,12],"travelzad.com":[1,12,11],"travelzoo.com":[1],"travers.com":[1,9],"traversiers.com":[1,12],"travessa.com.br":[12,3,9],"travesta.de":[12,1,3],"travestichat.fr":[12,1],"travian.ae":[1,12,3],"travian.cl":[1,12,3],"travian.co.il":[1,12,3],"travian.co.uk":[1,12,3],"travian.com":[1,3],"travian.com.au":[1,12,3],"travian.com.br":[1,12,3],"travian.com.eg":[1,12,3],"travian.com.hr":[1,12,3],"travian.com.sa":[1,12],"travian.com.tr":[1,12,3],"travian.com.vn":[1,12],"travian.cz":[1,12,3],"travian.de":[1,12,3],"travian.dk":[1,12,3],"travian.fi":[1,12,3],"travian.fr":[1,12],"travian.gr":[1,12,3],"travian.hu":[1,12,3],"travian.in":[1,12,3],"travian.ir":[1,12,3],"travian.it":[1,12,3],"travian.lt":[1,12,3],"travian.net":[1,12,3],"travian.nl":[1,12,3],"travian.no":[1,12,3],"travian.pl":[1,12],"travian.pt":[1,12,3],"travian.ro":[1,12,3],"travian.ru":[1,12,3],"travian.se":[1,12,3],"travian.si":[1,12,3],"travian.sk":[1,12,3],"travian.us":[1,12,3],"travianer.de":[12],"traviangames.com":[1,3],"travimp.com":[1,11],"travipay.com":[1],"travisa.com":[1],"traviscu.org":[1],"travismathew.com":[9],"travisperkins.co.uk":[1,9],"travista.de":[1,11],"travmedia.com":[1],"travo.com":[1],"travronden.se":[1,12,3],"travsearch.com":[1,11],"trawlerforum.com":[10,9],"traxeditor.com":[1,5],"traxo.com":[1],"traxpayroll.com":[1],"traxsource.com":[1,3],"traxxas.com":[1,9],"tray.com.br":[1],"tray.io":[1,5],"traycheckout.com.br":[1],"trb.com":[12],"trb.org":[1,12],"trbinaryoptions.com":[1,2],"trcelectronics.com":[1,9],"trch.co.uk":[1,12,3],"trck.me":[1],"trcstaffing.com":[1],"trdealer.com":[1,9,12],"trdebrid.com":[12],"tre.it":[1],"tre.se":[1,9],"treas.gov":[1,2,12],"treasureislandmedia.com":[1,3,9],"treasuremile.com":[3,3],"treasurenet.com":[1,12,3],"treasuretrails.co.uk":[1,12],"treasuretrooper.com":[1],"treasury-factory.com":[1],"treasury.gov":[1,12],"treasurydirect.gov":[1,2,12],"treasurywineevent.com":[12,1,9],"treat.com":[1,9],"treated.com":[1,4],"treatme.co.nz":[1,9],"treatmentmatch.org":[1,4],"treato.com":[4],"treatwell.co.uk":[1,7],"treatwell.de":[1,7,9],"treatwell.fr":[1,12,9],"treatwell.nl":[1,12],"treca.org":[12],"treccani.it":[1,12],"tred.com":[1,12]}