{"online-enrollment.com":[1],"online-event.co":[12],"online-filmek.cc":[3],"online-filmek.hu":[3],"online-filmek.tv":[3,12],"online-games-shop.de":[3],"online-go.com":[3],"online-gold.de":[1,3,9],"online-home-jobs.com":[1,5,6],"online-inspire.gov.in":[1,12],"online-insure.com":[12],"online-kiosk.ch":[1],"online-kuendigen.at":[12],"online-life.cc":[12],"online-ogorod.com":[1,12,9],"online-onboarding.com":[1,12],"online-pajak.com":[1,2,12],"online-pizza.de":[1,3],"online-playbook.com":[1,12],"online-pont.eu":[3,12],"online-quizshow.de":[1,12],"online-quote-and-buy.co.uk":[12],"online-rewards.com":[1],"online-shc.com":[12],"online-sweepstakes.com":[1,12],"online-tax.net":[1,12],"online-teile.com":[1,9,12],"online-trainers.com":[1,12],"online.de":[12],"online.ee":[1],"online.fr":[1,5],"online.net":[1,5],"online.nl":[1,12,5],"online.no":[1,12,7],"online.ua":[1,12,7],"onlineacademies.co.uk":[1,12],"onlineaccess.ca":[1],"onlineaccess1.com":[12],"onlineaccessplus.com":[12],"onlineaccount.net":[12],"onlineaccounts.org":[12],"onlineafspraken.nl":[1],"onlineaha.org":[1,12],"onlinealbumproofing.com":[1],"onlineandhrabank.net.in":[1],"onlineappliancespares.com.au":[1,9],"onlineapplicationportal.com":[12],"onlineapplications.net":[1],"onlineapplyadvance.com":[1,2],"onlineassessmenttool.com":[1,12],"onlineathens.com":[12,3,7],"onlineatnsb.com":[12],"onlineauction.com":[9],"onlineaurora.com":[12],"onlineautoloanservicecenter.com":[1],"onlinebank.com":[12],"onlinebanking-forum.de":[1,12,5],"onlinebanking-nibcdirect.de":[12],"onlinebanking-psd-berlin-brandenburg.de":[12],"onlinebanking-psd-koeln.de":[12],"onlinebanking-psd-muenchen.de":[12],"onlinebanking-psd-nord.de":[12],"onlinebanking-psd-nuernberg.de":[1],"onlinebanking-psd-rhein-ruhr.de":[12],"onlinebanking-psd-rheinneckarsaar.de":[12],"onlinebanking-psdbank-ht.de":[12],"onlinebanking-rv-direkt.de":[12],"onlinebanking-vr-bank-nuernberg.de":[12],"onlinebanking-vrbanknet.de":[12],"onlinebankingconsumerscu.org":[1],"onlinebanktransfer.com":[12],"onlinebayportcu.org":[1,2],"onlinebeta.com":[1,12,5],"onlinebiller.com":[12],"onlinebingo.eu":[3,3],"onlinebookclub.org":[12,3,9],"onlinebootycall.com":[10],"onlinebrief24.de":[1],"onlinebudgetsystem.com":[12],"onlinecampaigntools.com":[1],"onlinecanadianpharmacy.com":[12,9],"onlinecarbooty.com":[1,9],"onlinecardaccess.com":[12],"onlinecardclasses.com":[1,12],"onlinecarparts.co.uk":[9,12],"onlinecarpets.co.uk":[1,9],"onlinecarstereo.com":[9],"onlinecashen.nl":[1],"onlinecasino-eu.com":[3],"onlinecasino-service.com":[1,5],"onlinecasino.ac":[3,3],"onlinecasino.de":[1],"onlinecertifiedmail.com":[1],"onlinechampion.com":[1],"onlinecharttool.com":[1,12],"onlinechat.co.in":[10,3],"onlinechatcenters.com":[1,5],"onlinecheckout.com":[12],"onlinecitationpayment.com":[12]}