{"geneaservice.com":[12],"geneatique.net":[1,12],"geneawiki.com":[1,12],"genebase.com":[1,12],"genei.es":[1],"genejuarez.com":[1],"genengnews.com":[1,12],"generac.com":[1,9],"generadordeprecios.info":[1,12,9],"general-anzeiger-bonn.de":[1,12],"general-community.com":[1,3,5],"generalaccident.com":[1],"generalasp.com":[1,5],"generalassemb.ly":[1,12],"generale-optique.com":[1,9],"generali-worldwide.com":[1],"generali.at":[1],"generali.ch":[1,2],"generali.com":[1,12],"generali.de":[1],"generali.es":[1],"generali.fr":[1,2],"generali.hu":[1,2],"generali.it":[1],"generali.pl":[1],"generalmills.com":[1,12],"generalpants.com.au":[9],"generalsnus.com":[1,12],"generatepress.com":[1,5],"generateprivacypolicy.com":[1],"generatewp.com":[1,5],"generation-nt.com":[1,5],"generation-souvenirs.com":[3,9],"generation.fr":[1,12],"generationcable.net":[1,3],"generationharibo.com":[1,3,3],"generationlove.com":[10],"generations.fr":[1,3,3],"generationsephora.fr":[1,12,3],"generationsims3.com":[1,12],"generationtux.com":[1,9],"generatorguru.com":[1,9],"genericdoctor.com":[1,9],"genericlop.fr":[12,9],"genero.tv":[1],"generosity.com":[12],"genertel.hu":[1,2],"genertel.it":[1,2],"genertellife.it":[1,2],"genesant.com":[1,5],"genesee.edu":[1,12],"geneseeisd.org":[1,12],"geneseo.edu":[12],"genesis-ec.com":[12],"genesis-mining.com":[12],"genesis-mining.ru":[12],"genesis-movement.org":[1,12],"genesis.com":[1],"genesis.es":[1],"genesis.vision":[1,2],"genesiscinema.co.uk":[1],"genesisedu.com":[1,12],"genesisenergy.co.nz":[1],"genesisfinanceusa.com":[1],"genesishcc.com":[1,12,4],"genesishcs.org":[1,12,4],"genesismaps.com":[1,12],"genesismotorsusa.com":[1],"genesisowners.com":[1],"genesistrading.com":[1,2],"genesreunited.co.nz":[1,12],"genesreunited.co.uk":[1,12],"genesreunited.co.za":[1,12],"genesreunited.com":[1,12],"genesreunited.com.au":[1,12],"genesys.com":[1],"genetec.com":[1,5],"genewiz.com":[1,12],"gengo.com":[1],"geni.com":[1,12],"geni.us":[1],"genial.ly":[1,12],"genialclick.com":[12],"genialclick.it":[1],"genialfun.com":[1,12,3],"genialloyd.it":[1,3,9],"genialokal.de":[3,9],"geniatech.eu":[1],"genie-connect.com":[1],"genie-soft.com":[1],"genie.co.kr":[3,3],"genie9.com":[1],"geniepad.com":[1],"genina.com":[1,12,3],"geninfo.com":[1,12],"genios.de":[1,12],"genious.net":[1,5],"genirevolution.org":[1,12],"genisyscu.org":[1,2]}