{"pandamoney.pl":[1,2],"pandanet-igs.com":[1,12],"pandanet.co.jp":[12],"pandapow.co":[1,5,12],"pandaresearch.com":[1],"pandasat.info":[1,12,10],"pandasecurity.com":[1,5,9],"pandashan.com":[1,12,3],"pandasoftware.com":[1,5,9],"pandastart.com":[12],"pandasuite.com":[1,12],"pandawhole.com":[9],"pandawill.com":[9],"pandawillforum.com":[12],"pandawow.ru":[1,12,3],"pandemic-legion.com":[12],"pandemic-legion.pl":[1,12,10],"pandex.org":[1,2],"pandigital.net":[12],"pandikey.com":[3,9],"pandikey.fr":[3,9],"pandistelle.it":[1,12],"pandle.co.uk":[1],"pandlr.com":[1],"pando.com":[12],"pandopuntokualda.com":[1,12,3],"pandora.com":[3],"pandora.com.tr":[9],"pandora.net":[9],"pandora.tv":[1,3,3],"pandorabeauty.com":[9],"pandorabots.com":[1,5],"pandoraclient.com":[1],"pandoramoa.com":[9],"pandoriumx.com":[1,12,3],"panduit.com":[1,9],"paneangeli.it":[1,3],"paneco.co.il":[12,9],"panel-institut.com":[1],"panel.no":[1,12],"panel.se":[1,12],"panel4all.co.il":[1,12],"panelariadna.pl":[1,12],"panelbase.net":[1,12],"paneldeconsumo.com":[12],"panelia.fr":[1,12],"panelistportal.ru":[12],"panelontheweb.com":[1],"panelook.com":[1,9],"panelopinion.co.uk":[1,12],"panelplace.com":[1],"panelpolls.com":[1,12],"panelprivileges.com":[1],"panelweb.de":[1,12],"panelweb.fr":[1,12],"panelwizard.com":[1,12],"panera.com":[1,3,9],"panerabread.com":[1,3],"paneracards.com":[1,9],"panfu.com":[1,5],"panfu.de":[12,3,3],"panfu.fr":[12,3],"panfu.me":[12],"panfu.se":[12],"pangburngroup.com":[1,2,12],"pangea.group":[1],"pango.co.il":[1],"panic.com":[1,5],"paniniadrenalyn.com":[1],"paniniamerica.net":[1],"paninicloud.com":[12],"paninicomics.com.br":[3,9],"paninicomics.de":[3],"paninicomics.it":[3],"paninigroup.com":[1,12],"paninimania.com":[1,12],"paninionline.com":[1,12],"paninishop.de":[3],"paninistore.fr":[1,12,3],"panjiva.com":[1],"panjo.com":[1,9],"panli.com":[1,9],"pannacooking.com":[1,3],"pannolini.it":[1,9],"panono.com":[1],"panopta.com":[1],"panopto.com":[1],"panorama9.com":[1,5],"panoramaadviser.com.au":[1,5],"panoramio.com":[1,12,7],"panosfx.com":[1,12,5],"panpacific.com":[1],"panstoria.com":[1],"pantaenius.com":[1],"pantagraph.com":[12,3,7],"pantene.com":[1,12,9],"pantheon.io":[1,5],"pantheonmmo.com":[12,3],"pantheonsite.io":[1,5]}