{"eagleview.com":[1,12],"eal.dk":[1,12],"ealgonquin.ca":[1,12],"ealing.gov.uk":[1,12],"eallianz.fr":[1,2],"eam.fi":[1],"eamejia.com":[1,9],"eamythic.com":[3],"ean.com":[1],"eandis.be":[1,12],"eap.gr":[12],"eapmovies.com":[1,3],"eapps.com":[1,5],"eappsdb.com":[1,12],"eapteka.ru":[1,9],"ear-play.com":[1,12,3],"earache.com":[12],"earbits.com":[12],"earcu.com":[1],"earenfroe.com":[1,12],"earlham.edu":[12],"early-retirement.org":[1,2,12],"earlyinvesting.com":[1,2],"earlymoments.com":[1,12,3],"earlyresolution.net":[1],"earlyscores.com":[1,12],"earlytorise.com":[1,12],"earlywarning.com":[1,12],"earn.com":[12],"earn.org":[1,12],"earn2life.com":[1,12],"earnably.com":[1,9],"earnbux.me":[1,12],"earncrypto.com":[1],"earndit.com":[1,3],"earndoing.com":[1],"earnest.com":[1,2],"earnevery30minutes.com":[12],"earnforex.com":[2],"earnfreebitcoins.com":[1,3],"earnfreebitcoins.net":[1,5],"earnhoney.com":[1],"earning-surf.com":[1],"earningclix.com":[1],"earningstation.com":[12],"earningswhispers.com":[1,2],"earnparttimejobs.com":[12],"earnstar.de":[1,9],"earnstations.com":[1],"earnwithinvite.com":[12],"earny.co":[1,9],"earthboundtrading.com":[9],"earthbox.com":[1,9],"earthcam.com":[3,3],"earthcam.net":[1,3],"earthclassmail.com":[1,5],"earthclinic.com":[12,4],"eartheasy.com":[1,9],"earthfare.com":[1],"earthing.com":[1,9],"earthled.com":[9],"earthlink.com":[1,5],"earthlink.iq":[1,5],"earthlink.net":[1,5],"earthlinkbusiness.com":[1,5],"earthlinktele.com":[1,5],"earthnetworks.com":[1,12],"earthpoint.us":[1,12],"earthrangers.com":[1,12],"earthturns.com":[12,4,9],"earthvpn.com":[1,5],"earwormslearning.com":[1],"eas.com":[1,12,9],"easecentral.com":[1],"easel.io":[1,5],"easel.ly":[12],"easemob.com":[1],"easemytrip.com":[1,11],"easemytrip.in":[1,11],"easeus.com":[1,5],"easiadmin.com":[1],"easicat.net":[1],"easil.com":[1],"easily.co.uk":[1,5],"easilydo.com":[1],"easipaylive.co.nz":[1],"easistent.com":[1,12],"easitrax.com":[1],"easiware.fr":[1],"easons.com":[3,9],"easports.com":[3],"easportsfifaworld.com":[12,1,12],"easportsfootball.co.uk":[3],"easportsworld.com":[3],"east-union.org":[12],"east.co.uk":[9],"eastarjet.com":[12],"eastbay.com":[12],"eastbaytimes.com":[7]}