{"qubitproducts.com":[1],"qubole.com":[1,5],"qudosbank.com.au":[1,2],"queal.com":[1,3],"queal.eu":[1,3],"quebarato.com.br":[1,9],"quebec.qc.ca":[12],"quebecechantillonsgratuits.com":[1,3,9],"quebecloisirs.com":[1,3,9],"quebecormedia.com":[12],"quebecrencontres.com":[10],"quebecwarez.com":[12],"quebueno.es":[1],"quecartucho.es":[1,9],"quechoisir.org":[1],"quectel.com":[1,5],"quedelibros.com":[1,12],"queeky.com":[12,3],"queendom.com":[1,12,3],"queenonlinestore.com":[3,9],"queens.edu":[12],"queens.org":[1,12,4],"queensberry.com":[1],"queensboro.com":[1,9],"queensferrycrossingexperience.com":[1],"queenslandrailtravel.com.au":[1,11],"queenslibrary.org":[12],"queensu.ca":[1,12],"queerclick.com":[12],"queerty.com":[3,7],"queervids.com":[12,3,3],"quefaire.be":[1,12,3],"quejadore.com":[1],"quelle.at":[9],"quelle.ch":[9],"quelle.de":[9],"quelle.fr":[9],"quelle.ru":[9],"quelleenergie.fr":[1,12,9],"quellidellelica.com":[1,9,12],"quellogiusto.it":[9],"quellrelief.com":[12,4],"quenpensez-vous.com":[1,12],"queondaspanish.com":[1,12],"queopinas.com":[1],"quepasa.com":[12],"querecetas.com":[1,3],"querfood.de":[1,9],"quericavida.com":[3],"querobolsa.com.br":[1,12],"querodobra.com.br":[1],"queromeuprepago.com.br":[1,9],"querytracker.net":[1,3],"quest.com":[1,5],"quest.nl":[1,12],"questant.jp":[1],"questaocerta.com.br":[1,12],"questar.com":[12],"questarai.com":[1,12],"questargas.com":[1,12],"questbase.com":[1,12],"questbridge.org":[12],"questcdn.com":[1],"questce.com":[1,12],"questdiagnostics-qis.com":[1],"questdiagnostics.com":[1,4],"questforbest.com":[1],"questforhealth.com":[1],"questgpt.info":[12],"questia.com":[1,12],"questiaschool.com":[12],"questico.de":[1,12,3],"question.com":[12],"questionablequesting.com":[1,10],"questionmark.com":[1],"questionmark.eu":[1],"questionpoint.org":[1,12],"questionpro.com":[1,12],"questionsamurai.com":[1],"questler.de":[1,9],"questmanager.nl":[1,12],"questmindshare.com":[1,12],"questnutrition.com":[1,3],"questoesdeconcursos.com.br":[12],"questoesestrategicas.com.br":[1,12],"questofnews.com":[1],"questor-insurance.co.uk":[1],"questpondvd.com":[1,12,5],"questproteinbar.com":[1,3],"questrade.com":[1,2],"questraworld.es":[1,12],"questsoftware.com":[1],"quetext.com":[1,12],"queueapp.com":[1],"quia.com":[12],"quibblo.com":[12,3],"quibids.com":[9],"quichante.com":[1,12,3],"quicherchetrouve.be":[1,9]}