{"kaleostra.com":[1],"kali.org":[5],"kalibrr.com":[6],"kalidea.com":[1],"kalifoo.fr":[1,12],"kaligo.com":[1,11],"kalista-capillaires.com":[9],"kalista-parfums.com":[1,9],"kalixa.com":[1],"kall8.com":[1,9],"kallidus.com":[1],"kallidus1.com":[12],"kalligo.com":[1],"kallzu.biz":[12],"kallzu.com":[1],"kalmarhem.se":[1,12],"kalmbach.com":[1,9],"kalmbachhobbystore.com":[9],"kalo.de":[1],"kaloriabazis.hu":[1,12,4],"kaloricketabulky.cz":[1,12,3],"kalorik.com":[9],"kaltura.com":[1],"kalunga.com.br":[1,9],"kalypsolauncher.com":[12],"kalypsomedia.com":[3],"kamagra-shop-deutschland.is":[9],"kamasacheter.com":[1],"kamatec.fr":[1,9],"kamatera.com":[1,5],"kamcord.com":[1],"kamehashop.fr":[9],"kameleoon.com":[1,5],"kamer.nl":[8],"kamera-express.be":[9],"kamera-express.nl":[9],"kamernet.nl":[1],"kamers.nl":[1],"kamertje.nl":[1],"kametsu.com":[3],"kamihq.com":[1,12],"kamilkoc.com.tr":[1,12],"kammelna.com":[1,12,5],"kamocad.com":[1,12,9],"kamrat.com":[1,12],"kamstrup.com":[1,12,11],"kamusm.gov.tr":[1,5],"kana.fr":[3],"kanak.fr":[12,10],"kanakuk.com":[1,12],"kananas.com":[1,5],"kanbanery.com":[1],"kanbanflow.com":[1,5],"kanbanize.com":[1,5],"kanbantool.com":[1,5],"kancloud.cn":[1,12,5],"kandco.com":[9],"kandidatenportal.eu":[12],"kandipatterns.com":[1],"kandkinsurance.com":[1],"kandypens.com":[12,9],"kanesex.com":[12],"kanetix.ca":[1,2],"kaneva.com":[1],"kang.fr":[1,12],"kang.it":[1,12],"kangalou.com":[1,12],"kangaride.com":[1],"kanger.fr":[12,9],"kangeronline.com":[12,9],"kangerwholesaleusa.com":[12,12,9],"kangiclub.com":[1,12],"kangolstore.com":[9],"kangui.com":[1,9],"kanherb.com":[1],"kaniwani.com":[12],"kankan.com":[3],"kankandou.com":[12],"kanker.nl":[1,12,4],"kannadamatrimony.com":[1,12],"kannaway.com":[1,12],"kannu.com":[1,12],"kano.is":[1,5],"kano.me":[1,12,5],"kanobu.ru":[3],"kanockpool.com":[1,5],"kanoon.ir":[12],"kanoplay.com":[3],"kanopystreaming.com":[12],"kansas.com":[1,12,7],"kansas.gov":[1,12],"kansascash.com":[1,12],"kansascity.com":[3,7],"kansascitysteaks.com":[1,3,9],"kansasemployer.gov":[1,12],"kansasgasservice.com":[12],"kansashealthsystem.com":[1,12,4],"kansasworks.com":[12],"kantarmediana.com":[1]}