{"valeo.com":[1,12],"valerian.bnpparibas":[1,12],"valero.com":[1],"valetparkingapps.com":[1],"valeursactuelles.com":[12,3,7],"valeven.com":[1],"valex.com.au":[1],"valfrutta.it":[1,3],"valhalla-realms.com":[1,3],"valhalladsp.com":[9],"valiant.ch":[1],"valiant.com":[1],"valiantyscloud.net":[1,5],"valiarchitects.com":[1],"valic.com":[1,2,12],"validately.com":[1,12],"validateuk.co.uk":[1],"validcertificadora.com.br":[1,5],"valinformatique.net":[1],"valise-diagnostique.fr":[1,9],"valitor.is":[1],"valk.com":[1,11],"valkaccount.nl":[3,3],"valkexclusief.nl":[1,3,9],"valkvoordeel.nl":[1],"valkyrie-wow.org":[12],"valleyfcu.com":[1,2],"valleyfirst.com":[1,2],"valleyfirstcu.org":[1,2],"valleymed.org":[12,4],"valleynationalbank.com":[1,2],"valleypatient.com":[1],"valleyvet.com":[9],"valleyviewbank.com":[1,2],"valltgroup.com":[1,12],"valmano.de":[9],"valmour.fr":[9],"valnir.net":[1,12,3],"valofe.com":[1],"valor.com.br":[12],"valoraprevencion.es":[1,12,4],"valorbit.com":[12],"valorissimo.com":[1],"valottery.com":[3],"valovisbank.de":[1],"valpak.com":[1,9],"valpo.edu":[12],"valrhonapro.com":[1],"valsedesprix.com":[12],"valsparpaint.com":[1,9],"valtech.com":[1,12],"valthorens.com":[1,12],"valtiolle.fi":[1,12],"valtus.fr":[1],"valuate.com":[1,5],"valuationpartners.com":[1],"valuationvision.com":[1],"value-domain.com":[1,5],"value-point.jp":[1,9],"valueactive.eu":[12],"valueaddon.com":[1],"valuebasket.com":[9],"valuebasket.com.au":[1],"valuebasket.es":[12],"valuebasket.fr":[12],"valuecharts.com":[1,2],"valuecityfurniture.com":[9],"valueclickmedia.com":[1],"valuedopinions.co.in":[1],"valuedopinions.co.nz":[1],"valuedopinions.co.uk":[1,12],"valuedopinions.co.za":[1],"valuedopinions.com":[1,12],"valuedopinions.com.au":[1,12],"valuedopinions.de":[1,12],"valuedopinions.fr":[1,12],"valuedopinions.jp":[1,12],"valuedopinions.sg":[1],"valuedopinions.tw":[1],"valueframe.com":[1],"valuegolf.co.jp":[1],"valuehobby.com":[9],"valueinvestorinsight.com":[1],"valueinvestorsclub.com":[1],"valuelab.it":[1],"valueline.com":[1,2,12],"valuelinepro.com":[1,2],"valuemags.com":[1,9],"valuemailers.com":[9],"valuemystuff.com":[1,12,9],"valueoptions.com":[1,12],"valuepetsupplies.com":[9],"valueplusonline.com":[1,9],"valueresearchonline.com":[1,12],"valuetaxpayment.com":[1],"valutrust.com":[1],"valux.net":[12,3,5],"valvesoftware.com":[1],"valvoline.com":[1]}