{"westcoasteagles.com.au":[1,12,3],"westcoastrailways.co.uk":[1],"westcoastseeds.com":[12],"westcoastshaving.com":[9],"westcoastuniversity.edu":[12],"westcollegescotland.ac.uk":[1,12],"westcon.com":[1],"westcongroup.com":[1],"westconsincu.org":[1,2],"westconsincuhb.org":[12],"westelm.co.uk":[1,9],"westelm.com":[9],"westelm.com.au":[9],"westermanngruppe.de":[1,12],"western.edu":[12],"western.org":[1,2],"westernalliancebancorp.com":[1,2],"westernbikeworks.com":[9],"westerncareercentral.ca":[12],"westerncentral.edu.au":[12],"westerncoin.co":[1,2],"westerncpe.com":[1,12],"westerndigital.com":[1,5,9],"westernexterminator.com":[1],"westernhealth.com":[1],"westernjournalism.com":[3,7],"westernmutual.com":[1,2],"westernreserve.com":[1,2],"westernschools.com":[1,12,4],"westernsky.com":[1,2],"westernsouthernlife.com":[1,2],"westernsydney.edu.au":[12],"westernu.edu":[12],"westernunion.at":[1],"westernunion.be":[1],"westernunion.ca":[1,12,11],"westernunion.ch":[1],"westernunion.co.nz":[1],"westernunion.co.uk":[1],"westernunion.com":[12,11],"westernunion.com.au":[1],"westernunion.de":[1],"westernunion.dk":[1],"westernunion.es":[1],"westernunion.fr":[1],"westernunion.it":[1,12],"westernunion.nl":[1],"westernunion.no":[1],"westernunion.se":[1],"westernvawater.org":[1],"westeros.org":[1,12,3],"westeroscraft.com":[1,12],"westerracu.com":[1,2],"westerville.org":[1,12],"westervillelibrary.org":[1,12],"westerwaldbank.de":[1,12],"westfalia-versand.at":[9],"westfalia-versand.ch":[9],"westfalia.de":[9],"westfalia.eu":[9],"westfield.com":[1,9],"westfield.com.au":[1,9],"westfieldgrp.com":[1,2],"westfieldhealth.com":[1,12,4],"westfieldrewards.co.uk":[1,9],"westfund.com.au":[1],"westga.edu":[1,12],"westgatech.edu":[12],"westgatecruiseandtravel.com":[1,9,11],"westgateresorts.com":[1,11],"westgatespace.com":[1],"westgatetravelpartners.com":[1],"westherts.ac.uk":[1,12],"westhost.com":[1,5],"westingourmet.co.uk":[9],"westipc.com":[1],"westjet.ca":[1,11],"westjet.com":[11],"westking.ac.uk":[1,12],"westlakefinancial.com":[1],"westlaw.co.uk":[1,12],"westlaw.com":[1,5],"westlegaledcenter.com":[1,12],"westlibs.org":[3],"westloan.com":[1],"westlotto.de":[1,12,3],"westmarine.com":[9],"westmarinepro.com":[1,9],"westmedgroup.com":[1,12],"westminster.ac.uk":[1,12],"westminster.gov.uk":[1,12],"westminster.org.uk":[1,12],"westminstercollection.com":[1,9],"westminstercollege.edu":[12],"westmont.edu":[12],"westnet.com.au":[1,5],"westnethosting.com.au":[1],"westnetmlp.com":[1,12],"westondistancelearning.com":[1,12]}