{"dyson.at":[1,9],"dyson.be":[1,9],"dyson.ch":[1,9],"dyson.co.jp":[1,12,9],"dyson.co.uk":[1,12,9],"dyson.com":[1,12,9],"dyson.com.au":[1,12,9],"dyson.de":[1,9],"dyson.fr":[1,9],"dyson.it":[1,12,9],"dyson.nl":[1,9],"dysoncanada.ca":[1,12,9],"dytectivetest.org":[1,12],"dytt.no":[1,12],"dzahome.com":[1,12],"dzb-bank.de":[1],"dzgns.com":[1],"dzgsm.com":[10],"dzit.gov.sa":[1,12],"dzogame.com":[12,3,3],"dzone.com":[1,5],"dzoom.org.es":[1,12],"dzsat.org":[1,12,5],"e-academy.com":[1,12],"e-albania.al":[1,12],"e-albania.gov.al":[12],"e-ams.at":[12],"e-arc.com":[1],"e-assessor.co.uk":[1],"e-assura.ch":[1],"e-attestations.com":[1,12],"e-audition.fr":[9],"e-autokool.eu":[1,12],"e-autopalyamatrica.hu":[1],"e-autopay.com":[1],"e-avrop.com":[1,12],"e-axa.com.hk":[12],"e-bankplus.net":[1,2],"e-baptisthealth.com":[1,12,4],"e-barnett.com":[1,9],"e-bayard-jeunesse.com":[1,12,3],"e-beam.com":[1,12],"e-bebek.com":[9],"e-behandeling.nl":[1,12],"e-belbin.com":[12],"e-bgpb.by":[12],"e-billexpress.com":[12],"e-bloc.ro":[1],"e-boekhouden.nl":[1],"e-bogu.com":[9],"e-boks.dk":[1,12],"e-bookshelf.de":[12],"e-bos.jp":[12],"e-boticario.com.br":[1,12],"e-bourgogne.fr":[1,12],"e-box.co.in":[1,12,5],"e-bricodrive.fr":[1,9],"e-brief.at":[1],"e-btc.com.ua":[2,9],"e-btp.fr":[1],"e-builder.net":[1],"e-campus.dk":[1,12],"e-captain.nl":[1],"e-carabin.net":[12,10],"e-cards.com":[1,9],"e-careers.co.uk":[1,12],"e-careers.com":[1,12],"e-careers.us":[1,12],"e-carms.ca":[1,12,5],"e-cartebleue.com":[12],"e-chat.co":[10],"e-childspay.com":[1],"e-chords.com":[12],"e-cig.com":[12,9],"e-cigarette-forum.com":[12,10],"e-cimpact.com":[1,12],"e-classroom.co.za":[12],"e-closingsecured.com":[12],"e-clubhouse.org":[1],"e-coffrefort.fr":[1],"e-coin.com":[1],"e-coin.io":[1,2],"e-conolight.com":[1,9],"e-conomic.com":[1,12],"e-conomic.dk":[1],"e-consel.it":[1,2],"e-consult-ag.de":[1,12],"e-coop.it":[1,12],"e-courier.ca":[1,5],"e-courier.com":[1],"e-courses4you.com":[1,12],"e-cruitnow.com":[1,5],"e-customer-service.com":[12],"e-cut.de":[1,12],"e-cwape.be":[12],"e-daitem.com":[12],"e-dasher.com":[1],"e-days.co.uk":[1],"e-designtrade.com":[1,9]}