{"efinancialcareers.sg":[1,12],"efinancialnews.com":[1,2,12],"efirstbank.com":[1,2],"efitness.com.pl":[1],"efix.com":[12],"efizzle.com":[9],"efl.com.pl":[12],"efl.fr":[1,12],"eflea.ca":[1,12],"efleets.com":[1],"eflexgroup.com":[1],"eflexonline.com":[12],"eflorist.co.uk":[1,9],"eflorist.com":[1],"eflow.ie":[1,12],"efollett.com":[12,9],"efoodcard.com":[1,12],"efooddepot.com":[3,9],"eforcers.com":[1],"eforchina.com":[9],"eforensicsmag.com":[1,12,5],"eform2290.com":[1,2],"eformation-inrs.fr":[1,12],"eforms.com":[1,12],"eforms.gov.gg":[1,12,5],"eforms.org":[1,12],"eforsyning.dk":[12],"efortuna.pl":[1,3],"efortuna.ro":[3],"efox-shop.com":[9],"efox.com.pt":[9],"efpfanfic.net":[12,3],"eframe.co.uk":[1,9],"efreescore.com":[12],"efrei.fr":[1,12],"efritin.com":[1,9],"efrontcloud.com":[12],"efrontlearning.com":[1],"efsrecrute.fr":[1,12],"efteling.com":[1],"eftgroup.net":[12],"eftours.ca":[1,12],"eftours.com":[1,12],"eftps.com":[1,2,12],"eftps.gov":[1,2,12],"efukt.net":[10],"efulfilment.de":[1],"efun.top":[12,9],"efunds.com":[12],"efundsforschools.com":[1,12],"efurb.com":[9],"efurtherance.com":[1],"efxnow.com":[12],"egaf.it":[9],"egaliteetreconciliation.fr":[12,3],"egame.vn":[12],"egamingbets.com":[3,3,3],"egardia.com":[1],"egazety.pl":[1,12,7],"egb.com":[3],"egbc.ca":[1,12],"egbo.com":[12],"egbs1.com.mx":[12],"egbs2.com.mx":[12],"egcc.edu":[12],"egclinea.dk":[1],"egdc-uk.org":[1,12],"ege.edu.tr":[12],"egeaonline.it":[12],"egencia.ca":[1],"egencia.com":[1],"egencia.fr":[1],"egepargne.com":[12],"egestor.com.br":[1],"egeszseg-portal.hu":[12],"egeszsegbolt.hu":[9],"egeszsegkonyha.hu":[1],"egetforum.se":[1,12,10],"egexa.com":[1,3],"egg-one.com":[1,12],"egg.com":[1,2],"egged.co.il":[12],"egger.com":[1,12],"eggfreecake.co.uk":[1,3],"egghead.io":[1,12,5],"eggheadforum.com":[12,10],"eggxpert.com":[1,12,5],"eghrmis.gov.my":[1,12],"egi.co.uk":[1],"egifter.com":[1,9],"egis.fr":[1,12],"egitimhane.com":[12],"egive-usa.com":[1,12],"egiweb.net":[12],"egl.tv":[1,3,3],"egle.de":[1,3,9],"eglinfcu.org":[1,12],"eglobalcentral.be":[9],"eglobalcentral.co.it":[9]}