{"myjdw.co.uk":[10],"myjetbluemastercard.com":[1,2,9],"myjetbrains.com":[1,5],"myjewelersclub.com":[9],"myjino.ru":[1,5],"myjob.company":[1],"myjob.mu":[1,6],"myjob.ro":[1,12],"myjobchart.com":[1,12],"myjobmatcher.co.uk":[1,6],"myjobmatcher.com":[6],"myjobquote.co.uk":[1],"myjobscotland.gov.uk":[1,12],"myjobsgulf.com":[6],"myjobspace.co.nz":[1],"myjobtogo.com":[12],"myjoliecandle.com":[1,9],"myjongg.net":[1,12,5],"myjoomla.com":[1,5],"myjuke.com":[12],"myjumponit.com":[1],"myjungledisk.com":[1],"mykajabi.com":[12],"mykaplan.co.uk":[1,12],"mykaplan.edu.au":[1,12,5],"mykastle.com":[1,12,5],"mykc.org.uk":[1],"mykchart.org":[1,12,5],"mykcm.com":[1],"mykcmsupport.com":[1],"mykds.com":[12],"mykelseyonline.com":[1,12],"mykenco.com":[1,12],"mykeptdata.com":[1,12],"myket.ir":[5],"mykevo.com":[1],"mykeyport.com":[1,9],"mykid.no":[1,12],"mykidsbank.org":[1,12],"mykidschart.com":[12],"mykidsspending.com":[1,12],"mykioskcard.com":[12],"mykmart.com":[12],"mykmbs.com":[12],"myknobs.com":[1,9],"myknowhowcloud.com":[1,5],"mykocam.com":[12],"mykohlscharge.com":[1,12],"mykokofitclub.com":[12],"mykomms.com":[1,12],"mykomon.com":[1,12],"mykonicaminolta.com":[1,5],"mykoob.lv":[12],"mykoreanstore.com":[1,12,9],"mykpaonline.com":[1],"mykpexperience.org":[12],"mykplan.com":[1],"mykpvoice.org":[1],"mykronoz.com":[1,9],"myksv.at":[1],"myktag.com":[1],"mylabcorp.com":[1],"mylabsplus.com":[12],"mylabworks.com":[1,12],"mylacountybenefits.com":[1],"myladyboydate.com":[10],"mylaheychart.org":[1],"mylakelibrary.org":[1,12],"mylambton.ca":[12],"mylan.com":[1,12],"mylandhome.com":[12],"mylandplan.org":[1,12],"mylanguageexchange.com":[1,12],"mylanmeilleuresante.fr":[1,12,4],"mylaps.com":[1],"mylaurier.ca":[12],"mylawndawg.com":[1],"mylayby.com":[9],"mylcbo.com":[1],"myldr.com":[12],"myldsmail.net":[1,12],"myleadcompany.com":[1],"myleadsystempro.com":[1],"myleafnow.com":[1],"myleague.com":[1,3],"mylearningatcompass.co.uk":[12],"mylearningcommunity.com":[1,12],"mylearninghpe.com":[1,12],"mylearningplan.com":[12],"mylearningpointe.com":[1],"myleaseking.com":[1,9],"myled.com":[9],"mylemon.at":[9],"myler.nl":[1],"mylescars.com":[1,9],"mylespaul.com":[1,12,3],"mylexbox.com":[12],"mylexia.com":[12],"mylexisnexis.co.za":[1,12]}