{"crew-united.com":[1,3],"crew.co":[1,5],"crew4crew.net":[9,12],"crewbay.com":[1,9],"crewbriefing.com":[1],"crewcarwash.com":[1],"crewclothing.co.uk":[9],"crewdock.com":[1],"crewell.net":[1,6],"crewnetwork.org":[1,12],"crewseekers.net":[1],"crewsense.com":[1],"crexi.com":[1],"crfhealth.net":[1,12],"crgadvisors.com":[1,12],"crgevents.com":[1],"crgirls.com":[12,1],"crgov.com":[1,3],"cri.it":[1,12],"criarbanner.com.br":[1],"criarcartao.com.br":[1],"cribis.com":[1],"cricclubs.com":[1,5],"cricel.com":[9],"crichq.com":[1],"cricinfo.com":[3,7,3],"crick.ac.uk":[1,12],"cricket.com":[12],"cricket.com.au":[3,7,3],"cricketdebt.com":[1],"cricketgateway.com":[3,3],"crickethd.net":[1,3,7],"cricketmag.com":[1,12,3],"cricketmedia.com":[1,12],"cricketwireless.com":[1,9],"cricketworldcup.com":[1,3,3],"cricpa.com":[1,2],"cricut.com":[1,9],"cricutmachine.com":[3,9],"cricutrewards.com":[9],"crident.com":[1,5],"cright.com":[1],"crikey.com.au":[1,12,7],"crimenetwork.biz":[12],"crimereports.com":[1,12],"crimes.ws":[12],"criminalwatchdog.com":[1],"crimpr.net":[12],"crimson.se":[1,12],"crimsonhexagon.com":[1],"crimsonservices.com":[12],"crimsontrace.com":[1,9,12],"criny.com":[1],"cripto-miner.com":[1,2,5],"criptofaucet.com":[1],"crisalix.com":[1,12],"crisclix.com":[1],"crisco.com":[3],"crisis-game.ru":[1,12,5],"crisis.org.uk":[1,12],"crisiscleanup.org":[1,12],"crisiseducation.com":[1,12],"crisisprevention.com":[1,12],"crisistextline.org":[1,12],"crisp.chat":[1],"crisp.im":[1],"crisphealth.org":[1,12],"cristalix.ru":[1,12],"crit-job.com":[1,12,6],"criteo.com":[12],"criteriacorp.com":[1,12],"criterion.com":[12,3],"critical-boot.com":[1,5],"criticalcss.com":[1,12,5],"criticalgaming.org":[1,5],"criticalmention.com":[1],"criticalstack.com":[1,5],"criticalthinking.com":[12],"criticalthinking.org":[1,12],"criticker.com":[12,3],"critiquecircle.com":[1,12],"critizr.com":[1],"crittercism.com":[1,5],"crkt.com":[1,9,12],"crl-arch.com":[1],"crl.com":[1,12],"crlaurence.com":[12],"crlcorp.com":[1,12],"crm-nv.com":[1,5],"crmasp.no":[12],"crmcwy.org":[12],"crmdesk.com":[1],"crmls.org":[1,12],"crmlv.com":[1],"crmondemand.com":[12],"crmpro.com":[1],"crnaberza.com":[12],"crnbc.ca":[1,12],"crnojaje.hr":[1]}