{"unisul.br":[12],"unisuper.com.au":[1,12],"unisyncgroupstores.com":[12],"unisys.com":[1],"unisza.edu.my":[1,12],"unit.br":[12],"unit4.com":[1],"unit4.nl":[1],"unit4hrms.com":[1],"unit5.org":[1,12],"unitag.io":[1],"unitar.my":[12],"unitbv.ro":[12],"unite-students.com":[1,12],"unitec.ac.nz":[1,12],"unitec.edu":[1,12],"unitec.mx":[12],"unitecms.net":[1],"united-arrows.co.jp":[1,12,9],"united-cs.com":[1,12],"united-domains.de":[1,5],"united-heroes.com":[12],"united-hoster.de":[1,5],"united-kiosk.de":[1,12,9],"united-states-flag.com":[1,3],"united.com":[1,11],"united.no":[1,3,3],"unitedairlines.com":[1,11],"unitedairportparking.com":[1,11],"unitedamerican.com":[1],"unitedautocredit.net":[1],"unitedbankofindia.com":[12],"unitedbankofmichigan.com":[1],"unitedcinemas.jp":[1,12,3],"unitedcle.com":[1,12],"unitedconcordia.com":[1],"unitedconsumers.com":[1,2],"uniteddomains.com":[1,5],"unitedeservices.com":[12],"unitedeway.org":[12],"unitedfcu.com":[1,2],"unitedfight.fr":[1],"unitedfiregroup.com":[1,2],"unitedgames.com":[12],"unitedhealthadvisors.com":[1],"unitedhealthallies.com":[1],"unitedhealthcare.com":[1],"unitedhealthcaremotion.com":[1,12],"unitedhealthcareonline.com":[12],"unitedhealthgroup.com":[1,12],"unitedhealthproducers.com":[1],"unitedhomelife.com":[1],"unitedlendingservices.com":[1,2],"unitedmfrs.com":[1,9],"unitedmileageplus.com":[1,11],"unitednotions.com":[12],"unitedpharmacies-uk.md":[1,9],"unitedrentals.com":[1],"unitedretirement-secureclients.com":[1],"unitedsoccercoaches.org":[1,12,3],"unitedsolutions.coop":[1],"unitedstatesappraisals.com":[1],"unitedstatescigarettes.com":[12,9],"unitedsupermarkets.com":[1,9],"unitedsupport.co.uk":[1,5],"unitedthemes.com":[1,12],"unitedtranzactions.com":[1],"unitedutilities.com":[1],"unitedwardrobe.com":[12],"unitedwater.com":[1,12],"unitedway.org":[1,12],"unitedwayepledge.org":[12],"unitedwifi.com":[1],"unitel.ao":[12],"unitelcustomer.com":[12],"uniteller.ru":[1],"unitelma.it":[12],"unitemps.com":[1,12,6],"uniten.edu.my":[12],"unitersna.com":[1],"unitestudents.com":[1,12],"unitetheunion.org":[1,12],"unitheque.com":[12],"unitil.com":[1,12],"unitn.it":[1,12],"unito.it":[12],"unitprints.com":[1,9],"unitrends.com":[1,5],"units.it":[12],"unitu.co.uk":[1,12],"uniturm.de":[12],"unitusccu.com":[1,2],"unity-mail.de":[12],"unity-online.co.uk":[12],"unity.com":[1,3],"unity3d-france.com":[1,12,5],"unity3d.com":[12],"unitybox.de":[1,12],"unityhacks.com":[1,10]}