{"milfcheaters.com":[12],"milfdating.com":[10],"milfder.com":[10],"milfplay.com":[10],"milfs.de":[12],"milfsaffair.com":[12],"milfsconnection.com":[12],"milfshookup.com":[10],"milftastic.com":[10],"miliboo.com":[1,9],"milibris.com":[1,12],"milimel.com":[12],"milios.com":[1,9],"milipol.com":[1,12],"militaria.pl":[9,12],"militaria321.com":[12,9],"military.com":[1,12,6],"military1st.co.uk":[9],"militaryaiworks.com":[1,12,3],"militarybenefit.org":[1,2,12],"militarybookclub.com":[12,9],"militarybyowner.com":[8],"militarycampgrounds.us":[1,12],"militaryclassified.com":[12,1],"militaryclothing.com":[12],"militarycupid.com":[10],"militaryfamily.org":[1,12],"militaryhire.com":[1,6],"militarymorons.com":[3,9],"militaryonesource.mil":[1,12],"militaryonesourceeap.org":[1,12,4],"miljoenenspel.nl":[1,3,3],"miljonlotteriet.se":[1,3],"milka.de":[1],"milkandeggs.com":[1,3,9],"milkandmore.co.uk":[1,3,9],"milkapp.io":[1,12],"milkbooks.com":[1,12,9],"milkdome.com":[12],"milkmagazine.net":[1,3,9],"milkround.com":[1,6],"milkroundapplications.com":[12],"mill-max.com":[1],"mille-sabords.com":[1,12,3],"milled.com":[1,3,9],"millemercismariage.com":[1],"millemigliagallery.com":[1,9],"millenium-servers.com":[12],"millenium.org":[12,3,3],"millenniumbcp.pt":[1,2],"millenniumegift.com":[1,5],"millenniumhealth.com":[1,12,4],"millenniumhotels.com":[1,11],"millenniumschools.net.au":[1,12],"milleporte.com":[1,12,9],"miller-motte.edu":[1,12],"millerheimangroup.com":[1],"millerhomes.co.uk":[1],"millers.com.au":[9],"millerslab.com":[1,9],"millersville.edu":[12],"millerwelds.com":[1,9],"millesima.fr":[12,1,9],"millet.fr":[9],"millets.co.uk":[9],"milletsports.co.uk":[9],"millhash.com":[1],"milliardaire-ptp.com":[1,3,9],"millieswolfheart.co.uk":[1,3],"milliken.com":[1,12],"milliman.com":[1],"millimanbenefits.com":[1,3],"millionairebizpro.com":[12],"millionairedates.com":[10],"millionairedream.co":[12],"millionairefox.com":[1],"millionairematch.com":[10],"millionaires-blueprint.co":[1,2],"millionairesblueprint.co":[1,2],"millionairesociety.com":[1,12],"milliondollarduplicator.com":[1],"milliondollarmonths.com":[1],"milliondollartarget.com":[1,12],"millioneneuromonats.com":[1,12],"millionium.de":[1],"millionleadsforfree.com":[1],"millionmilemonth.org":[1],"milliontorrent.pl":[1,5],"milliyet.com.tr":[3,7],"milliyetemlak.com":[1,8],"mills.edu":[1,12],"millsadvisorypanel.com":[1],"millsltd.com":[9],"millsoft.ca":[1,5],"millsupply.com":[1,9],"millyskitchenstore.co.uk":[9],"milner.nl":[1,9],"milneroffroad.com":[1,9,12],"miloncare.com":[1]}