{"frontiertouring.com":[1,3],"frontierutilities.com":[1],"frontify.com":[1],"frontline-connect.com":[12],"frontlineeducation.com":[1,12],"frontlineinsurance.com":[1,2],"frontlinek12.com":[1,12],"frontlineplacement.com":[1,12],"frontlineshop.com":[12],"frontpoint.com":[1],"frontpointsecurity.com":[1],"frontporchforum.com":[1,12],"frontrowagile.com":[1,12],"frontrowed.com":[12],"frontrowreporting.com":[12],"frontrush.com":[1,12],"frontsight.com":[1,12,12],"frontstream.com":[1,12],"froo.com":[1],"frooition.com":[1],"froom.de":[1,5],"froont.com":[1,12,5],"frootvpn.com":[1,5,12],"frosch.com":[1,12],"frost.com":[1,12],"frostbank.com":[1,2],"frostburg.edu":[12],"frostcashmanager.com":[12],"frostfutter-perleberg.de":[1,9],"frostland.pro":[1,12,5],"frostmourne.eu":[1],"frostrealms.com":[3,5,10],"frostscience.org":[1,12],"froxlor.org":[1,5],"frozencpu.com":[1,9],"frozendo.com":[1,5],"frozenrewardsclub.com":[1],"frpromotora.com":[1,12],"frs-fnrs.be":[1,12],"frs.com":[1,12,9],"frugalusenet.com":[1,5],"fruit.com":[9],"fruitbouquets.com":[1,3,9],"fruition.net":[1],"fruitmail.net":[1,12,9],"fruitmoney.org":[1,12,5],"fruitpickingjobs.com.au":[1,12],"fruitrouge.com":[9],"fruits-passion.com":[9],"fruitservers.net":[1,12],"fruitssecsduweb.com":[3,9],"fruitstresser.net":[12],"fruitycasa.com":[3,3],"fruityclub.net":[7,1,12],"fruityreels.com":[3,3],"fruitytuts.com":[1,12],"fruktoviysad.ru":[1,12],"fruugo.co.uk":[9],"fruugo.com":[9],"fruugo.fr":[9],"fruux.com":[1,5],"frw.co.uk":[1,9],"frype.com":[3],"frys.com":[9],"frysfood.com":[1],"fs-uk.com":[1,12],"fs.com":[1,9],"fs.to":[1,9],"fs.ua":[12],"fs2crew.com":[1,12],"fsa.gov.uk":[1,12],"fsafeds.com":[1],"fsafood.com":[1],"fsairlines.net":[1],"fsastore.com":[4,9],"fsb.dk":[1,12],"fsb.org.uk":[1],"fsbank.com":[1],"fsbo.com":[1,8],"fsbpt.net":[12],"fsbwa.com":[1,2],"fsc.org":[1,12],"fscb.com":[12],"fschumacher.com":[1,9],"fscj.edu":[12],"fscjartistseries.org":[1,3],"fscourses.com":[1,12],"fscu.com":[1,2],"fsd.gov":[1,12],"fsdata.se":[12],"fsdms.org":[12],"fsdreamteam.com":[12],"fsdsapps.com":[12],"fseconomy.net":[1,12,5],"fsegames.eu":[1,12,3],"fsf.org":[1,12,5],"fsfcu.com":[1,2],"fsfxpackages.com":[1],"fsga.org":[3]}