{"sadlier-oxford.com":[12],"sadlierconnect.com":[1,12],"sadoj-rp.fr":[1,12],"sadomaso-chat.de":[1],"sae.edu":[1],"sae.net":[1,12],"sae.org":[1,12],"saeco-support-forum.de":[1,12,3],"saemtests.org":[12],"saepe.it":[3],"saepio.com":[1],"safaccount.org":[1,12],"safarasoftair.com":[9,12],"safari-shop.fr":[1,9],"safaribooksonline.com":[1,12],"safaricom.co.ke":[1],"safariflow.com":[1,12],"safariland.com":[1,9],"safarimailer.com":[1],"safarinow.com":[1,11],"safc.com":[1,3],"safcopayments.com":[1],"safe-access.com":[12],"safe-cashier.com":[1,5],"safe-drone.com":[1,12],"safe-iplay.com":[12],"safe-mail.net":[10],"safe-meets.co":[12,1],"safe-order.net":[12],"safe-swaps.com":[1],"safe.com":[12],"safe1.org":[1,2],"safe2drive.com":[1],"safeamerica.com":[12],"safeauto.com":[1,2],"safebit.co.in":[1],"safeboy.net":[12],"safebrands.com":[1,5],"safecapi.com":[1,12],"safecart.com":[1,9],"safecharge.com":[1],"safecheckout.biz":[12],"safechurch.com":[1,12],"safeco.com":[1,2],"safecolleges.com":[1,12],"safecreative.org":[1],"safecu.org":[1,2],"safecuhb.org":[12],"safedepositsscotland.com":[1,12],"safedice.com":[12],"safedigging.me":[1,12],"safedigital.eu":[1,5],"safedns.com":[1,5],"safedocs.com":[1],"safedrivingforlife.info":[1,12],"safefling.com":[10],"safeguardingchildren.co.uk":[12],"safeguardproperties.com":[1,12],"safeguardworld.com":[1],"safeharborgames.net":[3],"safelinking.net":[1],"safelinkwireless.com":[1],"safelistextreme.com":[1],"safelistpro.com":[1],"safelisttactics.com":[1],"safelistxl.com":[1],"safello.com":[1,2],"safelogweb.com":[1,12],"safely.com":[1],"safemedicate.com":[1,12],"safemeds4all.com":[12,9],"safemls.net":[12],"safemonk.com":[1,5],"safenames.com":[1,5],"safenet-inc.com":[1,5],"safenetforum.org":[5],"saferacks.com":[1,9],"saferentrpp.net":[12],"saferesponse.com":[1,12],"saferfoodhandler.co.uk":[1,12],"saferpay.com":[1],"saferproducts.gov":[1,12],"safervpn.cc":[1,5,12],"safervpn.com":[1,5],"safervpn1.com":[1,5,12],"saferweb.com":[1,5],"saferwholesale.com":[9],"safescan.com":[1,9],"safeschools.com":[1,12],"safesecureweb.com":[12],"safesecurity.com":[1],"safesend.com":[1],"safeshepherd.com":[1],"safesplash.com":[1],"safesport.org":[1,12],"safesync.com":[5],"safesysmail.com":[12],"safet.me":[1,5],"safetrac.com":[1,12]}