{"billeriq.com":[12],"billerpayments.com":[1],"billerportal.com":[12],"billerweb.com":[12],"billetech.com":[12,3],"billetlugen.dk":[1,3],"billetnet.dk":[1,12,3],"billetreduc.com":[3],"billetten.dk":[1,12,3],"billetterie-fcmetz.com":[1,12,3],"billettluka.no":[1,3],"billetto.co.uk":[1,12],"billetto.dk":[1,12,3],"billetto.se":[1,12,3],"billettportalen.no":[1,3],"billettservice.no":[1,12,3],"billetweb.fr":[1],"billfloat.com":[1,9],"billguard.com":[1],"billhicksco.com":[12],"billhighway.com":[1,12],"billigdrucken.de":[9],"billiger-mietwagen.de":[1],"billiger.de":[9],"billingandpayments.com":[12],"billingdoc.net":[12],"billingo.hu":[1],"billingportal.com":[1],"billingresults.com":[1,12],"billingsgazette.com":[1,12,7],"billiondigital.com":[1,5],"billiongraves.com":[12],"billionuploads.com":[12],"billitnow.com":[12],"billmatrix.com":[1],"billmelater.com":[1],"billmonitor.com":[1,3],"billmonk.com":[12],"billogram.com":[1],"billomat.net":[1],"billonline.com":[12],"billoreilly.com":[12,3,7],"billpay.de":[1],"billpayment.co.uk":[1],"billpaysite.com":[1],"billpointe.com":[12],"billquickonline.com":[1],"billsafe.de":[1],"billshark.com":[1],"billshrink.com":[1],"billskhakis.com":[9],"billsup.com":[1],"billtrust.com":[1],"billwhittle.com":[1,12],"billwinston.org":[12],"billy.dk":[1],"billyapp.com":[1],"billybobstexas.com":[1,3],"billygrahambookstore.org":[9],"billymob.com":[1],"bilprovningen.se":[1],"biltmore.com":[1],"bilto.fr":[1,12],"biluppgifter.se":[1,12],"bilutv.com":[3],"bilyoner.com":[3],"bimandco.com":[1,5],"bimanuel.fr":[12],"bimbaylola.com":[1,9],"bimbimma.com":[1,12,5],"bimco.org":[1,12],"bimcomponents.com":[1,12],"bime.io":[1],"bimeanalytics.com":[1],"bimeks.com.tr":[1,9],"bimmerfest.com":[1,12],"bimmerforums.co.uk":[10],"bimmerforums.com":[1,12],"bimmerportal.nl":[1,12],"bimmerpost.com":[1,12],"bimobject.com":[1],"bimpactassessment.net":[1,12],"bimstore.co.uk":[1,12],"bimuno.com":[1,4],"binadroid.com":[12],"binance.com":[1,2],"binarium.com":[12],"binarium.ru":[12],"binary-forum.com":[1,12,10],"binary-option-method.com":[12],"binary-option-robot.com":[12,3],"binary-signal.com":[2],"binary.com":[12],"binarybeast.com":[1,3,5],"binarybonus.net":[12],"binarybook.com":[1,2],"binarybraintrust.co":[12],"binarybrokerz.com":[1],"binarycanary.com":[1,5]}