{"elephantoutlook.com":[1],"elephantsql.com":[1,5],"elephone.cc":[12],"elephone.hk":[1,9],"elephonestore.com":[1,9],"elephorm.com":[1,12,5],"elertus.com":[1,5],"elesa.com":[1],"eleshop.jp":[1,9],"elespanol.com":[1,12,7],"elespectador.com":[12,3,7],"eletronicabr.com":[12,5],"eletrosom.com":[9],"elettromedicali.it":[1,9],"elettronicain.it":[1,12],"elev.io":[1],"elevate.com":[1],"elevateapp.com":[1,12],"elevateapp.net":[1,12],"elevatedcareers.com":[1,6],"elevatedirect.com":[1],"elevateeducation.com":[1,12],"elevateplatform.co.uk":[1],"elevatestyles.com":[9],"elevationchurch.org":[1,12],"elevationsbanking.com":[1,2],"elevationscu.com":[1,2],"elevationworship.com":[1],"elevcentralen.se":[1],"eleven.de":[1,5],"eleven2.com":[1,5],"elevenia.co.id":[1,9],"elevenparis.com":[12],"elevenpaths.com":[1,5],"elevensports.it":[9,3],"elevenwarriors.com":[3],"elevenwireless.com":[1],"elevplan.dk":[1,12],"elevrus.com":[12],"elevspel.se":[1,12,3],"elex.com":[12],"elex.fr":[1,12],"elexio.com":[1,12],"elexiopulse.com":[12],"elextra.dk":[1,9],"eleyhosereels.com":[1,9],"elfa.se":[1,9],"elfadistrelec.no":[1,9],"elfcosmetics.com":[9],"elfi.com":[1,2],"elflirt.de":[10],"elfontheshelf.com":[1,12],"elforro.com":[12,10],"elfsight.com":[1,12,5],"elfster.com":[1],"elganso.com":[9],"elgato.com":[1],"elgg.org":[1,5],"elgi.fr":[1,9],"elgiganten.dk":[9],"elgiganten.se":[9],"elgin.edu":[12],"elgordo.com":[1,3],"elgps.com":[1,12],"elhacker.net":[1,12,5],"eliademy.com":[1,12],"elib.se":[1,12],"elib.vn":[12],"eliberty.fr":[1],"elibrary.com":[1],"elibrary.ru":[12],"eligiusmining.com":[1,5],"eliittikumppani.fi":[10],"elijahshopper.com":[12,3,9],"elinapms.com":[1],"elink.io":[1],"eliomotors.com":[1,12],"elion.ee":[1],"elionline.com":[1,12],"elior-et-vous.com":[12],"elior.com":[1],"eliorgroup.com":[1],"eliqaat.com":[1],"eliquid.com":[9],"eliquidandco.com":[12,9],"eliquids.nz":[1,9],"elireview.com":[12],"elisa.ee":[1],"elisa.fi":[1,9],"elisana.de":[9],"elisaviihde.fi":[3],"elistas.net":[1,12],"elit-bg.com":[12],"elite-dangerous.fr":[1,12,3],"elite-it.com":[1,9],"elite-real.com":[1,12],"elite-tracker.net":[12],"elite.com":[1],"elite.se":[1,11]}