{"monitoreverywhere.com":[9],"monitoringclient.com":[1,5],"monitorstore.be":[1,9],"monitorstore.nl":[1,9],"monitortown.net":[1],"monitronics.com":[1],"monizze.be":[1],"monkdev.com":[1,12],"monkey-sports.hu":[9],"monkey-tie.com":[1,12],"monkeydesk.at":[1,12,5],"monkeydynasty.org":[1,12,3],"monkeylearn.com":[1,5],"monkeyoffice.co.uk":[9],"monkeyplayr.com":[1],"monkeyquest.com":[3],"monki.com":[9],"monkid.com":[12],"monkkee.com":[1],"monkytalk.com":[1],"monlegionnaire.com":[12,3,3],"monmagasingeneral.com":[9],"monmarchematureflirt.com":[10],"monmenu.fr":[3],"monmouth.edu":[12],"monnaiedeparis.fr":[1,12],"monnierfreres.fr":[9],"monnorauto.fr":[1,9],"monnuage.fr":[1],"mono.net":[1,5],"monocle.com":[1,3],"monoco.jp":[9],"monoeuvre.fr":[1],"monografias.com":[12],"monogramonline.com":[9],"monomipark.com":[1,3],"mononoke-bt.org":[1,5],"monooti.net":[1],"monopinioncompte.fr":[1,9],"monopoliya.biz":[1],"monopoliya.cc":[1],"monopoly-club.ru":[1,3],"monopolycasino.com":[3,3],"monopolycitystreets.com":[1,3,9],"monopolysky.com":[1],"monoprice.com":[5,9],"monoprix.fr":[9],"monoqi.ch":[1,9],"monoqi.co.uk":[1,9],"monoqi.com":[1,9],"monosnap.com":[1,5],"monotaro.com":[1,9],"monotype.com":[1],"monoutillage.com":[1,9],"monova.org":[12],"monpcsurmesure.fr":[5,9],"monpermiscotier.com":[1,12,9],"monpermismoto.com":[1,12],"monpetitgazon.com":[1,3,3],"monpiaf.fr":[1],"monpoids.fr":[1,12],"monpompier.com":[1,12,5],"monpotager.com":[1],"monproduitdecom.com":[9],"monpromologis.fr":[1],"monprospecteur.com":[1],"monptivoisinage.com":[1,12],"monq.com":[1,9],"monquotidien.fr":[1,12],"monquotidienautrement.com":[1,12],"monquotidienavecbebe.com":[12],"monrdv.com":[1,12],"monreseau-it.fr":[1,3,5],"monrevenudebase.fr":[1,12],"monroe.edu":[1,12],"monroeandmain.com":[9],"monroecc.edu":[1,12],"monroeclinic.org":[1,4],"monroecollege.edu":[12],"monroecounty.gov":[1,12],"monrovia.com":[1,12],"monsanto.com":[1,12],"monsav.com":[1,9],"monservicevocal.fr":[1],"monshowroom.com":[9],"monsieurbarbier.com":[1,9],"monsieurchaussure.com":[9],"monsieurdrive.com":[1],"monsieurgolf.com":[9,3],"monsieurparking.com":[1,12,3],"monsieurvegas.com":[3,3],"monsiteassure.fr":[1,12],"monsoon.co.uk":[9],"monstageenligne.fr":[1,12],"monstandardfacile.com":[1],"monster-wow.com":[3,3],"monster.at":[6],"monster.be":[6],"monster.ca":[6]}