{"mioskins.org":[12],"mioticket.it":[12],"mipayslips.com":[1],"mipc.com.mx":[9],"mipcm.com":[12],"miped.ru":[12,3],"mipermit.com":[1],"mipih.fr":[1],"mipim.com":[1,12],"mipise.com":[1],"miplanilla.com":[1,12],"mipoint.jp":[1],"mipoli.co":[12],"mips.com.au":[1,12],"mipt.ru":[12],"mipunto.com":[1],"mir3.com":[1],"miracd.com":[1],"miracleclix.com":[1],"miraclenoodle.com":[1,9],"miracleworkers.com":[1,6],"miracosta.edu":[1,12],"miradetodo.com.ar":[3],"miradore.com":[1,5],"miraeassetmf.co.in":[1,2],"mirage.com":[1],"miragepetproducts.com":[9],"mirakl.net":[1],"miralinks.ru":[1],"miramagia.com":[1,12,3],"miramagia.de":[1,12,3],"miramagia.fr":[1,12,3],"miramarcinemas.com.tw":[1,12,3],"mirandalambert.com":[12],"mirandopeliculas.com":[12,3],"mirantis.com":[1],"mirapodo.de":[9],"mirasapo.jp":[1,12],"mirasmart.com":[1,5],"mirasvit.com":[1,5],"miray-software.com":[1,5],"miray.de":[1,5],"mirenesse.com":[1,9],"miriadax.net":[12],"miriale.com":[12],"mirillis.com":[1,3,5],"mirixa.com":[1],"miroguide.com":[3],"mirohost.net":[1,5],"miroi.se":[1,12],"mironet.cz":[9],"mirorii.com":[12],"mirraw.com":[9],"mirror.co.uk":[3,7],"mirrorbingo.com":[3,3],"mirrorcreator.com":[12,5,10],"mirrormate.com":[1,9],"mirrorreaderoffers.co.uk":[9],"mirtesen.ru":[1,12],"mis-facturas.com":[1],"mis-recetas.org":[1,12],"misaves.com":[1,12],"misbooks.com.ar":[1,12,3],"mischool.fr":[12],"misco.co.uk":[1,5],"misco.de":[1],"misco.fr":[1,5,9],"misco.it":[1,5,9],"misco.nl":[1,5],"misco.se":[1,5,9],"miscota.com":[9],"miscota.es":[12,9],"miscota.fr":[12,9],"miscota.it":[12,9],"miscreatedgame.com":[1,3],"misd.net":[12],"misdu.com":[1],"mise-au-green.com":[9],"mise.gov.it":[1,12],"miseenplace.eu":[1],"misemedia.net":[1],"mises.org":[1,12],"mises.org.br":[12],"misfit.com":[12],"misfitathletics.com":[1,12],"misfitwearables.com":[12],"mishbetzet.co.il":[12],"misiedo.com":[1,12,3],"misim.gov.il":[1,12],"misk.com":[1,5],"misli.com":[1,12],"mismarcadores.com":[3],"misoca.jp":[1],"misoenergy.org":[1,12],"misolo.com":[12,1,3],"misp.co.uk":[12],"mispagosaldia.com":[1],"misradia.co.il":[9],"miss34.com":[1,12]}