{"allscriptscloud.com":[12],"allseated.com":[1],"allsecur.de":[1,2],"allsecur.fr":[1],"allsecur.nl":[1,2],"allshareplay.com":[1,12],"allsides.com":[12],"allslotscasino.com":[3,3],"allsoft.ru":[1,5],"allsole.com":[9],"allsoluces.com":[3],"allsolutions.nl":[1],"allsolutionsnetwork.com":[1,12],"allsopireland.ie":[1],"allsouth.org":[1,2],"allsouthhb.org":[1,2],"allsport365.com":[3],"allstar-sport.eu":[9],"allstarcharts.com":[1,2,12],"allstarclub.com":[1,3],"allstardrivereducation.com":[1,12],"allstargeneral.com":[1],"allstarhealth.com":[9],"allstarjobs.ca":[1],"allstarlink.org":[1,5],"allstaronline.co.uk":[1],"allstate.ca":[1,2],"allstate.com":[1,2],"allstateatwork.com":[1],"allstatebenefits.com":[1],"allstatedealerservices.com":[1],"allstateflood.com":[1],"allstatemall.com":[1,2],"allstatemotorclub.com":[12],"allstaterewards.com":[12],"allstateuniversity.com":[1],"allstays.com":[1],"allstitch.net":[9],"allstream.com":[1],"allsup.com":[1,12],"alltel.com":[1],"alltel.com.au":[1],"alltele.se":[1,5],"allthecooks.com":[1,3],"allthefallen.ninja":[12,3,10],"allthefallen.org":[12,3,10],"allthetopbananas.com":[1,6],"alltheweb.com":[7],"allthewebsites.org":[1,5],"allthings.io":[1],"allthingsplc.info":[1,12],"alltop.com":[1,12],"alltrails.com":[1],"alltricks.com":[9],"alltricks.es":[9],"alltricks.fr":[9],"alltron.ch":[1],"alltruckjobs.com":[1,6],"alltube.tv":[12,3],"alltunes.com":[12],"alluc.com":[1,3,5],"alluc.ee":[1,3,5],"alluc.org":[1,3,5],"alluc.to":[1,3,5],"allure.com":[1,3,9],"allvatar.com":[12,3,3],"allview.ro":[1,9],"allvikingparts.com":[1,9],"allvols.com":[1],"allwaste.com":[1],"allwebleads.com":[1],"allwomenstalk.com":[3,7],"allworkjob.com":[1,5,6],"allworxportal.com":[1],"ally.com":[1,2],"allyauto.com":[1,2],"allybank.com":[1,2],"allydvm.com":[1],"allyearbooks.co.uk":[1,12],"allyou.net":[1],"allyoucanbooks.com":[1],"allyouneed.com":[1,9],"allyouneedfresh.de":[1,9],"allyours.com":[1],"allysatis.org":[1,12],"alma24.pl":[1],"almaconnect.com":[12],"almadiploma.it":[1,12],"almaedizioni.it":[1,12],"almalaurea.it":[1,12],"almanac.com":[1,12,9],"almeida.co.uk":[1,12,3],"almerys.com":[1,12],"almico.com":[1,12,5],"almighurt.de":[1],"almliquor.com.au":[1],"almo.com":[1],"almohandes.org":[1,12],"almokhtabar.com":[1,12]}