{"newreleasetuesday.com":[12],"newrelic.com":[1,5],"newrepublic.com":[1,12],"newrepublicman.com":[9],"newretirement.com":[1,2],"news-gazette.com":[1,3,7],"news-journalonline.com":[1,3,7],"news-leader.com":[1,12,7],"news-parfums.com":[3,9],"news-press.com":[1,12,7],"news-republic.com":[1,12],"news-source.tv":[1],"news.com.au":[3,7],"news.net.au":[12],"news1130.com":[1,3,7],"news12.com":[1,7],"news24.com":[12,3,7],"news360.com":[1,7],"newsaintthomas.com":[1,12],"newsapi.org":[1,7],"newsbank.com":[1,12],"newsbin.com":[1,5],"newsblur.com":[1,12,3],"newscdn.com.au":[1,5],"newschool.edu":[12],"newschoolers.com":[12],"newscientist.com":[12],"newsconnection.nl":[12,1],"newscred.com":[1],"newscyclecloud.com":[12],"newsday.com":[7],"newsdemon.com":[1,5],"newseasims.com":[12,3],"newsela.com":[1,12],"newsensations.com":[12,3],"newser.com":[12,3,7],"newsflare.com":[1,3,7],"newsgator.com":[1],"newsgrabber.nl":[1,5],"newsgroupdirect.com":[1,5],"newshosting.com":[1,5],"newsify.co":[1,12,5],"newsimpact.com":[1],"newsinslowfrench.com":[1,12],"newsinslowspanish.com":[1,12],"newsisfree.com":[1,12],"newskillsacademy.co.uk":[1,12],"newsleecher.com":[1,5],"newsletter2go.ch":[1],"newsletter2go.com":[1],"newsletter2go.de":[1],"newsmax.com":[1,12,7],"newsmeback.com":[1,12],"newsmemory.com":[1],"newsmth.net":[1],"newsnow.co.uk":[1,3,7],"newsobserver.com":[1,3,7],"newsoftinc.com":[1,5],"newsoftwares.net":[1,5],"newsok.com":[1,12,7],"newsouthparkingfpp-tx.com":[12],"newspaperarchive.com":[1,12,7],"newspaperclub.com":[1,12,9],"newspaperdirect.com":[12],"newspapers.com":[7,9],"newspicks.com":[1,12,3],"newspress.co.uk":[1],"newspress.com":[1],"newspring.cc":[1,12],"newspringnetwork.com":[1,12],"newsreview.com":[1,12],"newsroomsolutions.com":[1],"newsstand.co.uk":[1,3,9],"newsstand.com":[1,9],"newstarsoccer.com":[3,3],"newstogo.us":[12],"newstudio.tv":[12,3],"newsu.org":[1,12],"newsvine.com":[3,7],"newsweek.com":[12,3,7],"newsweek.pl":[1,12],"newswhip.com":[1],"newswire.ca":[1,12],"newswire.com":[1],"newswiretoday.com":[1],"newsxs.nl":[1,5],"newtechbio.com":[1],"newtechnetwork.org":[12],"newtek.com":[1,5],"newtekwebhosting.com":[1,5],"newtheatrecardiff.co.uk":[1,12,3],"newtonhq.com":[1,5],"newtonrunning.com":[9],"newtonsoftware.com":[1],"newtopia.de":[1,12],"newtransnudes.com":[12],"newtrent.com":[1,9],"newtron.net":[1],"newtsplay.com":[1,12]}