{"mybroadbandaccount.com":[12],"mybrokerlink.com":[1,12],"mybrowsercash.com":[12],"mybrowserpage.com":[1],"mybrute.com":[12],"mybslhr.com":[1],"mybsn.com.my":[1],"mybswhealth.com":[1,12,4],"mybtbackoffice.com":[12],"mybudget.com.au":[1],"mybuilder.com":[1],"mybuilding.org":[1],"mybuildingpermit.com":[1,12],"mybusiness.it":[1],"mybusinesscourse.com":[1,12,5],"mybusinessmatches.com":[1],"mybusinessprofile.com":[1],"mybusinessworks.co.uk":[1,5],"mybvc.ca":[1,12],"mybwbsite.com":[1],"mybymedia.com":[1],"mybyramhealthcare.com":[12],"myc3.edu.au":[12],"mycablemart.com":[1,9],"mycadent.com":[1],"mycaf.it":[1,2,12],"mycafekatzenberger.de":[1],"mycafeteriaplan.com":[1],"mycalapp.com":[1],"mycaliforniapermit.com":[1,12],"mycall.no":[1,9],"mycallnow.com":[1],"mycalorgas.com":[1],"mycalyx.com":[1,12],"mycamgirl.net":[1,12,3],"mycampamerica.com":[1,9],"mycampus.ca":[12],"mycampusdirector.com":[1],"mycampusdirector2.com":[12],"mycampuslink.com":[12],"mycampusloan.com":[1],"mycampusnet.com":[1],"mycampusvideo.com":[5],"mycams.com":[12],"mycanal.fr":[1,3],"mycandidateexpenses.com":[1],"mycandylove.com":[12,3],"mycanvas.com":[1,9],"mycapstonelibrary.com":[1,12],"mycapture.com":[1],"mycapturepage.com":[1],"mycarauniversity.com":[1],"mycarcheck.com":[1],"mycard2go.com":[1,2,9],"mycard520.com.tw":[1,9],"mycardextras.com":[1,12,9],"mycardinfo.com":[12],"mycardlinksite.com":[1],"mycardplace.com":[12],"mycardsecure.com":[12],"mycardsecurity.com":[1],"mycardstatement.com":[1],"mycare.co.jp":[1,12,9],"mycare.de":[12,4,9],"mycareallies.com":[12],"mycareer.com.au":[6],"mycareerspringboard.org":[1,12],"mycarelinkconnect.com":[1,12],"mycarepack.com":[1],"mycareplusonline.com":[1,12,4],"mycaretouch.com":[1],"mycarfax.com":[1],"mycarforum.com":[1,12],"mycarle.com":[1],"mycarneedsa.com":[1],"mycarpathians.net":[1,5],"mycarstats.com":[1,12],"mycase.com":[1],"mycasebuilder.com":[1,9],"mycaseinfo.com":[1],"mycashbacktraffic.com":[1],"mycashbar.com":[1],"mycashflow.fi":[1],"mycashfreebies.com":[1],"mycashnow.com":[12],"mycashplus.co.uk":[1,2],"mycashtable.com":[1],"mycashware.com":[1,5],"mycastingfile.com":[1,3],"mycastingnet.com":[1],"mycatamaranrx.com":[1],"mycatholicfaithdelivered.com":[1,12],"mycause.com.au":[1,12],"mycbhomebase.com":[1,5],"mycbic.com":[1],"mycbseguide.com":[1,12],"mycca.com.au":[1,9],"mycca.net":[1,12],"mycccportal.com":[1]}