{"soundsonline.com":[1,12,3],"soundstagedirect.com":[1,3,9],"soundstosample.com":[1,3],"soundstripe.com":[1,12,3],"soundstrue.com":[12,3,9],"soundtouch.com":[1],"soundtoys.com":[1,9],"soundtrackyourbrand.com":[1],"soundtrap.com":[1,12],"soundviz.com":[1],"soup.io":[1],"souq.com":[9],"source-elements.com":[1,5],"source-wave.com":[1],"source4.com":[1],"source4teachers.com":[1,12,6],"sourcea.fr":[1,6],"sourceaudio.com":[1],"sourcebmx.com":[9],"sourcebottle.com":[1,12],"sourcecoast.com":[1,5],"sourcecodester.com":[5],"sourcefabric.org":[1,12,5],"sourcefire.com":[1,5],"sourceforge.net":[1,5],"sourcegas.com":[1],"sourcehunter.org":[1,5],"sourcelair.com":[1,5],"sourcemore.com":[9],"sourcenext.com":[1,5],"sourcenext.info":[1],"sourceop.com":[1,12,5],"sourcerepo.com":[1,5],"sourcingjournalonline.com":[1,12],"sourcingmap.com":[9],"sourpussclothing.com":[9],"souschef.co.uk":[3],"souscription-actionnariat.fr":[12],"sousede.cz":[1],"south-staffs-water.co.uk":[1],"south-thames.ac.uk":[1,12],"southalabama.edu":[12],"southampton.ac.uk":[12],"southampton.gov.uk":[1,12],"southamptonfc.com":[1,3],"southamptontownny.gov":[1,12],"southandwestern.com":[12],"southbankcentre.co.uk":[1],"southbankresearch.com":[1,2,12],"southbayexpressway.com":[1,12],"southbeachbingo.ag":[9],"southbeachdiet.com":[1,12,4],"southbeachsmoke.com":[12,12,9],"southcarolinablues.com":[1,12,4],"southcentralbank.com":[1],"southcentralpower.com":[1,12],"southco.com":[1],"southcoast.org":[1,12,4],"southcoasttoday.com":[1,3,7],"southdakotaworks.org":[1,6],"southdevon.ac.uk":[1,12],"southeast.edu":[12],"southeastbank.com.bd":[1,12],"southeastern.edu":[12],"southeasternparking.co.uk":[1],"southeasternrailway.co.uk":[1,12,3],"southeastfinancial.org":[1,2],"southeasttexas.com":[1],"southeastwater.co.uk":[1],"southeastwater.com.au":[1],"southefinancial.com":[1,2],"southendtheatres.org.uk":[1,3],"southern-charms.com":[12],"southern-charms2.com":[12],"southern-charms3.com":[12,1],"southern-charms4.com":[12],"southern-electric.co.uk":[1],"southern.edu":[12],"southernbank.com":[1,2],"southernco.com":[12],"southerncompany.com":[1,12],"southernconnector.com":[1],"southerncross.co.nz":[1],"southernct.edu":[12],"southernexposure.com":[1,3,9],"southernfidelityins.com":[1,2],"southernfriedchics.com":[9],"southernhealth.org.au":[12],"southernlivingporch.com":[1],"southernohiogun.com":[9,12],"southernonline.org":[12],"southernrailway.com":[1,3],"southernrailwaytickets.com":[1,12],"southernsavers.com":[3,9],"southernseason.com":[1,3,9],"southerntide.com":[9],"southernwater.co.uk":[12],"southernwine.com":[1,12],"southernwineonline.com":[12,1,12]}