{"apolloduck.com":[9,12],"apolloecigs.co.uk":[12,9],"apolloecigs.com":[12,9],"apollohosting.com":[1,5],"apollohq.com":[1,5],"apollokino.ee":[12],"apollolibrary.com":[12],"apollomunichinsurance.com":[1,2],"apolloprism.com":[12],"apollosportingclub.com":[1,12],"apollotheme.com":[1],"apologia.com":[12],"apolux.de":[12,4,9],"apondo.de":[9],"aponeo.de":[9],"aponline.gov.in":[1,12],"apons.eu":[1,9],"apontador.com.br":[1,12],"apoonline.org":[1,12],"aportesenlinea.com":[1,12],"aposalis.de":[9],"apostasonline.com":[3],"apostilando.com":[12,5],"apotal.de":[9],"apotea.se":[9],"apotek1.no":[9],"apoteket.se":[4,9],"apotekhjartat.se":[9],"apotheke-online.de":[4,9],"apotheke.at":[4,9],"apotheke.de":[12,4,9],"apotheke2u.com":[1],"apotheken-umschau.de":[12,4],"apotheker.com":[9],"apoticaria.com":[1,12,9],"apovia.de":[1,9],"apowersoft.com":[1,5,10],"app-garden.com":[1,12],"app-launhcer.com":[12],"app-libertyexpress.com":[12],"app-liv.jp":[1,12],"app-specials.com":[12],"app.com":[1,12,7],"app.net":[1],"app.store":[12],"app.vc":[12],"app2top.org":[1],"app4food.co.uk":[1],"appaddict.org":[1,5,10],"appagg.com":[1,3],"appalachianpower.com":[1,12],"appalachianwireless.com":[1],"appaloosa-store.com":[1,5],"appannie.com":[1],"apparchitect.com":[10],"apparelnbags.com":[9],"appartager.be":[12],"appartager.com":[1,12,9],"appartcity.com":[1,12,11],"appbankstore.jp":[1,9],"appblade.com":[1,5],"appbot.co":[1,9],"appboy.com":[1],"appbrain.com":[1,5],"appcamp.io":[1,12],"appcard.com":[1,9],"appcards.com.br":[12],"appcelerator.com":[1],"appcelerator.org":[1,5],"appcenter.ms":[1,5],"appcoiner.com":[1,12],"appcues.com":[1],"appdemostore.com":[1,12,5],"appdirect.com":[1],"appdynamics.com":[1,5],"appeagle.com":[1],"appear.in":[12],"appearhere.co.uk":[1],"appearhere.fr":[1,12,9],"appehtite.ca":[3],"appelmedical.com":[1],"appen.com":[1],"appen.com.au":[1,12,5],"appery.io":[1,5],"appetize.io":[1,5],"appeto.ir":[1,12,5],"appfigures.com":[1],"appfiles.com":[1,12,5],"appfluence.com":[1,5],"appfog.com":[1,5],"appfolio.com":[1],"appfollow.io":[1],"appformonline.co.uk":[1,12],"appfutura.com":[1,12,5],"appgyver.com":[1,5],"appharbor.com":[1,5],"apphb.com":[1,5],"apphp.com":[1,5],"appi.org":[1,12]}