{"examkrackers.com":[1,12],"examone.com":[1,12],"example.com":[5],"example.dev":[12],"exampleessays.com":[1,12],"examprofessor.com":[1,12,5],"examservice.com.tw":[12],"examslocal.com":[1,5],"examsoft.com":[1,12],"examtime.com":[1,12],"examweb.com":[12],"examzone.com":[1,12],"exano.net":[12],"exante.eu":[1,12,11],"exantediet.com":[1,3,9],"exapass.fr":[1,9],"exaprint.co.uk":[1,9],"exaprint.es":[1,9],"exaprint.fr":[1,9],"exaprint.it":[1,9],"exashare.com":[1,10],"exasoft.cz":[1,9],"exatest.fr":[1,12],"exavault.com":[1,5],"exbii.com":[12,3],"exblog.jp":[1,3],"excaliberpc.com":[5,9],"excalibur-craft.ru":[3],"excalibur-nw.com":[12],"excalibur-wow.com":[1,12,3],"excalibur.com":[1],"excalibur.la":[1,12,3],"excedence.com":[9],"exceedlms.com":[1],"excel-downloads.com":[1,12,5],"excel-pratique.com":[1,12,5],"excel-university.com":[1,12],"excel.com":[1],"excelabo.net":[1,12,5],"excelcampus.com":[1,12,9],"excelcentral.com":[1,12],"exceldashboardwidgets.com":[1],"exceleras.com":[1],"excelforum.com":[10],"excelgum.ca":[1,9],"excelhighschool.com":[12],"excelhome.net":[1,12,5],"excelhr.com":[1,6],"excelityglobal.com":[12],"excellence-resorts.com":[1,11],"excellent-hemd.de":[9],"excellentadventures.tv":[3],"excellentbux.net":[12],"excellgroup.com":[1,5],"excellusbcbs.com":[12],"excelsior.edu":[12],"excelsports.com":[9],"exceltestzone.com.au":[1,12,3],"exceltoner.ca":[1,9],"excelwithbusiness.com":[1,12],"excelwithbusiness.fr":[1,12],"exchange-paniniamerica.net":[1],"exchange4free.com":[2],"exchangeandmart.co.uk":[1,9,12],"exchangebank.com":[1,2],"exchangebnkonline.com":[12],"exchangecentral.net":[1,5],"exchangedefender.com":[1],"exchangemymail.com":[1],"exchangeserverpro.com":[1,5],"exchangevue.com":[12],"exchangex.ru":[1],"exchangezones.co.in":[1,2],"exchanging.ir":[1,2,9],"excite.co.jp":[1,12],"excite.com":[1,3],"excite.it":[1,3,7],"excitel.com":[1],"exclaimer.co.uk":[1,5],"exclaimer.com":[1,5],"exclaimer.net":[1,5],"exclucitylife.com":[9],"exclus1ves.co.za":[1,9],"exclusivebooks.co.za":[1,9],"exclusivegrouptravel.com":[1,11],"exclusivelyweddings.com":[9],"exclusiveresorts.com":[1],"exclusiveshopping.fr":[12],"excoboard.com":[1,2],"excom.us":[12],"excusemyparty.com":[1,12],"exdesi.com":[1],"exe-coll.ac.uk":[1,12],"exec-appointments.com":[1],"exec2exec.com":[1],"execinc.com":[1,12],"execrank.com":[1],"execthread.com":[1],"execucar.com":[1]}