{"sportcerebral.fr":[1,12,3],"sportchalet.com":[9],"sportchek.ca":[9],"sportclips.com":[1,12,3],"sportcommunication.info":[12],"sportdb.ch":[1,12],"sportdepot.bg":[9],"sportdeutschland.tv":[1],"sporteasy.net":[1,3],"sporteef.com":[1],"sportelloperilconsumatore.it":[1,12],"sportellounicoprevidenziale.it":[12],"sportenglandclubmatters.com":[1,12],"sporter.com":[1,9],"sportgigant.at":[9],"sportheroes.group":[1],"sporthorlogecenter.nl":[1,9],"sportifik.com":[1],"sporting.pt":[3],"sportingbet.com":[3,3],"sportingbet.com.au":[12],"sportingbet.gr":[3,3],"sportingbet.ro":[3,3],"sportingindex.com":[3,3],"sportinglife.ca":[9],"sportinglife.com":[3,3],"sportingnews.com":[3],"sportingpulse.com":[1],"sportinnovation.fr":[1,12],"sportintown.com":[1,12],"sportips.fr":[1,12,3],"sportisimo.cz":[1,9],"sportisimo.ro":[1,9],"sportisimo.sk":[1,9],"sportium.es":[9,3],"sportler.com":[1,9],"sportlink.com":[1],"sportlink.nl":[1,12],"sportlobster.com":[3],"sportlounge.com":[1,12],"sportlyzer.com":[1,12],"sportmaniacs.com":[12],"sportmaster.dk":[9],"sportmaster.ru":[9],"sportmediaset.it":[3],"sportnahrung-engel.de":[1,9],"sportnation.bet":[3],"sportngin.com":[1,3],"sportokay.com":[9],"sportpartner.com":[1],"sportpesa.com":[3],"sportpesa.uk":[12,3,11],"sportplan.net":[1,12],"sportposition.com":[9],"sportpursuit.com":[9],"sportradar.com":[1],"sportrelief.com":[1,12,3],"sportrx.com":[9],"sports-aventure.fr":[9],"sports-booker.com":[1],"sports-it.com":[5],"sports-sante.com":[1,12,4],"sports-tracker.com":[1,9],"sports.fr":[3],"sports.ru":[3],"sports.ws":[3],"sports4africa.com":[3],"sportsaccess.se":[12],"sportsaffinity.com":[1],"sportsauthority.com":[9],"sportsauthorityleague.com":[12],"sportsavvy.com":[1],"sportsbasement.com":[9],"sportsbet.com.au":[3,3],"sportsbet.io":[12],"sportsbetting.ag":[3],"sportsbetting.com":[3],"sportsbikeshop.co.uk":[9],"sportsbook.ag":[3,3],"sportsbook.com":[3],"sportsbookreview.com":[3,3],"sportsbusinessdaily.com":[3,7,3],"sportscarddatabase.com":[9],"sportscardforum.com":[10],"sportscarmarket.com":[1,12],"sportschau.de":[3],"sportscheck.at":[1,9],"sportscheck.ch":[1,9],"sportscheck.com":[1,9],"sportscheck.de":[1,9],"sportscraft.com.au":[9],"sportscrm.net":[12],"sportscult.org":[1],"sportsdata.ag":[1],"sportsdeck.com":[3],"sportsdirect.com":[9],"sportsdirectfitness.com":[1,12],"sportsdonkey.club":[1,3],"sportsebooks.eu":[1]}