{"ultrafarma.com.br":[1,9],"ultraflix.com":[1,3],"ultraforeclosures.com":[1,8],"ultrahdclub.org":[3],"ultrahook.com":[12],"ultrajeux.com":[3,9],"ultralightoutdoorgear.co.uk":[9],"ultralinq.net":[12],"ultramail.com.br":[12],"ultramartravel.com":[1],"ultramegabit.com":[12],"ultramobile.com":[1],"ultramusicfestival.com":[1,12,3],"ultraonerewards.com":[1,12,9],"ultrapowa.com":[1,5,10],"ultrapremiumdirect.com":[1,12,9],"ultrasabers.com":[1,9],"ultraseedbox.com":[1],"ultrasignup.com":[1,12,3],"ultrastar-es.org":[12,3],"ultratools.com":[5],"ultratop.be":[12],"ultratuning.com":[9,12],"ultravds.com":[1,5],"ultraviews.net":[1,5],"ultraviolet.com":[1,9],"ultravpn.fr":[1,5],"ultraweb.hu":[1,5],"ultraworkers.com":[1],"ulub.pl":[1,12,3],"uludag.edu.tr":[12],"uludagsozluk.com":[7,12,3],"ulule.com":[12],"ulust.com":[10],"ulyssesmod.net":[1,5],"ulyssetravel.com":[1],"um.ac.ir":[12],"um.dk":[1,12],"um.edu.mt":[1,12],"um.edu.my":[12],"um.es":[1,12],"um.si":[12],"um1-online.com":[1,12],"um5.ac.ma":[12],"uma.es":[12],"umaine.edu":[12],"umana.it":[1,12],"umanis.com":[1],"umanitoba.ca":[12],"umanlife.com":[1,12],"umantis.com":[1],"umapped.com":[1],"umapper.com":[1],"umart.com.au":[5,9],"umaryland.edu":[12],"umass.edu":[12],"umassd.edu":[12],"umassfive.coop":[1,2],"umassmed.edu":[12,4],"umassmemorial.org":[1,12,4],"umassonline.net":[12],"umatrix.org":[1,5],"umb.com":[1,2],"umb.edu":[1,12],"umb.edu.co":[1,12],"umbc.edu":[12],"umbfs.com":[1],"umbian.com":[1,4],"umbler.com":[1,5],"umbler.net":[1,5],"umbra.com":[9],"umbraco.com":[1],"umbraco.io":[12],"umbraco.org":[1],"umbraco.tv":[1,12],"umbragame.com":[12,3,5],"umbrella.com":[1,5],"umbrellar.nz":[1,5],"umc.edu":[12,4],"umc.org":[12,12],"umces.edu":[12],"umcg.nl":[1,12],"umcmarket.org":[1,9],"umcn.nl":[1,12],"umcom.org":[1,12],"umcu.org":[1,2],"umcutrecht.nl":[1,12,4],"umd.edu":[12],"umd.net":[12],"umdnj.edu":[12],"umea.se":[1,12],"umeng.com":[1],"umflint.edu":[1,12],"umforum.net":[12,10],"umfragenews.com":[12],"umfrageonline.ch":[1,12,5],"umfrageonline.com":[1,12,5],"umg.edu.gt":[12],"umgeeusa.com":[1,9]}