{"brokenstones.me":[12],"brokerbin.com":[1],"brokerclicks.com":[1],"brokerdealer-encrypted.com":[12],"brokerfp.com":[12],"brokermint.com":[1],"brokeroffice.com":[1],"brokerpriceopinion.com":[1],"brokersalliance.com":[1,2],"brokestraightboys.com":[12,3],"bromcomvle.com":[1,12],"bromley.gov.uk":[1,12],"bromo.com":[12],"brompton.com":[1,12,9],"broncobookstore.com":[1,12],"broncograveyard.com":[1,9],"bronies.de":[12,3,10],"bronners.com":[1,9],"bronsonhealth.com":[1,4],"bronsonhg.org":[12],"bronsonvitamins.com":[4,9],"bronto.com":[1],"bronymate.com":[12,1],"bronze-bravery.com":[12],"bronzesnake.com":[9],"brookdale.com":[1,12,4],"brookdalecc.edu":[12],"brookdalelivingebill.com":[1,12,5],"brookes.ac.uk":[12],"brookfield.com":[1],"brookfieldgrs.com":[1],"brookfieldmultiplex.com":[1,12],"brookhollowcards.com":[1,9],"brooklinebank.com":[1,2],"brooklinen.com":[1,9],"brooklynbatteryworks.com":[9],"brooklynbedding.com":[1,9],"brooklynboulders.com":[1,12],"brooklynpubliclibrary.org":[1,12],"brooklyntrading.co.uk":[9],"brooklyntweed.com":[1,9],"brooks.co.jp":[1,3,9],"brooksbrothers.com":[9],"brooksengland.com":[12],"brookshires.com":[1,9],"brookson.co.uk":[1],"brookspriceaction.com":[1,12],"brooksrunning.com":[9],"brookstone.com":[9],"brookstreet.co.uk":[1,6],"brookstreetonline.co.uk":[1],"brooktaverner.co.uk":[9],"brookwoodloans.com":[1],"brookz.nl":[1],"broplay.net":[1,3],"bropro.io":[1,5,12],"bros4bros.com":[10],"brose.com":[1],"brosix.com":[1,5],"brossard.fr":[1,12],"brother-europe.com":[1,12],"brother-usa.com":[1],"brother.at":[1],"brother.be":[1],"brother.ca":[1,9],"brother.ch":[1],"brother.co.jp":[1,5],"brother.co.nz":[1],"brother.co.uk":[1],"brother.com":[1],"brother.de":[1],"brother.es":[1],"brother.eu":[1,12],"brother.fr":[1],"brother.ie":[1,9],"brother.it":[1,9],"brother.nl":[1],"brother.pl":[1,9],"brother.se":[1],"brothercloud.com":[1,5],"brotherhoodmutual.com":[1,2],"brothermall.com":[1,9],"brothers-of-usenet.net":[1,5],"brothers.se":[1,9],"brothersoft.com":[5],"brotherstrucks.com":[9,12],"brou.com.uy":[1,2],"brouwland.com":[12,1,9],"brouwmarkt.nl":[12,1,9],"broward.edu":[12],"broward.org":[1,12],"browardclerk.org":[1,12],"browardlibrary.org":[1,12],"browardschools.com":[12],"brown.edu":[12],"brownadvisory.com":[1,2],"brownbearsw.com":[1,5],"brownbook.net":[1,12],"brownells.com":[9,12]}