{"macappdeals.com":[1,9],"macappware.com":[1,9],"macarte-cadhoc.com":[1],"macartebp.fr":[1,9],"macartecasino.fr":[1],"macat.com":[1,12],"macatawabank.com":[1,2],"macave.leclerc":[1,9],"macaveavins.com":[12,1,12],"macaw.co":[1,12,5],"macbay.de":[1,5],"macbidouille.com":[5,7,9],"macc.edu":[12],"maccabi-health.co.il":[1,12,4],"maccabi4u.co.il":[1,12,4],"maccasplay.co.nz":[1,3],"maccasplay.com.au":[1],"macconnection.com":[1,9],"maccosmetics.ca":[9],"maccosmetics.co.uk":[9],"maccosmetics.com":[9],"maccosmetics.com.au":[9],"maccosmetics.fr":[9],"maccosmetics.it":[9],"macdonaldandcompany.com":[1,6],"macdonaldhotels.co.uk":[1,11],"macecraft.com":[1,5],"macewan.ca":[12],"macexchange.it":[9],"macfamilytree.com":[1,12,3],"macfarlanepackaging.com":[1],"macfit.com.tr":[1,12],"macfixit.com":[12],"macfixit.com.au":[9],"macg.co":[1,5,9],"macg.com":[1],"macgames.fr":[3,3,9],"macgamestore.com":[3,3,9],"macgeneration.com":[1,5,9],"mach7.com":[1,12],"mach7drone.com":[1,12],"machdudas.de":[1,5,6],"macheist.com":[1,5],"machicon.jp":[1,3],"machighway.com":[1],"machine-likes.com":[12],"machinedesign.com":[1],"machinemart.co.uk":[1,9],"machineryhouse.com.au":[1,9],"machines-3d.com":[1,9],"machines4u.com.au":[1,9],"machinetools.com":[1,9],"machinimatrix.org":[1,12],"machofucker.com":[12],"machomoe.com":[12],"machon-mor.co.il":[1,12,4],"machon-noam.co.il":[1,12],"machsupport.com":[1,5],"maciag-offroad.de":[9],"macif.fr":[1,2],"macincloud.com":[1,5],"macingo.com":[1,9],"macintosh.vn":[1,3],"macintoshrepository.org":[1,5],"mackage.com":[9],"mackeeper.com":[1,5],"mackenzie-childs.com":[1,9],"mackenzie.br":[1,12],"mackenzie.com.br":[1,12],"mackenzieinvestments.com":[1,2],"mackenzieltd.com":[1,9],"mackie.com":[1,9],"mackin.com":[12],"mackinvia.com":[1],"mackolik.com":[3],"mackspw.com":[9,12],"mackweldon.com":[9],"mackworldwidewarranty.com":[1],"macleans.ca":[1,12,7],"maclegion.com":[12],"maclife.com":[1,12,9],"maclife.de":[12,3,9],"macloops.com":[1,12],"macmagazine.com.br":[1,12,5],"macmall.com":[9],"macmaniack.com":[9],"macmillan.cloud":[12],"macmillan.com":[1,12],"macmillan.es":[1,12],"macmillan.org.uk":[1,12],"macmillaneducation.com":[1,12],"macmillaneducationeverywhere.com":[12],"macmillanenglish.com":[1,12],"macmillanhighered.com":[12],"macmillanlearning.com":[1,12],"macmillanpracticeonline.com":[1,12],"macmms.com":[12],"macneillgroup.com":[1],"macnetix.com":[1,5]}