{"dersockelshop.de":[1,9],"derstandard.at":[1,12,7],"derticketservice.de":[1],"dertour.de":[12],"deruca.jp":[1,12],"derwentstudents.com":[1,12],"derwesten.de":[1,12,7],"derytelecom.ca":[1],"des-marques-et-vous.com":[1,9],"desafiodocodigo.com.br":[12],"desafionotamaxima.com.br":[12],"desales.edu":[12],"desan.nl":[1,12],"desantisholster.com":[1,9],"desarrolloweb.com":[1,12,5],"descargasnsn.com":[1,12,5],"descargasteocraticas.org":[1,12],"descargaya.es":[12],"descartes.com":[1],"descendentstudios.com":[1,12,3],"descomplica.com.br":[12],"descomsms.com":[1,10],"descontos.pt":[1,9],"descreti.co.il":[10],"descript.com":[12],"descubrapg.com.br":[1,12,3],"desdriven.com":[1],"deseretbook.com":[12,3,9],"deseretnews.com":[12,3,7],"deserres.ca":[9],"desert-operations.ae":[1,5],"desert-operations.com":[1],"desert-operations.com.br":[1,3],"desert-operations.com.pt":[1,3,3],"desert-operations.de":[1,12,3],"desert-operations.es":[1,12,3],"desert-operations.fr":[1,12,3],"desert-operations.it":[1,12],"desert-operations.pl":[1,12],"desert-operations.us":[1],"desertbus.org":[12],"desertcart.ae":[9],"desertfinancial.com":[12],"desertmicrohosting.com":[12],"desertnightscasino.co.uk":[12],"desertops.co.uk":[1],"desertsands.us":[1],"desertschools.org":[1,2],"desertsun.com":[1,7],"deserve.com":[1,2],"deserves.com":[9],"deshevshe.net.ua":[9],"deshihd.com":[1],"desi.com":[1,9],"desiderimagazine.it":[1,9],"desiderya.it":[1,12],"desidhamal.com":[1],"desidime.com":[9],"design-3000.de":[9],"design-reuse.com":[1,5],"designashirt.com":[1,9],"designatweb.eu":[12],"designbold.com":[1],"designboom.com":[1,12],"designbundles.net":[1,9],"designbyhumans.com":[9],"designcode.io":[1,12,5],"designconnected.com":[1,9],"designcontest.com":[1],"designcourse.com":[1,12,5],"designcrowd.ca":[1],"designcrowd.co.uk":[1],"designcrowd.com":[1],"designcrowd.com.au":[1],"designcuts.com":[1],"designedtowin.ca":[1],"designenlassen.de":[1],"designer-cakes.com":[1,12],"designerbox.com":[1,9],"designerchurchsuits.com":[9],"designerdigitals.com":[1,9],"designerdraperyhardware.com":[9],"designerliving.com":[9],"designernews.co":[1,3,5],"designeroptics.com":[1,9],"designers-inn.de":[1,5],"designers.mx":[1],"designerseven.com":[1,9],"designersguild.com":[1,9],"designerwardrobe.co.nz":[1,9],"designfeed.io":[1],"designfloat.com":[1,12],"designhill.com":[1],"designhotels.com":[1,11],"designimo.com":[1],"designious.com":[1,12,9],"designkit.org":[1],"designmantic.com":[1],"designmodo.com":[1,5]}