{"myshaklee.com":[1,12],"myshared.ru":[1,12,3],"mysharpshooterphotos.com":[1,9],"myshawtracking.ca":[1],"mysheetzlife.com":[1],"mysheriff.co.uk":[1],"myshiftwizard.com":[1],"myshoe.gr":[9],"myshopdiscounts.com":[1],"myshopi.com":[1],"myshopify.com":[1],"myshoppervoice.com":[12],"myshopping.com.au":[9],"myshowpass.com":[1],"myshows.me":[3],"myshows.ru":[3],"mysight.uk":[1],"mysigmapayments.net":[12],"mysignon.net":[12],"mysignup.com":[1,12],"mysilentteam.com":[1,12],"mysilpada.com":[9],"mysimplemobile.com":[1],"mysimplephones.com":[1,5,9],"mysimpleshow.com":[1,12],"mysinglefriend.com":[10],"mysipshares.com":[12],"mysiteauditor.com":[1],"mysitebuilder.org":[1],"mysiteinc.com":[1],"mysitemyway.com":[1,5],"mysitevote.com":[1,5],"mysketcher.com":[1],"myskillstutor.com":[1,12],"mysku.ru":[12,3,9],"mysky-link.com":[1],"myskybell.com":[12],"mysleepbot.com":[1,12],"mysleepmapper.com":[1,12],"mysliderule.com":[1,12],"myslimquick.com":[1,12,4],"mysmartbots.com":[1],"mysmartcamcloud.com":[1,5],"mysmartday.com":[1,12],"mysmartjobboard.com":[1],"mysmartmove.com":[1,12],"mysmartprice.com":[9],"mysmartstart.com":[1],"mysmartstreet.com":[1,12],"mysmashville.com":[1,12,3],"mysmilecoverage.com":[1],"mysmileonline.de":[1],"mysmokingshop.co.uk":[12,12,9],"mysms.com":[1,10,5],"mysmsdiary.com":[12],"mysmurf.com":[9],"mysn.de":[1,5,9],"mysnapfitness.com":[12],"mysnf.ch":[12],"mysniper.com":[1,9],"mysoapbox.com":[1,12],"mysocialsecurity.com":[1,5],"mysocialsecurity.gov":[12],"mysodexo.be":[1],"mysodexo.co.il":[1],"mysodexo.co.uk":[12],"mysodexo.com":[1],"mysodexo.es":[1],"mysodexocard.de":[1],"mysoftpack.com":[1,5],"mysoftware.de":[1,5,9],"mysolarcity.com":[12],"mysolarfamily.com":[1],"mysolstice.net":[1],"mysongbook.com":[1,12],"mysonicwall.com":[1,12],"mysonitrol.net":[1,5],"myspace.com":[3],"myspace.ge":[12],"mysparkdigital.co.nz":[1],"mysparkpay.com":[1],"mysparx.bg":[1,12],"myspectera.com":[1,12],"myspicesage.com":[1,3,9],"myspirits.eu":[12,1,9],"myspleen.org":[12],"mysplogon.com":[12],"mysplus.com":[1,12],"mysportandhealth.com":[1,12],"mysportconnect.net":[1,3],"mysportsclubs.com":[3],"mysportsfeeds.com":[1,3],"mysportsplanner.com":[1],"mysportworld.de":[12],"myspotcam.com":[1],"myspp.com":[1],"myspringfield.com":[9],"myspringleaf.com":[1],"mysprint.com":[1]}