{"solano.edu":[12],"solar.dk":[1],"solar.se":[1,9],"solaranalytics.com":[1],"solarcity.com":[1,12],"solardesigntool.com":[1],"solaredge.com":[1],"solarenergytraining.org":[1,12],"solarimpulse.com":[1,12],"solarisjapan.com":[3,9],"solarlog-web.de":[1],"solarmanpv.com":[1],"solarmovie.is":[12],"solarmovie.ph":[12],"solarmovie.sc":[3],"solarmovie.so":[12],"solarmovie.tl":[3],"solarmoviez.ru":[3],"solarmoviez.to":[3],"solaro.com":[12],"solarprofessional.com":[1,12,5],"solarservicehelp.com":[1],"solarweb.com":[1,12],"solarwinds.com":[1,5],"solarwindsmsp.com":[1],"solaseedair.jp":[1,11],"solavei.com":[12],"solax-portal.com":[12],"solcon.nl":[1],"solcredito.es":[1,2],"sold.com.br":[1,9],"sold.sg":[12],"sold4uauctions.com":[12],"soldafria.com.br":[9],"soldan.de":[1,12,9],"soldatenspiel.de":[1],"soldionline.it":[1,2,12],"soldissimi.it":[1,9],"solebox.com":[9],"solecollector.com":[1,3],"soleilmanagement.com":[1],"solendi.com":[12],"solendro.com":[12,9],"solenovo.fi":[1,12],"solent.ac.uk":[1,12],"solerainc.com":[1],"solerni.com":[1,12],"solerni.org":[1,12],"solerys.fr":[12],"solesociety.com":[9],"solesolution.com":[1],"solesteals.com":[3,9],"solex-motobecane.com":[1,9],"solfoodrestaurant.com":[12],"solforgegame.com":[1,3],"solibri.com":[1,5],"solidab.se":[1],"solidangle.com":[1],"solidaritetransport.fr":[1,12],"solidatech.fr":[1,12],"solidfiles.com":[1,5,10],"solidi.co":[1],"solidice.com":[3],"solidifi.com":[1],"soliditet.no":[1],"solidprofessor.com":[1,12],"solidsignal.com":[9],"solidstartfinancial.com":[1],"solidstatelogic.com":[1,5],"solidtango.com":[1],"solidtrustpay.com":[1,12],"solidworks.com":[1],"solidworks.fr":[1,5],"soliforum.com":[10],"solihull.ac.uk":[1,12],"soliloquywp.com":[1,5],"solimut.fr":[1,2],"solinguainglesa.com.br":[1,12],"solium.com":[1],"soliver-card.com":[12],"soliver.at":[9],"soliver.de":[9],"sollentunahem.se":[12],"sollyazarpro.com":[1],"solmelia.com":[1],"solna.se":[1,12],"solo.be":[1,3],"soloavventure.it":[10],"solocalgroup.com":[1,12],"solocheck.ie":[1,12],"solodvdr.com":[1,12],"soloel.com":[1,12],"solofamily.fr":[10],"sologig.com":[6],"solohealth.com":[1,12,4],"sololearn.com":[1,12,5],"solomid.net":[1],"solomobile.ca":[1],"solomoto.com":[1]}