{"carrier411.com":[1,5],"carrierbagshop.co.uk":[1,9],"carriere-info.fr":[1,5],"carrierebeurs.nl":[1,12,6],"carrierecommerciale.fr":[1],"carrierenterprise.com":[1,9],"carriereonline.com":[1,6],"carrieres-juridiques.com":[1,12],"carrierpoint.com":[1],"carriersedge.com":[1],"carrierzone.com":[1,5],"carrington.edu":[12],"carringtonms.com":[1],"carritus.com":[1,9],"carrollecc.com":[1],"carrollk12.org":[1,12],"carrolltireonline.com":[1],"carrollu.edu":[12],"carrotink.com":[1,9],"carrotinsurance.com":[1],"carrotrewards.ca":[1,12],"carrsqc.com":[1,9],"carry-out.com":[1,5],"cars.bg":[1,9,12],"cars.com":[12],"carsales.com.au":[12],"carsalesnetwork.com.au":[1,9,12],"carsarrive.com":[1],"carsat-aquitaine.fr":[1,12],"carsat-mp.fr":[1,12],"carsat-ra.fr":[1,12],"carsat-sudest.fr":[1,12],"carsdirect.com":[12],"carsdurhone.fr":[1,12],"carsensor.net":[1,9,12],"carsforsale.com":[1,9,12],"carsforum.co.il":[10,12],"carsguide.com.au":[1,9,12],"carsidetogo.com":[1],"carsondellosa.com":[12],"carsonjames.com":[1,12],"carsons.com":[9],"carsontheweb.com":[12],"carsoup.com":[12],"carsponsors.com":[1],"carstickers.com":[1,9],"carsystem.com":[1],"cart32hosting.com":[1],"cart32hostingred.com":[1],"cart66.com":[1,5],"carta.com":[1,12],"cartabcc.it":[1],"cartabccwin.it":[1],"cartachiara.it":[1],"cartalibra.it":[1],"cartalis.it":[12],"cartalk.com":[1,12],"cartaobndes.gov.br":[9],"cartaobom.net":[1,12],"cartaobrb.com.br":[1,2],"cartaocencosud.com.br":[12],"cartaocontinente.pt":[12],"cartaoriocard.com.br":[12],"cartasi.it":[1],"carte-campagne.fr":[1,12],"carte-cezam.fr":[1,12,11],"carte-mobilite-inclusion.fr":[12],"carte-prepayee.fr":[1,9],"carte-sourire.fr":[1],"cartebateau.com":[1,12],"carteblanchepartenaires.fr":[1,12,4],"cartebtp.fr":[1],"cartecarburant.leclerc":[1,9],"cartechnology.co.uk":[1,12],"cartedepeche.fr":[1,12,9],"cartegrise-enligne.com":[1,9],"cartegrise.com":[1],"cartegrisefrance.fr":[1,12,5],"cartegriseminute.fr":[1,9],"carteiradoestudante.com.br":[1,12],"cartejeunes-nouveaumonde.fr":[1,12],"carteland.com":[1,9],"cartemagique.com":[1],"cartencrypt.biz":[12],"cartenoire.fr":[1,9],"cartenolimit.fr":[1],"carteplusweb.fr":[12],"carteprepagate.cc":[12],"carters.com":[9],"cartersoshkosh.ca":[12],"carterus.fr":[9],"cartes-anniversaire.com":[1,9],"cartesia-education.fr":[12],"cartezero.fr":[1,2],"carthage.edu":[12],"carthook.com":[1],"carthrottle.com":[12],"cartier.com":[1,9],"cartmanager.net":[1,9]}