{"northeastjobs.org.uk":[1,6],"northeastshooters.com":[12,7],"northeaststate.edu":[12],"northernbrewer.com":[12],"northerncu.com":[1,2],"northerner.com":[12],"northernhealth.ca":[1,12,4],"northernlightscasino.co.uk":[3,3],"northernminer.com":[1,12],"northernrail.org":[1],"northernrailway.co.uk":[1],"northernrock.co.uk":[1],"northernsafety.com":[9],"northerntool.com":[9],"northerntrust.com":[1,2],"northgate-is.com":[12],"northgatearinso.com":[1],"northghost.com":[5,12],"northghost.com:443":[5,12],"northislandbanking.com":[1,2],"northislandcu.com":[1,2],"northjersey.com":[1,12,7],"northlandvapor.com":[12,1,9],"northlightshop.com":[12],"northlineexpress.com":[9],"northlinkferries.co.uk":[1,12],"northmemorial.com":[1],"northonline.com.au":[1],"northpoint.org":[12],"northpointe.com":[1,2],"northpole.com":[1,12],"northridge4x4.com":[9],"northrim.com":[1],"northropgrumman.com":[1,12],"northrup.photo":[1,3,9],"northseattle.edu":[12],"northshore.edu":[12],"northshore.org":[1,4],"northshorebank.com":[1,2],"northshorecare.com":[9],"northshoreconnect.org":[1,12],"northshoregasdelivery.com":[1],"northshorelij.com":[1,12,4],"northside.com":[1,4],"northsouth.edu":[12],"northsouth.org":[12],"northstarats.com":[12],"northstarbanks.com":[1,2],"northstarcalifornia.com":[1,12,9],"northstarflags.com":[1],"northstarmls.com":[1],"northstarnutritionals.com":[1,12,4],"northstate.net":[1,5],"northstyle.com":[9],"northstylevip.com":[1,9],"northumberland.gov.uk":[1,12],"northumbria.ac.uk":[12],"northwell.edu":[1,12,4],"northwest.bank":[1,2],"northwest.com":[1,2],"northwestern.edu":[12],"northwesternenergy.com":[1,12],"northwesternmutual.com":[1,2,12],"northwesternmutualsecure.com":[1,2],"northwestfirearms.com":[10,12],"northwestgeorgianews.com":[1,12,7],"northwestms.edu":[12],"northwestpharmacy.com":[9],"northwestregisteredagent.com":[1],"northwestsavingsbank.com":[1,2],"northwood.edu":[12],"northyorks.gov.uk":[1,12],"nortic.se":[1],"norton.com":[1],"nortonhealthcare.com":[1,12,4],"nortonhealthcare.org":[1,4],"nortonrosefulbright.com":[1,12],"nortonshoppingguarantee.com":[1],"norwaysavings.bank":[1,2],"norwegian.com":[1,11],"norwegian.no":[1,11],"norwegianreward.com":[12],"norwex.biz":[1,9],"norwexbiz.com.au":[1,9],"norwich.edu":[12],"norwich.gov.uk":[1,12],"norwood.com":[1,9],"nos-bel-idees.fr":[1,12],"nos-offres-promotionnelles.fr":[1],"nos.pt":[1],"nosalty.hu":[1,3],"noscopeglasses.com":[1,9],"nosdevoirs.fr":[1,12],"nose.fr":[1,9],"nosgoth.com":[3,10],"noshirt.nl":[1,9],"nosis.com":[1],"nosorigines.qc.ca":[1,12],"nospa.de":[1,2]}