{"ascwarranty.com":[1],"asd20.org":[12],"asda-entertainment.co.uk":[9],"asda-photo.co.uk":[1,9],"asda.co.uk":[1,9],"asda.com":[1,9],"asda.jobs":[1],"asdanet.org":[1],"asdapriceguarantee.co.uk":[1,9],"asdastars.com":[12],"asdealernet.com":[1],"asdeporte.com":[12],"asdfiles.com":[1,5,10],"asdiscount.com":[9],"asdk12.org":[1,12],"ase-profittrack.com":[1,12],"ase.com":[1,12],"ase.ro":[12],"aseaglobal.com":[1,12,4],"aseasmartwallet.com":[1],"asebaforms.org":[1,12],"asebp.ab.ca":[1,12],"asecrm.com":[12],"asedo.se":[1,9],"asee.org":[12],"asellertool3.com":[12],"asenseofhumordriving.com":[1],"asep.com":[1,12],"asep.gr":[12],"asepeyo.es":[1,12,4],"aserv.co.za":[12],"asesp.com.uy":[12],"asexualitic.com":[1,12],"asexuality.org":[1,12],"asexyservice.com":[12],"asf.fr":[12],"asfe-expat.com":[1],"asfile.com":[12],"asfinag.at":[1,12],"asfored.org":[1,12],"asfyn.dk":[1],"asg.com.au":[1,12],"asg.org":[1,12],"asgardia.space":[12],"asge.org":[1,12],"asghub.com":[1],"asha.org":[1,12],"ashadegreener.co.uk":[1,9],"ashampoo.com":[1],"ashampoo.de":[1,5],"ashanjay.com":[1,12,5],"ashbrokerage.com":[1,2],"ashcity.com":[1,9],"ashdonfarmsnute.com":[12],"ashedesign.com":[1],"ashemaletube.com":[12,3],"asheronscall.com":[1,12],"ashesofcreation.com":[1,12,3],"ashford.com":[1,9],"ashford.edu":[12],"ashiyane.org":[1,12,5],"ashl.ca":[3],"ashland.edu":[12],"ashleydirect.com":[1],"ashleyfurniture.com":[1,9],"ashleyfurniturehomestore.com":[9],"ashleyjewels.com":[1,9],"ashleymadison.co.kr":[10],"ashleymadison.com":[10],"ashleyrnadison.com":[10],"ashleystewart.com":[9],"ashlink.com":[1],"ashop.in":[1],"ashop.me":[9],"ashp.org":[1,12],"ashrae.org":[1,12],"ashran.com":[12],"ashridge.org.uk":[1,12],"ashridgetrees.co.uk":[1,12,9],"ashro.com":[9],"ashshop.biz":[1,12],"ashtondrake.com":[9],"ashworthcollege.edu":[12],"asia-fashion-wholesale.com":[9],"asia-team.net":[3],"asiabriefing.com":[1,12],"asiacell.com":[1],"asiadatematch.com":[1],"asiaeurodate.com":[1],"asiafriendfinder.com":[10],"asiainspection.com":[1,12],"asiakastieto.fi":[1],"asiamarche.fr":[3],"asiame.com":[1],"asiamiles.com":[1],"asiamoviepass.com":[12,3],"asianbeauties.com":[10],"asianbeautydating.com":[1,12],"asianbeautyonline.com":[1]}