{"foolwealth.com":[1,2],"fooman.co.nz":[1,5],"foopets.com":[12],"fooplugins.com":[3],"foot.fr":[9,3],"footaction.com":[9],"footactioncareers.com":[1,6],"footandankle-usa.com":[1,12,4],"footasylum.com":[9],"football-champions.com":[1,3],"football365.com":[3,3],"footballdatabase.eu":[3,3],"footballdiehards.com":[3,3],"footballeticket.ir":[1],"footballfanatics.com":[12],"footballguys.com":[1,3,3],"footballia.net":[3],"footballidiot.com":[3,3],"footballindex.co.uk":[1,2],"footballoutsiders.com":[3,3],"footballpools.com":[1,3],"footballsquaresonline.com":[1],"footballsuperstars.com":[3,3,3],"footcenter.fr":[9,3],"footdistrict.com":[1,9],"footeo.com":[1,3],"footfetishtube.com":[12],"footholdtechnology.com":[1,12],"footito.fr":[1,12,3],"footjoy.com":[9],"footkorner.com":[9],"footlocker.be":[9],"footlocker.ca":[9],"footlocker.co.uk":[9],"footlocker.com":[12],"footlocker.com.au":[9],"footlocker.de":[9],"footlocker.es":[9],"footlocker.eu":[1],"footlocker.fr":[9,3],"footlocker.it":[9],"footlocker.nl":[9,3],"footlockerscholarathletes.com":[12],"footmanager.net":[1,3,3],"footnote.com":[1,12],"footpatrol.co.uk":[9],"footpatrol.com":[9],"footshopping.com":[9],"footsmart.com":[9],"footstar.org":[3,3,3],"footway.se":[9],"footwearetc.com":[9],"footyaddicts.com":[1,3],"footymad.net":[1,12,3],"footyreport.net":[1],"footyroom.com":[3,3],"footytips.com.au":[3],"footytube.com":[3],"foozkids.com":[1,12],"for-biz.com":[1,12,5],"for-deciders.de":[1,12,5],"for-ever.com":[1],"for-me-online.de":[1,12],"for9a.com":[1,12],"fora.pl":[1,10],"fora.se":[1],"fora.tv":[1],"fora.ua":[1,12,9],"forabodiesonly.com":[3,10],"foragentsonly.com":[1],"forasna.com":[1,6],"forbes.com":[1,2,7],"forbesjapan.com":[1,2,7],"forbestravelguide.com":[1,11],"forbiddenplanet.co.uk":[3,9],"forbiddenplanet.com":[3,9],"force-download.com":[12],"force-download.es":[3],"force-download.net":[3,12,5],"force-glass.com":[1,12],"force-project.net":[12],"force.com":[1],"force10networks.com":[1,5],"force4.co.uk":[9],"forcechange.com":[12],"forcecop.com":[1],"forcefactor.me":[1],"forcefield.me":[1,12],"forcemajeure.com":[1,12],"forcemanager.net":[1],"forcenet.gov.au":[1,12],"forcepoint.com":[1,5],"forcepoint.net":[1,5],"forces-war-records.co.uk":[1,12],"forcesreunited.co.uk":[1,12],"forcesreunited.org.uk":[1,12],"forcetherapeutics.com":[1],"forceultranature.com":[1,9],"forclass.com":[1,12]}