{"joomag.com":[1],"joomboss.com":[1,5],"joomcore.com":[1,5],"joomdonation.com":[12],"joomeo.com":[1,10],"joomforest.com":[1,5],"joomfreak.com":[1,5],"joomil.ch":[1,9],"joomjunk.co.uk":[1,5],"joomla-monster.com":[1,5],"joomla.com":[1,5],"joomla.fr":[1,5],"joomla.it":[1,5],"joomla.org":[1,5],"joomla51.com":[1,5],"joomlabamboo.com":[1,5],"joomlack.fr":[1,5],"joomlacode.org":[1,5],"joomlacontenteditor.net":[1,5],"joomlaforum.ru":[1,5],"joomlafree.it":[1,5],"joomlage.com":[1,5],"joomlahost.it":[1,5],"joomlaman.com":[1,5],"joomlaplates.com":[1,5],"joomlapolis.com":[1,5],"joomlaportal.de":[1,5],"joomlart.com":[1,5],"joomlarulez.com":[1,5],"joomlaserviceprovider.com":[1,5],"joomlashack.com":[1,5],"joomlashare.ir":[1,5],"joomlashine.com":[1,5],"joomlashowroom.com":[1,5],"joomlathat.com":[1,5],"joomlatools.com":[1,5],"joomlaux.com":[1,5],"joomlavi.com":[1,5],"joomlaworks.net":[1,5],"joomlaxtc.com":[1,5],"joomlic.com":[1,5],"joomplace.com":[1,5],"joomprod.com":[1,5],"joomshaper.com":[1],"joomultra.com":[1,5],"joomunited.com":[1,5],"joopz.com":[1],"jooraccess.com":[1],"joost.com":[12],"jooto.com":[1,5],"joox.com":[3],"jopwell.com":[1,6],"jora.com":[1,6],"joralocal.com.au":[1,6],"jordan-cu.org":[1,2],"jordancarver.com":[12,3,3],"jordans.com":[1,9],"jordansmenu.com":[12],"jordansmenu.net":[1],"jorisco.be":[1,12,9],"jorsindo.com":[1,12],"jorte.net":[12],"jortt.nl":[1],"jorudan.co.jp":[1,12],"josbank.com":[1,9],"josbankformal.com":[1],"josefstadt.org":[1,12,3],"josephine.com":[1,3],"josephjoseph.com":[1,9],"josephphelps.com":[12,1],"josephprince.com":[1,3,9],"josephprince.org":[1,12,12],"josephturner.co.uk":[9],"joshgroban.com":[1,12],"joshinweb.jp":[9],"joshsfrogs.com":[9],"josiemarancosmetics.com":[9],"jospt.org":[12],"jossandmain.co.uk":[12],"jossandmain.com":[9],"jossandmain.fr":[9],"jostens.com":[1,12,9],"jostle.us":[12],"jotex.se":[1,9],"jotform.com":[1],"jotformeu.com":[1],"jott.com":[1],"jottacloud.com":[1,5],"joueclub.fr":[9],"joueclubdrive.fr":[12,9],"jouerauxechecs.fr":[12],"joueravec.com":[12],"jouercosmetics.com":[1,9],"joueurdugrenier.fr":[3],"joueurs-info-service.fr":[1,12,3],"jouez-avec-eleclerc.fr":[12],"jouezavecpresident.fr":[1],"joules.com":[9],"joulesusa.com":[9]}