{"maturesforfuck.com":[10],"maturesinglesonly.com":[10],"maturetimes.co.uk":[1,12,7],"matweb.com":[1,12],"maty.com":[9],"mau.com":[1],"mauiarts.org":[1,12,3],"mauijim.com":[1,9],"mauimastermind.com":[1,12],"maukerja.my":[1,6],"mauldineconomics.com":[1,2,12],"maultalk.com":[1,5,10],"maureentaylor.com":[1,12,3],"maurer-it.com":[1],"maurice.net":[1,12],"maurices.com":[9],"mauriciomacri.com.ar":[1,12],"mauritiustelecom.com":[1,5],"mautic.com":[1],"mautic.net":[5],"mautic.org":[1],"mav-start.hu":[1,12],"maven.co":[1,12],"mavenclinic.com":[1,12,4],"mavendrive.com":[12],"mavenhosting.com":[1,5],"mavenlink.com":[1],"maventus.com":[1],"maverickcheats.eu":[12],"mavericklabel.com":[1],"maverik.com":[1,9],"mavi.com":[9],"mavic.com":[1,9],"mavicpilots.com":[1,10],"mavieencouleurs.fr":[1,12],"maville.com":[3],"mavistire.com":[1],"mavro.org":[1],"mavrochain.io":[1,2,12],"mavsocial.com":[1],"maw.it":[1,6],"mawada.net":[10],"mawaly.com":[12,3],"mawaqif.ae":[1],"mawc.org":[1],"mawdoo3.com":[12,4],"mawebcenters.com":[1],"mawgif.com":[1],"mawhiba.org":[1,12],"max-connect.com.au":[1,12,6],"max-hardcore.com":[12,3],"max.gov":[1,12,5],"max.se":[1,3],"max2play.com":[1,5],"maxance.com":[1,2],"maxanet.com":[1,5],"maxback.com":[1,5,9],"maxbet.com":[12],"maxbet.ro":[1,3,3],"maxbhi.com":[9],"maxblue.de":[1,12],"maxbounty.com":[1,9],"maxbupa.com":[1],"maxbuttons.com":[1,5],"maxcast.com.br":[1,3],"maxcdn.com":[1,5],"maxchallenge.com.au":[1,12],"maxcheaters.com":[12],"maxcntr.com":[12],"maxconsole.com":[3,3],"maxdelivery.com":[1,9],"maxdesk.com":[1],"maxdesk.us":[1],"maxdome-onboard.de":[1,3],"maxdome.at":[1,3],"maxdome.de":[3],"maxemail.com":[1],"maxenergy.at":[1],"maxfocus.com":[1],"maxforlive.com":[1,12,5],"maxfps.se":[3,9],"maxfunsports.com":[1,12,3],"maxfx.com":[2],"maxgalaxy.net":[12],"maxgaming.se":[3,9],"maxgetmore.com":[1],"maxgo.com":[1,5],"maxgodis.se":[9],"maxhealth.com":[12],"maxhealthcare.com":[1,12,4],"maxhire.net":[1],"maxi-mag.fr":[1,12,3],"maxi.ca":[12],"maxiaids.com":[1,9],"maxiburo.fr":[1,9],"maxicare.com.ph":[1,12],"maxicep.com":[5,7],"maxicheque.com":[1,9],"maxicoffee.com":[1,3,9]}