{"mydriveplus.com":[1],"mydriver.com":[1],"mydrivetime.com":[1],"mydroidworld.com":[5,10],"mydrportal.com":[12],"mydrycleaner.com":[1,12],"myds.me":[12],"mydso.com":[1,12],"mydtt.com":[1],"mydukkan.com":[9],"mydvag.com":[1],"mydvdxpress.net":[1,3],"mydwellworks.com":[12],"mydwoje.pl":[1],"mye-work.com":[1,12],"myeasypayfinance.com":[1],"myeasytrack.com":[12],"myeatclub.com":[1],"myebanking.net":[12],"myebill.com":[12],"myebook.com":[1,12],"myebookmaker.com":[1,12,9],"myecampus.com.au":[1,12],"myecgaccount.com":[1],"myechart.org":[1],"myeclassgcps.com":[12],"myeclassonline.com":[1,12],"myeclipsecn.com":[1,5],"myeclipseide.com":[1,5],"myeclub.dk":[12],"myecon.net":[1,2],"myecount.com":[12],"myecovermaker.com":[1],"myecp.com":[1,9],"myecsd.net":[12],"myedaccount.com":[12],"myeddebt.com":[12],"myeddebt.io":[1,12],"myedenred.be":[12],"myedenred.fi":[12],"myedenred.fr":[1],"myedenred.pl":[1],"myedenred.pt":[1],"myediary.com.au":[1,12],"myedmap.com":[1,12],"myedocumentsuite.com":[1,2],"myedu.com":[12],"myeducator.com":[1,12],"myeecu.org":[1,2],"myefaactweb.com":[1,12],"myeform3.net":[12],"myefox.es":[12],"myefox.fr":[9],"myefox.it":[9],"myefrei.fr":[12],"myeg.com.my":[1],"myegis.de":[12],"myegy.to":[3],"myehealth.ca":[1,12],"myelas.com":[12],"myelauwit.com":[1],"myelectrica.ro":[1],"myelectricnetwork.fr":[12],"myeliteclub.co":[12],"myelitehub.com":[1],"myeliteportal.com":[1,12],"myemail.com":[1,10,5],"myemailmentor.com":[1],"myemailplease.com":[1,5],"myembarq.com":[3,7],"myembroideries.com":[1,12,9],"myemma.com":[1],"myemoneypurse.com":[1,9],"myemule.biz":[12,3],"myencryptedemail.com":[12],"myendnoteweb.com":[1,5],"myenercare.ca":[1],"myenergy.com":[12],"myenglishonline.com.br":[1,12],"myenocta.com":[1,12],"myenroll.com":[12],"myentras.de":[12],"myentune.com":[1],"myenvera.com":[1],"myepack.co.uk":[9],"myepicure.com":[1],"myepisodes.com":[3],"myeqms.com":[12],"myequals.net":[12],"myequity.com":[1,2],"myer.com.au":[9],"myercentreshopping.com.au":[1,3,9],"myeres.com":[1],"myerone.com.au":[1,9],"myerp.com":[1],"myescreen.com":[1],"myesig.com":[1],"myesri.com":[12],"myetherwallet.com":[1,5]}