{"nlc.com.au":[1],"nlcafe.hu":[1,12,3],"nlcindia.com":[12],"nlclassifieds.com":[9],"nle.nl":[1,12],"nlesd.ca":[12],"nleurope.com":[1,12],"nli.org.il":[1,12],"nlis.com.au":[1,12],"nlmkt.com":[1],"nln.org":[12],"nlop.com":[3,3],"nlotto.co.kr":[12],"nlpi.edu.tw":[1,12],"nlstar.com":[1,12],"nltstudybible.com":[12,12],"nlxstreamer.info":[1,5],"nlyman.com":[1,9],"nlziet.nl":[1,12,3],"nm-secure.com":[1,12],"nm.org":[1,12,4],"nm.us":[12],"nma-fallout.com":[12,3],"nmatrix.co.za":[12],"nmb-t.com":[1,2],"nmbrs.nl":[1],"nmc-uk.org":[1,12],"nmc.edu":[12],"nmddb.com":[1],"nmdp.org":[1,12,4],"nme.com":[3],"nmefcu.org":[1,2],"nmemags.com":[1],"nmff.org":[1,12,4],"nmfn.com":[1,2],"nmfta.org":[1,12],"nmgco.com":[1],"nmh.org":[1,4],"nmhc.org":[1,12],"nmhs.net":[1,12],"nmi.com":[1],"nmit.ac.nz":[1,12],"nml.com":[12],"nmlottery.com":[1,12,3],"nmmedical.fr":[1,9],"nmmu.ac.za":[12],"nmnathletics.com":[12],"nmrdirect.com":[12],"nmsdc.org":[1,12],"nmsu.edu":[12],"nmt.edu":[1,12],"nmu.edu":[12],"nn.nl":[1],"nn.pe":[1,5],"nn.pl":[1],"nn.ru":[1,12,9],"nnanet.com":[12],"nnas.ca":[1,12],"nnchallenge.org.uk":[12],"nndirect.ro":[1,5],"nnerenmls.com":[12],"nngov.com":[1,12],"nnm-club.me":[3,12],"nnm-club.name":[3,12],"nnm-club.org":[12],"nnm-club.ru":[1,9],"nnm-list.ru":[3,5,3],"nnm.me":[12,3,7],"nnm.ru":[12,3,7],"nnmarkedsdata.dk":[1],"nnmclub.to":[3,12],"nnov.ru":[1,12],"nnsend.com":[1],"nntt.org":[12,3],"nnu.com":[12],"nnva.gov":[1,12],"no-ip.biz":[1,5],"no-ip.com":[1,5],"no-ip.info":[1,5],"no-ip.net":[1,5],"no-ip.org":[1,5],"no-log.org":[1,12,5],"no-minimum.com":[1],"no-shave.org":[1,12,4],"no.com":[12],"no1copperpot.com":[1,2],"no1lounges.com":[1],"noa-online.net":[1],"noaa.gov":[12],"noacsc.org":[12],"noahcoin.co":[12],"noahscatering.com":[1,9],"noandishaan.com":[1,12],"nobaproject.com":[1,12],"nobelbiocare.com":[1,12],"nobelcom.com":[1],"nobelium.xyz":[12],"nobexpartners.com":[1],"nobilia.de":[1,12,9]}