{"cabovisao.pt":[12],"cabq.gov":[1,12],"cabrain.net":[1],"cabreramedina.com":[1],"cabrillo.edu":[12],"cabriole-bebe.com":[9],"cabubble.co.uk":[1,11],"cac.gov.ng":[12],"cac.org":[1,12],"cacaoweb.org":[1,5],"cacareerzone.org":[1,12,6],"cacaushow.com.br":[1],"cacert.org":[1,12,5],"cache-cache.fr":[9],"cache.com":[12],"cachecreek.com":[1],"cachefly.com":[1],"cachemireland.com":[9],"caci.co.uk":[1],"caci.com":[1,12],"cackle.me":[1,5],"caclubindia.com":[1,12],"cacomptepourmoi.fr":[1],"cacoo.com":[1,5],"cacourseprovider.com":[12],"cacti.net":[1,12,5],"cactusglobal.com":[1,12],"cactusthemes.com":[1,5],"cactusvpn.com":[1,5,12],"cacu.com":[1,2],"cacuonlinebanking.com":[1,12],"cad-data.com":[1,5],"cad.de":[1,12],"cad3d.it":[1,3,10],"cadacabeza.com":[1,12],"cadafe.com.ve":[12],"cadbull.com":[1],"cadbury.co.uk":[1],"cadburygiftsdirect.co.uk":[1,9],"caddetails.com":[1,12],"caddle.ca":[1,9],"caddyphoto.com":[1,3,9],"cadeau-maestro.com":[1,9],"cadeaux-poker.com":[3,3],"cadeaux-prolians.com":[3,9],"cadeauxbebe.com":[9],"cadeauxfolies.fr":[1,9],"cadenaser.com":[12,7,3],"cadence.com":[1,12,5],"cadencebank.com":[1,2],"cadencewatch.com":[1,9],"cadernis.fr":[1,5,10],"cadernonacional.com.br":[1,12,5],"cadetdirect.com":[9],"cadetnet.gov.au":[1,12],"cadforum.cz":[1,12,5],"cadillac.com":[1,12],"cadillacdealershipsurvey.com":[1],"cadillacforums.com":[1,12],"cadit.com":[1],"cadl.org":[1,12],"cadlearning.com":[1,12],"cadmapper.com":[1,12,11],"cadmus.com":[1,12],"cadoganhall.com":[1,3],"cadooz.com":[1],"cadostore.com":[1,9],"cadovillage.com":[3],"cadrebible.com":[1],"cadremploi.fr":[1,6],"cadreo.com":[1,6],"cadresonline.com":[1,6],"cadtutor.net":[1,12,5],"caducee.net":[1,12,4],"cadworxlive.com":[1],"cadxp.com":[12,5,10],"cadystudios.com":[1,12,3],"cae.com":[1],"caec.com":[1,12],"caedufjf.net":[1,12],"caendra.com":[1],"caenlamer.fr":[1,12],"caeparcaviation.com":[1,12],"caesars.com":[1,3,11],"caesarsbingo.com":[3,3],"caesarscasino.co.uk":[3],"caesarscasino.com":[3],"caesarsgames.com":[3,3],"caesarstotalreturn.com":[1],"caesartour.it":[1,11],"caf.fr":[1,12],"cafago.com":[9],"cafam.com.co":[1,12],"cafat.nc":[1,12],"cafbank.org":[1],"cafcisl.it":[1,12],"cafcu.org":[1,2],"cafe-en-grain.com":[1,3,9],"cafe-privilege.com":[3,3,9]}