{"practicepanther.com":[1],"practicesuite.com":[1],"practiceupdate.com":[1,12,4],"practiscore.com":[1],"practitest.com":[1,12,5],"practo.com":[1,12,4],"pracuj.pl":[1,6],"prad.de":[1,3,9],"pradel-france.com":[9],"pradoepargne.com":[1,2],"pradopoint.com":[10],"praeco.com":[1,10],"praedo.com":[1,12],"praeferentia.com":[1,9],"praemienshop.ch":[12],"praemium.biz":[1],"praesidiuminc.com":[1,12],"pragertopia.com":[1,12],"prageru.com":[12,3],"prageruniversity.com":[12],"pragmaticentrepreneurs.com":[1,12],"pragmaticmarketing.com":[1],"pragmaticstudio.com":[1,12],"pragmaticworks.com":[1,5],"pragprog.com":[1,12,5],"prague-airport-transfers.co.uk":[1,11],"praintl.com":[1,12],"prairiecat.info":[1,12],"prairiemoon.com":[1,12,9],"praisecharts.com":[1,12,3],"praktijkinfo.nl":[1,12],"praktiker.gr":[9],"praktiker.hu":[9],"praktikerwebshop.hu":[9],"praktikpladsen.dk":[1,12],"praktikum.info":[1,12],"praktikus.ch":[9],"pral.com.br":[1,12],"pralinenbote.de":[1,9],"pramp.com":[1,12],"prana.com":[9],"pranahaus.de":[1,9],"prankdial.com":[1,12],"prankowl.com":[1],"prapaquerar.com":[10],"pratiche.it":[1,12],"pratico-pratiques.com":[3],"pratique.fr":[1,12],"prato.it":[12],"pratt.edu":[12],"prattlibrary.org":[1,12],"prav.tv":[12],"pravanaconnect.com":[1,12],"pravda.sk":[12,3,7],"pravo.ru":[1,12],"prawo-jazdy-360.pl":[1,12,5],"prawojazdy.com.pl":[1,12],"praxair.com":[12],"praxedo.com":[1,5],"praxi.com":[1],"praxis.dk":[1,12],"praxis.nl":[1,9],"praxis42.com":[1,12],"praxischool.com":[12,3,11],"praxisdienst.de":[1,9],"praxispay.com":[1],"praxisprep.com":[12],"praymedia.net":[1,3],"prbc.com":[1,2],"prc-online.com":[1],"prcdirect.co.uk":[1,9],"pre.cz":[1,12,5],"preachingtoday.com":[1,12,3],"preapps.com":[12,10],"preceda.com.au":[12],"preceden.com":[1,12],"precentral.net":[12],"precept.org":[12,12],"preceptgroup.com":[1],"prechewedpolitics.co.uk":[12],"preciouscams.com":[12],"preciousmoments.com":[1,9],"precioustatus.com":[1,12],"preciscentral.com":[1,12],"precise-media.co.uk":[1,12],"precise.co.uk":[1],"precisefp.com":[1,12],"preciseleads.com":[1],"precisemortgages.co.uk":[1],"precisessl.com":[12],"precisionconference.com":[1,12],"precisioncookingclub.com":[3],"precisionmanuals.com":[1,9],"precisionmapper.com":[1,5],"precisionnutrition.com":[1,12,4],"precisionplanting.com":[1],"precisionreloading.com":[9,12],"precisionroller.com":[1,9],"precisionski.fr":[9]}