{"anno-union.com":[1,12,3],"anno1777.com":[1,12,3],"annonce-bdsm.com":[12],"annonce.cz":[9],"annonce123.com":[1,12,9],"annonceetudiant.com":[1,12],"annonceintime.com":[12,1],"annonces-medicales.com":[1,9],"annonces.com":[1,12,9],"annonces.nc":[1,12,9],"annoncesbateau.com":[1,9,12],"annoncesjaunes.fr":[1,8,9],"annoncextra.com":[1,9],"annotary.com":[1,12],"annotate.co":[1,12,5],"announcementconverters.com":[1,9],"annsummers.com":[12,9],"anntaylor.com":[9],"anntaylorloft.com":[9],"annthegran.com":[1,9],"annuaire-google.com":[1,12,5],"annuaire-therapeutes.com":[1,12],"annuaire.com":[1],"annualcreditreport.co.uk":[1,2],"annualcreditreport.com":[1,12],"annualreviews.org":[12],"annualtravelinsurance.com":[1,12,11],"annuityratewatch.com":[1],"annulet.com":[12],"annunci.net":[1,12,9],"annunci69.it":[12],"annura.com":[1,12,4],"anobii.com":[1,12,3],"anobo.de":[1,9],"anokaramsey.edu":[12],"anomor.com":[12],"anon-v.com":[12],"anonboards.com":[1,12,10],"anonib.com":[12],"anonimizing.com":[5,12],"anonine.com":[1,5,12],"anonvpn.io":[1,5],"anonymizer.com":[1,5,12],"anonymous-proxies.net":[1,5,12],"anonymouse.org":[12],"anonymousspeech.com":[1,5],"anonymousvpn.org":[1,5,12],"anonymox.net":[1,5,12],"anook.com":[1,12,3],"anoox.com":[1,12],"anorak.tech":[5],"anotepad.com":[1,12,5],"another71.com":[1,12],"anotherfriend.com":[10],"anousparis.fr":[1,12,3],"anova.com":[1,5,9],"anovaculinary.com":[1,3],"anpac.info":[12],"anpal.gov.it":[1,12],"anpdm.com":[12],"anpe.fr":[1,12],"anpere.fr":[1,12],"anpfiff.info":[1,12,3],"anphabe.com":[1],"anpost.ie":[1],"anquet.com":[1,12],"anritsu.com":[1,12],"anrodiszlec.hu":[1,9],"anrsvp.com":[1],"ans.gov.br":[1,12,4],"ans.org":[12],"ansarada.com":[1],"ansarbank.com":[1,12],"anscamobile.com":[12],"anschreiben.com":[1,12],"anschreiben2go.de":[1,12,3],"ansgear.com":[9,12],"ansi.org":[1,12],"ansible.com":[1,5],"ansktracker.net":[12,3],"ansr.pt":[1,12],"answear.com":[9],"answear.ro":[9],"answerbag.com":[7,12,3],"answerbase.com":[1],"answerconnect.com":[1],"answerfinancial.com":[1,2],"answergarden.ch":[1,12],"answerpoints.co.uk":[1,12,9],"answers.com":[1,12],"answersingenesis.org":[1,12,12],"answerwrite.com":[12],"ansys.com":[1],"ant.com":[12],"antagene.com":[12],"antagning.se":[12],"antagonist.nl":[1,5],"antagus.de":[12],"antal.com":[1,12]}