{"bebegavroche.com":[9],"bebesetmamans.com":[12,7],"bebessearch.com":[3],"bebestore.com.br":[9],"bebetterhealth.net":[1],"bebevallee.com":[1,12,9],"bebio.pl":[1,12,3],"bebitus.com":[1,9],"bebitus.fr":[9],"bebivita.de":[12],"bebloom.com":[1,9],"bebo.com":[12],"beboo.ru":[12,1,3],"bec.dk":[1],"becajunaebsodexo.cl":[1,12],"becap.ma":[1,12],"becasbicentenario.gov.ar":[1,12],"becaslacaixa.org":[1,12],"becasycreditos.cl":[12],"becaticketjunaeb.cl":[1,12],"becextech.co.nz":[1,9],"becextech.com.au":[1,9],"becharge.be":[1,5,9],"becharge.fr":[1],"becharming.com":[9],"bechtel.com":[1],"bechtle-jobs.com":[1,12,6],"bechtle.com":[1],"beci.org":[1],"beck-online.de":[1,12],"beck-shop.de":[1,12,9],"beck.de":[12],"becker.com":[1,12],"becker.edu":[12],"beckermappilot.com":[1,12,9],"beckett.com":[9,3],"beckhoff.com":[5],"beckmancoulter.com":[10],"becks.ro":[1],"beckuhgen4all.com":[1,12],"becomeabettertrader.com":[1,2],"becomeanex.org":[12,1,12],"becomeasuperlearner.com":[1,12],"becomingminimalist.com":[7,1,12],"becomingthenatural.com":[1,12],"becompta.be":[1,12,5],"becoquin.com":[10],"becoquin.fr":[10],"becquet.fr":[1,9],"becruiter.net":[1],"becto.net":[1,5,10],"bectu.org.uk":[1,12],"becu.com":[1,2],"becu.org":[1,2],"becuhomeloans.org":[1,2],"becuonlinebanking.org":[1,2],"becurewards.com":[12],"bed-and-breakfast.it":[1,12],"bedandbreakfast.com":[1,11],"bedandbreakfast.eu":[11],"bedandbreakfast.nl":[11],"bedava-sitem.com":[1],"bedbath.com":[12],"bedbathandbeyond.ca":[9],"bedbathandbeyond.com":[9],"bedbathntable.com.au":[9],"beddinginn.com":[9],"beddit.com":[1,12],"bedelias.edu.uy":[1,12],"bedetheque.com":[1,12,3],"bedford.gov.uk":[1,12],"bedfordstmartins.com":[12],"bedienungsanleitung24.de":[1,12],"bedinabox.com":[1,9],"bediscreet.com":[10],"bedloft.com":[1],"bedogsavvy.com":[12],"bedrijfscultureelabonnement.nl":[1,12],"bedrocan.ca":[1],"bedrockdata.com":[1,5],"bedrocklearning.org":[12],"beds.ac.uk":[12],"beds.co.uk":[9],"beds24.com":[1],"bedsonline.com":[1],"bedwettingclinics.com":[1,5],"bedycasa.com":[1,11],"beebole-apps.com":[12],"beechcraft.com":[1,12,9],"beechtalk.com":[1,12],"beeconomic.com.ph":[1,9],"beecrazy.hk":[1],"beefeatergrillrewardclub.co.uk":[1],"beefeatergrillrewardclub.mobi":[1],"beefensteak.nl":[1,3,9],"beefree.io":[1,5],"beeg.com":[12],"beehive.org":[1,2],"beehivegiving.org":[1,12]}