{"expasy.org":[1,12],"expat-blog.com":[1,12],"expat-dakar.com":[1,9],"expat.com":[1,12],"expatexchange.com":[1,12],"expatforum.com":[1,12],"expatica.com":[12],"expatrentals.eu":[1,8,11],"expatriates.com":[1,12,9],"expe.fr":[9],"expecn.com":[11],"expectra.fr":[1,6],"expedia-aarp.com":[11],"expedia.at":[11],"expedia.be":[11],"expedia.biz":[11],"expedia.ca":[11],"expedia.ch":[11],"expedia.co.in":[11],"expedia.co.jp":[11],"expedia.co.kr":[11],"expedia.co.nz":[11],"expedia.co.th":[11],"expedia.co.uk":[11],"expedia.com":[11],"expedia.com.ar":[11],"expedia.com.au":[11],"expedia.com.br":[11],"expedia.com.hk":[12,11],"expedia.com.my":[11],"expedia.com.ph":[11],"expedia.com.sg":[11],"expedia.com.tw":[11],"expedia.de":[12,11],"expedia.dk":[11],"expedia.es":[11],"expedia.fr":[11],"expedia.ie":[11],"expedia.it":[11],"expedia.mx":[11],"expedia.nl":[11],"expedia.no":[11],"expedia.se":[11],"expediacustomer.com":[11],"expediafortd.com":[1,2,9],"expediapartnercentral.com":[1],"expedient.com":[1],"expeditelectronics.com":[7,9],"expeditersonline.com":[1],"expeditionforum.com":[10],"expeditionportal.com":[1,3,9],"expeditions.com":[1,12,11],"expeditors.com":[1],"expekt.com":[1,3],"expenli.com":[1,12,4],"expensable.com":[1],"expensecloud.com":[1],"expensepoint.com":[1],"expensewatch.com":[1],"expensewire.com":[1],"expensify.com":[1],"expensya.com":[1],"experatoo.com":[1,12],"experd.com":[1,12],"experian.co.uk":[1,2],"experian.com":[1,2],"experiandatasecure.com":[1],"experiandirect.com":[1,2],"experianidentityservice.co.uk":[12],"experianidworks.com":[1,2],"experience.com":[6],"experiencemore.co.uk":[1],"experienceoz.com.au":[1,11],"experiencepoint.com":[1,12],"experienceproject.com":[1,12],"experiencethis.com.au":[1,9],"experient-inc.com":[1],"experientevent.com":[12],"experiment.com":[12],"experimetrix2.com":[1,12],"experioronline.com":[1,12],"experis.ch":[1,6],"experis.co.uk":[1,6],"experis.com":[1,12],"experis.it":[1,12],"experis.no":[1,12],"experis.se":[1,6],"expert-security.de":[1,9],"expert-technomarkt.de":[1,9],"expert.de":[9],"expert.fi":[9],"expert.nl":[9],"expert.no":[9],"expert24.com":[12],"expert360.com":[1],"expertagent.co.uk":[1],"expertconnect.net":[1],"expertconsultbook.com":[12],"experteer.at":[1]}