{"crazzy.com":[1],"crazzy.com.br":[1],"crazzy.org":[1],"crbauto.com":[1],"crbonline.gov.uk":[12],"crbs.info":[1],"crchealth.com":[1,12,4],"crcnetbase.com":[1,12],"crcpress.com":[1,12],"crcsecure.com":[1],"crcsp.org.br":[1,12],"crcu.org":[1,2],"crcuonline.org":[1,2],"crdp-versailles.fr":[12],"crea-mg.org.br":[1,12],"crea-pr.org.br":[1],"crea-rj.org.br":[1,12],"crea-rs.org.br:8080":[12],"crea-sc.org.br":[1,12],"creadhesif.com":[1,9],"creadipiu.com":[12,3,3],"creads.fr":[1],"creadunet.com":[1,12],"creaforo.net":[1,12,10],"creagames.com":[3],"creaim.nl":[1],"creaimidsp.nl":[12],"creakyjoints.org":[12,4],"crealogix.com":[1],"creamsupplies.co.uk":[12,1,9],"creancenet.fr":[12],"creances-publiques.fr":[12],"creapolisgame.com":[1,12,3],"crearlogogratisonline.com":[1],"creasp.org.br":[1,12],"creatable.co":[1],"creatavist.com":[1],"create.net":[1],"createaforum.com":[1,12,10],"createandcraft.com":[9],"createandcraft.tv":[1,9],"createawesomeonlinecourses.com":[1,12],"createforless.com":[9],"createinkbox.com":[1],"creately.com":[1,12,5],"createmycookbook.com":[1,9],"createmyfreeapp.com":[1],"createmytattoo.com":[1,3],"createphotocalendars.com":[1,9],"createsend.com":[1,5],"createspace.com":[1],"createssh.com":[1,5,12],"creatests.com":[1,12],"createyourowncareer.com":[1,12],"createyourpassiveincome.com":[1],"creatingforum.com":[1,12],"creation-entreprise-gratuit.com":[1],"creation-l.de":[9],"creation.co.uk":[1,2],"creation.com":[1,12,9],"creationent.com":[1,12,3],"creationkit.com":[12],"creationl.com":[9],"creationsrewards.net":[1,9],"creationstands.com":[1],"creationswap.com":[1,12],"creatis.fr":[1],"creativ-discount.de":[9],"creative-commission.com":[1,12],"creative-fun.net":[1],"creative-solutions.net":[1,5],"creative-tim.com":[1,5,9],"creative.com":[12,9,11],"creativeactivation.com.au":[1],"creativeactivationjunction.com.au":[1],"creativeallies.com":[1,12],"creativeappliques.com":[9],"creativebloq.com":[1],"creativebug.com":[1,12,9],"creativecircle.com":[1,12],"creativecirclemedia.com":[1],"creativecloud.com":[1],"creativecommons.org":[1,12],"creativecommunications.com":[1,3,9],"creativecoop.com":[9],"creativecopias.com.br":[9],"creativecow.net":[12],"creativecrash.com":[1,3,5],"creativedojo.net":[1,12,5],"creativeedge.com":[1,12],"creativefabrica.com":[1,9],"creativegroup.com":[1,6],"creativegroupinc.com":[1],"creativeheads.net":[1,3],"creativehotlist.com":[1],"creativeitem.com":[1,5],"creativelive.com":[1,12],"creativemarket.com":[1,9],"creativememories.com":[1,9]}