{"bitbuzz.net":[1],"bitcambio.com.br":[1,2],"bitcaptcher.com":[1,12,5],"bitcard.org":[1],"bitcasa.com":[1],"bitcash.jp":[1],"bitcasino.io":[3,3],"bitcats.club":[1],"bitchair.biz":[12],"bitchmedia.org":[1,12,3],"bitchute.com":[12,3,7],"bitcity.biz":[12],"bitclave.com":[1],"bitclubnetwork.com":[1],"bitco.world":[1,12],"bitcoclix.com":[1,2],"bitcofarm.com":[1],"bitcoin-24.com":[12,1,3],"bitcoin-central.net":[1,2],"bitcoin-india.org":[1,2],"bitcoin-kran.net":[2],"bitcoin-kran.org":[2],"bitcoin.co.id":[1,2],"bitcoin.co.th":[2],"bitcoin.com":[1,2],"bitcoin.cz":[2],"bitcoin.de":[2],"bitcoin.it":[1,2,12],"bitcoin.org":[1,2,12],"bitcoin.pl":[1,2,12],"bitcoin.tax":[2],"bitcoin2048.com":[12],"bitcoin4u.biz":[1,2],"bitcoinaverage.com":[1,2,5],"bitcoinblackhat.com":[2,10],"bitcoinblizzard.com":[12],"bitcoinbow.com":[1,2,12],"bitcoinbuilder.com":[1,2],"bitcoincasino.us":[3,3],"bitcoinclix.com":[1,2],"bitcoincloudmining.center":[1,2,12],"bitcoinfaucet.fun":[1,2],"bitcoinfire.net":[12],"bitcoinfo.ru":[1,12,5],"bitcoinforum.com":[1,2,12],"bitcoinfundi.com":[2],"bitcoinfundingteam.com":[1,12],"bitcoingarden.org":[1,2,12],"bitcoininsanity.com":[12],"bitcoininvestclub.com":[12],"bitcoinitup.com":[2],"bitcoinking.org":[1,2],"bitcoinmais.com":[1,2],"bitcoinmillions.co":[1,2],"bitcoinofamerica.org":[1,2,9],"bitcoinour.com":[12],"bitcoinpay.com":[1,2],"bitcoinpenguin.com":[3,3],"bitcoinplus.com":[1],"bitcoinromania.ro":[2],"bitcoinrush.io":[3],"bitcoinsbrain.com":[1,2,5],"bitcoinslip.com":[2],"bitcoinsnorway.com":[1,9],"bitcoinspinner.io":[1,2],"bitcoinstep.com":[1,12],"bitcoinsurf.org":[1],"bitcoinswealthclub.com":[1,12],"bitcointalk.org":[12,10],"bitcointask.com":[1],"bitcointoyou.com":[1,5],"bitcointrade.com.br":[12],"bitcointube.net":[12],"bitcoinvest.de":[1,2],"bitcoinwallet.com":[1,2],"bitcoinwisdom.com":[2],"bitcoinworld.biz":[12],"bitcoinx.co.in":[12],"bitcoinxl.org":[12],"bitcoinzebra.com":[12],"bitcolesium.com":[1,2],"bitcomet.biz":[12],"bitcomet.com":[1,5,10],"bitcomine.net":[1],"bitcomo.com":[1],"bitcompound.io":[2],"bitconnect.co":[2],"bitconnect.com":[12],"bitconnectpool.co":[1,2],"bitconnectx.co":[1,12],"bitcool.de":[12],"bitcoremining.com":[12],"bitcoset.com":[1],"bitcosmos.biz":[12],"bitcostars.com":[1,5],"bitcurex.com":[12],"bitcy.biz":[1,2,12],"bitded.com":[3,5,10],"bitdefender.co.uk":[1,5]}