{"birchstreetsystems.com":[1],"birchworldwide.com":[1],"bird-office.com":[1,12],"birddoghr.com":[1],"birdeasepro.com":[1],"birdeye.com":[1],"birdflightapp.com":[1,12,5],"birdfood.co.uk":[1,9],"birdforum.net":[1,12,3],"birdguides.com":[1,12,3],"birdiebug.com":[1],"birdlife.org.au":[1,12],"birdsandblooms.com":[1,12],"birdsbit.com":[1,12],"birdscards.com":[1,3,9],"birdsdessines.fr":[12,3],"birdseye.com":[1,3],"birdsnest.com.au":[9],"birdsnow.com":[12],"birebin.com":[3,3],"birkenstock-france.com":[9],"birkenstock.com":[9],"birkenstockexpress.com":[9],"birkenstockusa.com":[9],"birlasunlife.com":[1,12],"birmingham-rep.co.uk":[1,12,3],"birmingham.ac.uk":[12],"birmingham.gov.uk":[1,12],"birminghamairport.co.uk":[11],"birminghamhippodrome.com":[1,3],"birminghamhistory.co.uk":[1,12,10],"biron.ca":[1,12],"biroto.eu":[1,12],"birp.fm":[3,3],"birramia.it":[12,9],"birst.com":[1],"birthday-reminders.com":[1,9],"birthday.se":[1,3],"birthdayalarm.com":[1,12,3],"birthdaydirect.com":[1,3,9],"birthdayexpress.com":[1,3,9],"birthdayfreebies.com":[1],"birthrightisrael.com":[12,12,11],"birzeit.edu":[12],"bis-electric.com":[1,9],"bis.gov.uk":[1,12],"bis.tv":[12],"bisa.com":[1],"bisaboard.de":[12],"bisbog.com":[1,3],"biscuiteers.com":[1,9],"bisecthosting.com":[1,5],"bisexualplayground.com":[12],"bisk.com":[12],"biska.com":[3,3],"bisly.co":[1,9],"bismanonline.com":[1,9],"bismarcktribune.com":[1,12,7],"bisnode.com":[1],"bisnow.com":[8],"bisque.com":[1],"bissell.com":[1,9],"bisselldirect.co.uk":[9],"bissettmags.com.au":[12],"bistnet.ir":[1,12,5],"bistrainer.com":[1,5],"bistro.sk":[1,3],"bistromd.com":[1,4],"bistudio.com":[1,12],"bit-hdtv.com":[12],"bit-invest.com":[1,2],"bit-lite.com":[12],"bit-miner.com":[1,2],"bit-tech.net":[5,7],"bit-x.com":[2],"bit-z.com":[1],"bit.ac":[1,5],"bit.do":[1,5],"bit.ly":[12,5],"bit24hrs.net":[5],"bit2c.co.il":[2],"bit2me.com":[1,2],"bit2visitor.com":[1,2],"bitaccess.co":[1,2],"bitacoras.com":[1,12],"bitainetwork.com":[1,2],"bitair.io":[1],"bitalo.com":[1,2],"bitbackoffice.com":[12],"bitballoon.com":[1,5],"bitbank.cc":[1,2,5],"bitbanktrade.jp":[1],"bitbargain.co.uk":[12],"bitbase.io":[1,2],"bitbay.net":[1,2],"bitbillions.com":[1],"bitbin.it":[5],"bitbond.com":[1,2],"bitbucket.com":[1,5]}