{"academyofadvertising.com":[1,12],"academyofpeerservices.org":[1,12],"academypoker.ru":[1,12,3],"academysoccercoach.co.uk":[1,12],"acadewie.com":[1,12],"acadezik.com":[1,12],"acadia-info.com":[1,5,9],"acadiahealthcare.com":[1,12,4],"acadiau.ca":[12],"acadie.com":[1],"acadomia.fr":[1,12],"acadomia365.fr":[12],"acadoodle.com":[1,12],"acadox.com":[1,12],"acaexpress.com":[1],"acafe.org.br":[12],"acainternational.org":[1,12],"acaloriecounter.com":[1,12,3],"acamica.com":[12],"acapela-box.com":[12],"acapela-group.com":[1,12],"acapellas.eu":[1,12,3],"acapellas4u.co.uk":[1,12],"acas.org.uk":[1,12],"acasadasbrasileirinhas.com.br":[12,3],"acasadasquestoes.com.br":[1,12],"acasadoconcurseiro.com.br":[1,12],"acaweb.org":[1,12],"acb.com":[3,3],"acb.com.vn":[1,2],"acbincentives.com":[12],"acbl.org":[1,12],"acbonline.com.vn":[12],"acbpromotions.com":[12],"acc.co.nz":[1],"acc.com":[1,12],"acc.org":[1,12,4],"acca.it":[1,5],"acca.org":[1,12],"accademiadomani.it":[1,12],"accaglobal.com":[2,12],"accarda.com":[1],"accasoftware.com":[1,5],"accastillage-diffusion.com":[9],"accdistribution.net":[1],"accedo.tv":[1],"accela.com":[1],"acceleratedprotection.com.au":[1,12],"acceleratelearning.com":[12],"accelerh.fr":[1,12,5],"accelitec.com":[1],"accelo.com":[1],"accelpayonline.com":[12],"accelus.com":[1,2],"accelwms.in":[1],"accengage.com":[1],"accentdecor.com":[1,9],"accentjobs.be":[1,6],"accentry.com":[12],"accenture.com":[1],"accenturealumni.com":[1,12,5],"accenturefederal.com":[1,12],"acceptanceinsurance.com":[1],"acceptancenow.com":[1,9],"acceptancesolutionsgroup.net":[1],"acces-clients.com":[1],"accescite.net":[1],"accespharma.ca":[1,9],"access-k12.org":[1,12],"access-moto.com":[9],"access-online.com":[12],"access-online.com.au":[12],"access-programmers.co.uk":[1,12,5],"access-templates.com":[1,5],"access.com":[1],"access.de":[1,6],"access.network":[12],"accessacloud.com":[1],"accessacs.com":[1,12],"accessadrian.com":[12],"accessallstate.com":[1],"accessatlanta.com":[1,3],"accessaudi.com":[1],"accessbanking.com.ar":[12],"accessbankplc.com":[12],"accessbenecaid.com":[1],"accesscatalog.com":[1],"accessconsciousness.com":[1,12],"accesscorrections.com":[1,12],"accesscounselinginc.org":[1,12],"accessdevelopment.com":[1],"accessdomain.com":[1,5],"accessecr.com":[1,12],"accessengineeringlibrary.com":[1,12],"accessflood.com":[12],"accessforums.net":[10],"accessgroup.org":[1,12],"accesshealthct.com":[1,12],"accesshealthmychart.org":[12]}