{"sat-universe.com":[3,10],"sat-vb.com":[12],"sat.technology":[12],"sat1.de":[1,12,3],"sat1spiele.de":[1,12,3],"sat2way.com":[1,12,5],"sat3.net":[3,7,3],"sat4all.com":[12,5,10],"sat4fun.co.uk":[10],"sata.pt":[1,12],"satac.edu.au":[1,12],"sataski.com":[1],"satbeams.com":[1],"satboerse24.de":[1,9],"satdigitalne.cz":[12],"satechi.net":[9],"satellic.be":[1,12],"satellite-trader.com":[1,3],"satellitedeskworks.com":[1],"satelliteguys.us":[1,3],"satellitereign.com":[1,3],"satellites.co.uk":[1,12],"satinstalltraining.com":[1,5],"satis-expo.com":[1],"satisfactionservicesinc.com":[1,9],"satismeter.com":[1],"satispay.com":[10,3,11],"satisplus.eu":[1],"satking.de":[1,9],"satland.org":[10],"satmap-xpedition.com":[12],"satmap.com":[9],"satmetrix.com":[1],"satna.tv":[10],"satnavrepairservice.com":[1,9],"satofull.jp":[1,12,9],"satonline.ch":[1,9],"satoriapp.com":[1],"satorireader.com":[1,12],"satorisoftware.com":[1],"satoshi.fund":[1,2],"satoshi1bitcoin.com":[12],"satoshibox.com":[1],"satoshiclaim.com":[12],"satoshidice.com":[5],"satoshifast.com":[12],"satoshihero.com":[12],"satoshimines.com":[1],"satoshinow.com":[12],"satoshiptc.com":[12],"satoshiquick.com":[12],"satoshiquiz.com":[12,3],"satoshitango.com":[1,2],"satoshiwars.com":[3],"satpimps.co.uk":[10],"satpimps.com":[10],"satrixnow.co.za":[1,2],"satrixonline.co.za":[1],"satruck.org":[1,12,9],"sats.no":[1,12],"sats.se":[1,12,9],"satsat.info":[3],"satselixia.no":[1,12],"satshop.tv":[9],"satsis.info":[1,12,3],"satsuki.fr":[1,3,9],"satsumaloans.co.uk":[1,2],"satsupreme.com":[10],"sattvhelp.com":[10],"satu.kz":[1,9],"saturdaydownsouth.com":[3,7,3],"saturn.at":[12],"saturn.de":[1,9],"saturn.nl":[1],"saturn.pl":[1,9],"saturnfans.com":[1,12],"satvb-team.com":[10],"satvenus.com":[10],"satwcomic.com":[3],"satysfakcja.pl":[9],"sau.edu":[12],"sauce-piquante.fr":[1,3],"saucelabs.com":[1,5],"saucenao.com":[12],"saucey.com":[12,1],"saucony.com":[9],"saucydates.com":[10],"saucyorsweet.com":[12,9],"saude.gov.br":[1,12,4],"saudecuf.pt":[1,12,4],"saudeja.com.br":[1,9],"saudi.gov.sa":[12],"saudiairlines.com":[1,11],"saudieng.sa":[1,12],"saudienglish.net":[12],"saumag.edu":[12],"saunalahti.fi":[1,9],"saur.com":[1],"sauramps.com":[12,3,9]}