{"paddling.net":[9],"paddockspares.com":[9],"paddypallin.com.au":[9],"paddypower.co.uk":[3,3],"paddypower.com":[3,3],"paddypower.it":[3],"paddypower.mobi":[3,3],"padelclick.com":[1],"padelmania.com":[9],"padherder.com":[12,3],"padi.com":[3],"padiact.com":[1],"padlet.com":[1,12],"padlet.org":[12],"padlister.com":[1,8],"padlockincome.com":[1],"padmapper.com":[8],"padmin.com":[1],"padousa.com":[1,9],"padovawifi.it":[1,12],"padrepauloricardo.org":[12,12],"padrereginaldomanzotti.org.br":[1,12,12],"padrim.com.br":[1,12],"paducahpower.com":[1,12],"pae.com":[1,12],"paeducator.net":[1,12],"paesionline.it":[12,11],"paessler.com":[1,5],"paetep.com":[1,12],"paf.com":[12],"paf.es":[12],"pafnet.de":[5,7],"pafoa.org":[1,12,12],"paga1leva2.com.br":[9],"pagalguy.com":[1,12],"pagamastarde.com":[1],"pagamentodeportagens.pt":[12],"pagamentodigital.com.br":[1],"paganspace.net":[1,12,3],"pagar.me":[1],"pagarex.com":[1,2],"pagatelia.com":[1],"page-online.de":[1,12],"page.ca":[1],"page2images.com":[1],"pageaday.com":[1,12,3],"pagecloud.com":[1],"pageconcepts.com":[12],"pageculinaire.com.au":[1,12],"pagefair.com":[1,5],"pageflakes.com":[1],"pagekit.com":[1,5],"pagelime.com":[1,5],"pagelines.com":[1,5],"pagely.com":[1,5],"pageonce.com":[1,2],"pageonline.fr":[1],"pagepersonnel.ch":[1,6],"pagepersonnel.co.uk":[1,6],"pagepersonnel.com.au":[1,6],"pagepersonnel.com.br":[1,6],"pagepersonnel.es":[1,12],"pagepersonnel.fr":[1],"pagepersonnel.it":[1,6],"pagepersonnel.nl":[1,6],"pagepluscellular.com":[1,5,9],"pagerage.com":[12],"pagerduty.com":[1],"pagesjaunes.ca":[1],"pagesjaunes.fr":[1],"pagesjaunesresto.fr":[1,3],"pagesperso-orange.fr":[1,9],"pagesuite-professional.co.uk":[1],"pageswirl.com":[1],"pageuppeople.com":[1],"pagewiz.com":[1,5],"pageyourself.com":[1],"paghiper.com":[1],"pagico.com":[1,5],"pagina.mx":[1,5],"paginalucrativa.com.br":[1,12],"paginawebgratis.es":[1,5],"paginebianche.it":[1,12],"paginegialle.it":[1],"pagingdr.net":[12],"pagliacci.com":[1,3],"pago-electronico.com":[12],"pagoda.com":[9],"pagodabox.io":[1,5],"pagoefectivo.pe":[1,2],"pagomeno.it":[9],"pagomiscuentas.com":[1],"pagosonline.com":[1],"pagosonline.net":[1],"pagro.at":[9],"pagseguro.com.br":[1,9],"paguemenos.com.br":[1,4,9],"pagueonlinebra.com.br":[1],"paheal.net":[1,12]}