{"streamfinder.com":[3],"streamguys.com":[1],"streamify.me":[1,12],"streamin.to":[12],"streaming4iphone.fr":[12],"streaming4iphone.in":[3,12],"streamingthe.net":[3,7,3],"streamingvideoprovider.com":[1,5],"streamiz.com":[12],"streamjar.tv":[1,5],"streamlight.com":[1,9],"streamline-servers.com":[1],"streamline.com":[1],"streamline.net":[1,5],"streamlinebid.com":[1,9],"streamlinepanel.com":[1],"streamlinevrs.com":[1],"streamlive.to":[1,3,3],"streamlord.com":[3],"streammate.com":[12],"streammygame.com":[12],"streamnation.com":[1],"streamo.tv":[12],"streamplus.de":[1,5],"streampoint.com":[1,12],"streamr.com":[1,5],"streamray.com":[12],"streamroot.io":[3,11],"streamroyale.com":[1],"streamsend.com":[1],"streamsministries.com":[1,12],"streamsquid.com":[3],"streamstore.net":[1],"streamtime.net":[1],"streamtorrent.tv":[12],"streamtvbox.club":[3],"streamtvnow.tv":[12],"streamuj.tv":[12],"streamup.com":[3],"streamvia.com":[1,5,12],"streamwareconnect.com":[1],"streamweb.fr":[12],"streamwriter.org":[1,12],"streamza.com":[1,5],"streamzoo.com":[1,9],"streema.com":[1,3],"streemian.com":[1],"street-academy.com":[1,12],"street-friends-partage.com":[12],"street-moto-piece.fr":[9],"street-one.de":[9],"streetaccount.com":[1],"streetauthority.com":[2],"streetbank.com":[1],"streetbees.com":[1],"streetcar.co.uk":[12],"streetcom.pl":[12,1],"streeteasy.com":[1,8],"streethypnosis.com":[1,12],"streetinsider.com":[1,2,7],"streetlegalmods.com":[1,12,3],"streetlib.com":[1,9],"streetlife.com":[1],"streetlights.de":[9],"streetlinks.com":[1],"streetprez.com":[1,12,5],"streetprez.fr":[1,12,5],"streetracersgame.com":[1],"streetriple.fr":[1,3,9],"streetshares.com":[1],"streetsideauto.com":[9,12],"streetsmartcentral.com":[2],"streetstylestore.com":[9],"streetwise.co":[1],"streetwise.net":[1,12],"strefa-omsi.pl":[10],"strefajob.pl":[12],"strefakursow.pl":[1,12],"strelkacard.ru":[1],"strellson.com":[1,12],"strem.io":[1,3],"strengthscope.com":[1,12],"strengthsfinder.com":[1,12],"strengthsquest.com":[1,12],"stressboss.net":[1,5],"stressfreeprint.co.uk":[1,9],"stressnomore.co.uk":[1,9],"stretchinternet.com":[1,12],"stretta-music.com":[12,3,9],"strictlymedicinalseeds.com":[1,9],"stridehealth.com":[1],"stridekick.com":[1,12],"striderite.com":[9],"stridesapp.com":[1,12],"strife.com":[3],"striiv.com":[1],"strike-jobs.co.uk":[1,6],"strikeindustries.com":[12],"strikermanager.com":[1,3,3]}