{"southfloridamls.com":[1],"southglos.gov.uk":[1,12],"southindianbank.com":[1,2],"southjordanutah.gov":[1,12],"southkesteven.gov.uk":[1,12],"southlandcu.org":[1,2],"southlandloghomes.com":[1],"southmoonunder.com":[1,9],"southmountaincreamery.com":[1,3],"southpark.de":[1,3],"southparkstudios.com":[1,3],"southplainscollege.edu":[12],"southplainselectric.com":[1,12],"southrivertech.com":[1,5],"southrock.com":[1,12,5],"southseattle.edu":[12],"southshorehealth.org":[1,12,4],"southside.com":[1,2],"southstatebank.com":[1,2],"southstatesecuremail.com":[1],"southtexascollege.edu":[1,12],"southtyneside.info":[1,12],"southuniversity.edu":[12],"southwales-online.com":[1,12],"southwales.ac.uk":[1,12],"southwalesargus.co.uk":[1,3,7],"southwark.gov.uk":[1,12],"southwest.com":[1,11],"southwestadvisorycouncil.com":[1],"southwestaircommunity.com":[12,3,10],"southwestairlines.com":[11],"southwesternadvantage.com":[1,12],"southwesternrailway.com":[1,3,3],"southwestgas.com":[1],"southwestpl.com":[1],"southwesttrains.co.uk":[12],"southwestvacations.com":[12],"southwestwater.co.uk":[1],"southwestwifi.com":[11],"southxchange.com":[1,2],"souticket.com.br":[1],"sova-enterprises.com":[1,9],"sovendus.com":[1],"sovereignbank.com":[1,2],"sovereignman.com":[1,12],"sovereignsociety.com":[1,12,3],"sovok.tv":[1,3,5],"sovrn.com":[1],"sowaswillichauch.de":[9],"sowee.fr":[1],"sowefund.com":[1,2],"sowiso.nl":[12],"soyezbcbg.com":[1,12],"soyezcoquin.com":[10],"soylent.com":[1],"soylent.me":[1],"soyoustart.com":[1,5],"soysuper.com":[1,9],"sozcu.com.tr":[12,3],"sozialversicherung.at":[1,12],"sozlukspot.com":[12],"sp.com.sa":[1,12],"sp.edu.sg":[1,12],"sp.gov.br":[1,12],"sp2.org":[1,12],"sp24.com":[9],"spa-mart.com":[1,9],"spa-salon.com":[1],"spa.gov.my":[1,12],"spaandpoolsource.com":[1,9],"spaandpoolstore.com":[1,9],"spaar4cash.nl":[1,9],"spaaractief.nl":[1,2,9],"spaarbeleg.nl":[1,2],"spaarbron.nl":[1,12,9],"spaarenpluk.be":[9],"spaargids.be":[1,2],"spac.io":[1],"space-forums.com":[12,10],"space-track.org":[12],"space.ca":[3],"space2u.com":[1,5],"spaceappschallenge.org":[1,12,5],"spacebattles.com":[3],"spacecp.net":[1,12,5],"spacedock.info":[1,12,5],"spacee.jp":[1,12],"spaceengine.org":[1,12,5],"spacegrant.net":[12],"spacehive.com":[1,12],"spacehotell.nl":[1,12],"spacelist.ca":[1],"spacemarine.com":[1,3,3],"spacemarket.com":[1,12],"spacemining.io":[1,2],"spacemonkey.com":[1],"spacenk.com":[9],"spaceorigin.fr":[1,12,3],"spacer.com.au":[1,9]}