{"warezforum.cz":[1,12,10],"warezforum.info":[12,3],"warezfull.info":[3,10],"warezhr.org":[12],"wareziens.net":[1,12,3],"wareznet.cz":[12,3,10],"warezscene.org":[12],"warezseek.to":[1,12,5],"warezstore.com":[1,9],"wareztuga.co":[3],"wareztuga.tv":[12],"warezusa.org":[12],"warface.com":[1,12,3],"warface.com.tr":[1,12],"warfareplugins.com":[1,12],"warforum.cz":[12,3,10],"warframe-builder.com":[12,9],"warframe.com":[7],"warframe.market":[1,9],"wargame1942.com.br":[1],"wargame1942.de":[1,12],"wargame1942.es":[1,12],"wargame1942.fr":[1,12,3],"wargame1942.us":[1],"wargamevault.com":[3,9],"wargaming.net":[3],"wargear.net":[1,12,3],"warhammer-forum.com":[12,3],"warhammerdigital.com":[1,12],"warhammeronline.com":[1,12,3],"warhead.com":[1,12],"warhorn.net":[1],"waridtel.com":[1],"warin.space":[1,3,9],"warkscol.ac.uk":[12],"warlegend.net":[3,3],"warlight.net":[3],"warlordgames.com":[1],"warmacher.com":[12],"warmane.com":[12,3,3],"warmerise.com":[1,3],"warmoth.com":[1,9],"warmshowers.org":[1],"warmteservice.nl":[1,9],"warmup.com":[1,9],"warnerarchive.com":[3],"warnerartists.net":[11],"warnerbros.co.uk":[3],"warnerbros.com":[3],"warnerbros.fr":[3],"warnerbrosrecords.com":[1,3],"warnerchappell.com":[1,3],"warnerchappellpm.com":[1,12,3],"warnerleisurehotels.co.uk":[1,11],"warnermusic.com":[12],"warnerpacific.com":[1],"warofclicks.com":[12],"warofdragons.com":[3],"warofdragons.de":[3],"warp-it.co.uk":[1,12],"warpacademy.com":[1,12],"warpack.net":[12],"warpmymind.com":[12],"warpportal.com":[1,12,3],"warrantymaster.com":[1],"warrenfcu.com":[1,2],"warrenjames.co.uk":[1,3,9],"warrington.gov.uk":[1,12],"warriorcatsrpg.com":[12],"warriorforum.com":[1,5],"warriorgeneral.com":[3],"warriorplus.com":[1],"warriorsteamstore.com":[9],"warriortrading.com":[1,2,12],"warseer.com":[12],"warsow.net":[12],"wartburg-sparkasse.de":[1,2],"wartelle-shop.com":[9],"warthunder.com":[3,3,9],"warthunder.ru":[1,12,3],"wartune.com":[12,9,3],"warwick.ac.uk":[1,12],"warwickhotels.com":[1,11],"warwickrowers.org":[1,9],"warwickshire.gov.uk":[1,12],"warxtreme.com":[12],"warzombie.com.br":[1,5],"wasabi.hu":[1],"wasabii.com.tw":[1,12,3],"wasabisyrup.com":[12],"wasabisys.com":[1,5],"wasakredit.se":[1,2],"waschbaer.de":[9],"wasdclub.com":[1],"wasdkeyboards.com":[1,9],"waseda.jp":[12],"waselpro.com":[5],"waset.org":[1,12],"washboard.ws":[12]}