{"wordart.com":[1,12],"wordbee-translator.com":[1,12],"wordcounter.net":[1,12],"worddive.com":[1,12],"worden.com":[1,2,12],"wordery.com":[12,3,9],"wordfast.net":[1,12,5],"wordfence.com":[1,5],"wordfeud.com":[12,3,5],"wordimpress.com":[1,5],"wordlinx.com":[1],"wordmark.it":[1,5],"wordmint.com":[1,12],"wordmodules.com":[1,12,5],"wordner.com":[1,3],"wordnik.com":[12],"wordofmouth.com.au":[1],"wordonfire.org":[12,12],"wordplay.com":[1,12],"wordplays.com":[12,3],"wordpress-fr.net":[1,12,5],"wordpress-hebergement.fr":[1,5],"wordpress.com":[1,5],"wordpress.dev":[12],"wordpress.local":[12],"wordpress.org":[1,5],"wordreference.com":[1,12],"wordsearchbible.com":[1,12],"wordseye.com":[12],"wordsfromtext.com":[1,12],"wordstream.com":[1],"wordswithfriends.com":[3],"wordtopdf.com":[1,12,5],"wordtracker.com":[1,12,11],"wordtwist.org":[12],"wordwareinc.com":[1],"wordze.com":[1,5],"work-experience.co.uk":[12],"work-for-scotland.org":[1,12],"work-zilla.com":[1,12,5],"work.com":[1],"work.com.mm":[1,6],"work.ua":[1,6],"work2bux.com":[1],"workable.com":[1],"workabroad.ph":[1,6],"workamajig.com":[1],"workamper.com":[1],"workana.com":[1,5,6],"workandwork.ch":[1],"workania.hu":[1,6],"workathome.cash":[1],"workato.com":[1],"workaway.info":[1,12],"workbc.ca":[1,6],"workbooks.com":[1],"workbooth.com":[5],"workboots.com":[9],"workbright.com":[1],"workcamps.info":[1,12],"workcircle.co.uk":[1,6],"workcoverqld.com.au":[1,12],"workday.com":[1],"workdaytracking.com":[1,12],"worketc.com":[1],"workey.co":[1,6],"workflow.is":[1],"workflowmax.com":[1],"workflowoneaccess.com":[12],"workflowy.com":[1,12,5],"workforce.com":[1,12],"workforcegps.org":[1,12],"workforcehosting.com":[12],"workforcescheduling.com":[1],"workforcewv.org":[1,12],"workforgood.org":[1,12,6],"workfrom.co":[1],"workfront.com":[1],"workhealthlife.com":[1,12],"workhere.co.nz":[1],"workhoppers.com":[1,6],"workhub.com":[1],"workible.com.au":[1,6],"workindenmark.dk":[1],"workinentertainment.com":[1,3],"workinetron.com":[12],"working-dog.com":[1,12],"working-dog.eu":[1,12],"workingadvantage.com":[1],"workingcouples.com":[1],"workingmums.co.uk":[1,6],"workingnomads.co":[1,5],"workingnotworking.com":[1],"workingon.co":[1],"workingperson.com":[9],"workingsol.com":[1],"workingsolutions.com":[1],"workinretail.com":[1,6],"workinsports.com":[1,6,3]}