{"schneidercorp.com":[1],"schneideruniversities.com":[1,12],"schneier.com":[1,12,5],"schnipperstogo.com":[1,3],"schnucks.com":[1,9],"schnucksdelivers.com":[1],"schnuckslistens.com":[1],"schnuersenkel-shop.de":[3],"schober.ch":[1],"schoeffel.de":[9],"schoener-fernsehen.com":[3],"schoener-wohnen.de":[1,9],"scholarchip.com":[1,12],"scholarrx.com":[1,12],"scholarsapply.org":[1,12],"scholarschoice.ca":[12,9],"scholarsedge529.com":[1,2,12],"scholarselect.com":[1,12],"scholarshare.com":[12],"scholarship.hu":[1,5],"scholarshipamerica.org":[1,12],"scholarshipexperts.com":[12],"scholarshipowl.com":[1,12],"scholarshippartners.ca":[1,12],"scholarshippoints.com":[1,12],"scholarships.com":[12],"scholarships.gov.in":[1,12],"scholarshipscanada.com":[1,12],"scholarsnapp.org":[1,12],"scholarsportal.info":[1,12],"scholarvox.com":[1,12,5],"scholastic.ca":[1,12],"scholastic.co.nz":[1,12,3],"scholastic.co.uk":[12],"scholastic.com":[12,3],"scholastic.com.au":[1,12],"scholastica.ng":[12],"scholasticahq.com":[1,12],"scholasticlearningzone.com":[12],"scholasticteacherstore.ca":[1,12],"scholieren.com":[1,12],"scholierenwerk.nl":[1,6],"scholl-shoes.com":[1,12,9],"schonpay.com":[1],"schoo.jp":[1,12],"school-day.com":[1,12],"school-network.net":[1],"school-portal.co.uk":[1],"school-scout.de":[12],"school.nz":[12],"schoola.com":[1,12,9],"schooladminonline.com":[12],"schoolannualonline.com":[1],"schoolappointments.com":[1,12],"schoolathon.org":[1,12],"schoolauction.net":[1],"schoolbank.nl":[1,12],"schoolbaseonline.biz":[1,12],"schoolbelles.com":[1,12,9],"schoolblazer.com":[1],"schoolboekenservice.com":[12],"schoolbrains.com":[1],"schoolcafe.com":[1],"schoolcareworks.com":[1],"schoolcashonline.com":[1,12],"schoolconnectsweb.com":[12],"schoolcounselor.org":[12],"schoolcraft.edu":[12],"schooldirectoryupdate.com":[12],"schooldismissalmanager.com":[1,12],"schooldude.com":[1,12],"schoolemployeescu.org":[1,2],"schoolesuite.it":[12],"schoolfinder.com":[12],"schoolforgoodandevil.com":[3],"schoolforms.org":[12],"schoolfunrun.com.au":[1,12],"schoolfusion.us":[1],"schoolgateway.com":[12],"schoolhouse.com":[9],"schoolhouseelectric.com":[9],"schoolhouseteachers.com":[12],"schoolido.lu":[12],"schoolies.com":[1,3,11],"schoolinsites.com":[1,12],"schoolinterviews.com.au":[1,12],"schoolism.com":[1,12],"schooljotter2.com":[1,12],"schoolkeep.com":[1],"schoolloop.com":[1,12],"schoollunchchoice.com":[1],"schoolmessenger.com":[1,12],"schoolmint.net":[1,12],"schoolmoney.co.uk":[1,12],"schoolmouv.fr":[12],"schoolnet.com":[1,12],"schoolnotes.com":[1,12],"schoolnutrition.org":[1,12],"schoolobjects.com":[1]}