{"easycashcode.com":[1],"easycbm.com":[12],"easycgi.com":[1,5],"easychair.org":[1,12,5],"easychoicetime.com":[1,5],"easyclass.com":[1,12],"easyclocking.net":[1],"easyclosets.com":[1,9],"easycomforts.com":[9],"easycompanies.com.au":[1],"easycomposites.co.uk":[1,9],"easycoop.com":[3],"easycosmetic.de":[1,9],"easycounter.com":[1,5],"easycredit.de":[1,2],"easycron.com":[1,5],"easycruit.com":[1,12],"easycrypt.co":[1,5],"easydcp.com":[1],"easydigitaldownloads.com":[1,5],"easydns.com":[1,5],"easydownlines.com":[1],"easydraft.com":[1],"easydrivers.at":[1,12],"easyduplicatefinder.com":[1,5],"easyeasyapps.net":[1,5],"easyeda.com":[1,5],"easyemployer.com":[1],"easyequities.co.za":[1,2],"easyeventos.com.br":[12],"easyfairs.com":[1,12],"easyfinance.ru":[1,2],"easyfinancial.com":[1],"easyflirt.com":[12],"easyflowers.com.au":[1],"easyflyer.fr":[1,9],"easyfoodnow.com":[1],"easyforum.fr":[12,3,10],"easyforumpro.com":[12,3,10],"easyfundraising.org.uk":[1,12],"easygenerator.com":[1,12],"easygiga.com":[1,5],"easygranny.com":[12],"easygreenenergy.at":[1,9],"easygym.co.uk":[1],"easyhits4u.com":[1],"easyhome.ca":[1],"easyhost.be":[1,5],"easyhost.com":[1,5],"easyhosting.com":[1,5],"easyhotel.com":[1,9,11],"easyhrweb.com":[1],"easyhunt.com":[12],"easyidcard.com":[1],"easyinduct.com.au":[12],"easyjet.co.uk":[11],"easyjet.com":[1,11],"easykamer.nl":[8],"easykeys.com":[1,9],"easykits.org":[12],"easykot.be":[12],"easylanguageexchange.com":[1,12],"easylaundry.eu":[1],"easylifegroup.com":[9],"easylink.com":[1],"easylinks.io":[1],"easyliveauction.com":[1],"easyloanmatch.com":[1,2],"easylodge.com.au":[1],"easylounge.com":[9],"easymapmaker.com":[1],"easymarkets.com":[1,2],"easymatch.com":[1],"easymaths.hu":[12],"easymillions.fr":[1],"easyminer.net":[1,5],"easyminers.com":[1,2],"easymobilerecharge.com":[1],"easymums.co.uk":[10],"easyname.at":[1,5],"easyname.com":[1,5],"easyname.eu":[1,5],"easyname.fr":[1,5],"easync.io":[1,9],"easynet.com":[1],"easynews.com":[1,5],"easynote.io":[1],"easynotebooks.de":[1,5,9],"easynvest.com.br":[1,2],"easyofficephone.com":[1,5],"easyofficepools.com":[1,3],"easyoutsource.com":[1,6],"easypanel.fr":[1,12],"easyparapharmacie.com":[12,4,9],"easyparcel.my":[1],"easypark.de":[12],"easypark.dk":[1],"easypark.fi":[12],"easypark.fr":[12]}