{"heritagepci.net":[12],"heritagequestonline.com":[1],"heritageresp.com":[1,12],"heritagesports.eu":[1,3],"heritagetrust.org":[1],"herma.de":[1],"hermanmiller.com":[1,12],"hermanstreet.com":[9],"hermes.com":[1,9],"hermes.de":[1,12],"hermespardini.com.br":[12],"hermo.my":[1,9],"hermods.se":[1,12],"herner-sparkasse.de":[1,2],"herni-kupony.cz":[1,9],"hero.tv":[1],"heroarts.com":[1,3,9],"herobo.com":[12],"herobrine.fr":[1,12],"herocraftonline.com":[1,12,3],"herodote.net":[12],"heroengine.com":[1,3,5],"heroenginegames.com":[1,3],"heroes-connect.com":[12],"heroes-online.com":[1,3],"heroes-wow.com":[1],"heroesandgenerals.com":[3],"heroesandheartbreakers.com":[3],"heroesawaken.com":[12],"heroesbuilder.com":[1,3],"heroesfire.com":[1,12,3],"heroesmu.com":[1,12,3],"heroesofnewerth.com":[1,3,9],"heroeswm.ru":[3],"heroforge.com":[1],"herogamers.net":[1,12,5],"herogames.com":[12,3],"herokon-online.com":[12],"heroku.com":[1,5],"herokuapp.com":[1,5],"herold.at":[1],"heroma.se":[12],"heromotocorp.com":[1,9],"heropm.com":[1],"heroprogram.com":[1,3],"herorangers.com":[12],"herorentals.com":[12],"heros.ws":[10],"herosphere.gg":[1,3],"herotalkies.com":[1,3,3],"herothemes.com":[1,5],"herotoken.io":[1,12],"herotopia.com":[1,3],"heroturko.com":[12,10],"heroturko.me":[12],"heroturko.org":[12],"heroup.com":[3],"herox.com":[1,12],"herozerogame.com":[3],"herplay.net":[1,3],"herrenausstatter.de":[9],"herringshoes.co.uk":[9],"herringtoncatalog.com":[12],"herrmannsolutions.net":[12],"herrnhuter-sterne.de":[1,3,9],"herron-research.com":[1,12],"herroom.com":[12,9],"herrschners.ca":[9],"herrschners.com":[9],"herschel.ca":[9],"herschel.com":[9],"herschel.eu":[9],"herschelsupply.com":[9],"hersheypa.com":[1],"hersheys.com":[1],"hersheysstore.com":[1,9],"herspw.com":[1,9],"hertfordshire.gov.uk":[1,12],"hertie.de":[1,9],"herts.ac.uk":[12],"hertsdirect.org":[1,12],"hertz.be":[1],"hertz.ca":[1,12],"hertz.ch":[3,3,11],"hertz.co.nz":[1,12,9],"hertz.co.uk":[1],"hertz.com":[12],"hertz.com.au":[1],"hertz.com.br":[1,12,11],"hertz.de":[1,12,11],"hertz.es":[1,12,11],"hertz.fr":[1,12,11],"hertz.ie":[1],"hertz.it":[1,12,9],"hertz.nl":[1,12,11],"hertz.no":[1,9],"hertz.se":[1,12,9],"hertz247.co.uk":[1],"hertz247.com":[1]}