{"animedown.tv":[3],"animeflv.me":[12],"animeflv.net":[3],"animeforum.com":[10],"animefreak.tv":[3],"animeftw.tv":[1,3],"animegame.me":[1,12,3],"animehere.com":[3],"animelab.com":[3],"animelayer.ru":[3],"animeleague.net":[12],"animelv.net":[3,12],"animemusicvideos.org":[1,12,3],"animenewsnetwork.com":[3],"animeotk.com":[3],"animeout.com":[3],"animepaper.net":[12],"animereactor.ru":[1,12,3],"animes-streaming.net":[12],"animes.so":[12,3],"animeserv.net":[12,3],"animespirit.ru":[3],"animestarz.com":[3],"animesuki.com":[1,12],"animetake.com":[1,9],"animetorrents.me":[3,12],"animetosho.org":[12],"animetvn.com":[3],"animeultima.io":[3,3],"animeultima.tv":[3,3],"animevost.org":[3],"animevsub.com":[3],"animexx.de":[1,3],"animicausa.com":[1,9],"animium.com":[3,9],"animiz.com":[1,10],"animjobs.com":[1,12],"animo-shop.com":[9],"animod.de":[1,9,11],"animoto.com":[1],"animux.de":[1,12,5],"animworld.net":[12],"aniplexplus.com":[1,12,3],"aniroleplay.com":[3],"anis.ch":[12],"anisakai.com":[1],"anisearch.com":[3],"anisearch.de":[3],"anison.fm":[3],"anistar.me":[12],"anistar.ru":[3],"anit.it":[1,12],"anitaborg.org":[1,12],"anitagoodesignonline.com":[1,9],"anitube.info":[12],"anitube.se":[12],"aniversarioassai.com.br":[1,12,9],"aniversariosonda.com.br":[1],"anixter.com":[1,9],"anixy.com":[12],"anjian.com":[1,3,5],"anjou-connectique.com":[1,9],"ankaka.com":[9],"ankama-shop.com":[3,9],"ankama.com":[1,12],"ankara.edu.tr":[12],"anker.com":[1,5,9],"ankerkraut.de":[9],"ankermann.com":[1,5,9],"anketer.org":[1,12],"anketka.ru":[1],"anketolog.ru":[1],"anki.com":[1,12],"ankiapp.com":[1,12,5],"ankiweb.net":[12],"anl.gov":[1,12],"anlegerclub.de":[1],"anm.gov.my":[1],"anmedhealth.org":[1,12,4],"anmeldesystem.com":[1,12,3],"ann-kate.jp":[1],"annaabi.ee":[12],"annabac.com":[1,12],"annabel-langbein.com":[1,3],"annabelkarmel.com":[3],"annals.org":[1,12],"annasand.com":[1,3,9],"annatel.tv":[12],"annauniv.edu":[1,12],"annecy.org":[1,12,3],"annees-laser.com":[12],"annextele.com":[1,12],"anniesattic.com":[1,9],"anniescatalog.com":[1,9],"anniescustomercare.com":[1],"annieselke.com":[9],"annikids.com":[1,3,9],"anniversaire-lidl.fr":[12],"annmariegianni.com":[1,12,9]}