{"hempworx.com":[1,12,12],"hemsida24.se":[1],"hemtex.se":[1,9],"henallux.be":[1,12],"henbitcoin.com":[1],"henbtc.com":[1],"henchan.me":[12,3],"henderson.com":[1,12],"hendersonlibraries.com":[1,12],"hendricksonrose.com":[12,12],"hengedocks.com":[1,9],"henho.org":[1,12],"henkel-lifetimes.de":[1,3],"henkel.com":[1,12],"hennepin.us":[1,12],"henner.com":[1],"henner.fr":[1],"hennergestion.fr":[1],"henri-boucher.fr":[1,9],"henribendel.com":[9],"henrico.us":[1,12],"henrijulien.fr":[1,9],"henrri.net":[12],"henryford.com":[4],"henrymayo.com":[1,12,4],"henrys.com":[9],"henryschein.com":[1,12],"henryscheinvet.com":[1,12],"hentai-foundry.com":[12],"hentai.xxx":[12],"hentai0.com":[12,3],"hentai2read.com":[3],"hentai3d.com":[12],"hentaibox.fr":[12,3],"hentaichan.me":[12,3],"hentaichan.ru":[12,3],"hentaifox.com":[12,3],"hentaifr.net":[12,3,3],"hentaiheroes.com":[12],"hentaikey.com":[12,1],"hentaikku.com":[1],"hentaipros.com":[12],"hentaiverse.org":[1],"hentaivn.net":[12,3],"henthighschool.com":[12],"heon.com.co":[1,12],"hep.hr":[1,12],"hep2go.com":[12,4],"hepays.com":[10],"hepco.co.jp":[1,12],"hepinsta.com":[1],"heplatform.nl":[12],"hepsiburada.com":[1,9],"hepsiian.com":[12],"heracomm.com":[1,12],"heraldnet.com":[1,12,7],"heraldscotland.com":[1,3,7],"heraldsun.com.au":[1,12,7],"heraldtimesonline.com":[1,12,7],"heraldtribune.com":[1,7],"herault.fr":[1,12],"herb-pharm.com":[12,4,9],"herba-express.com":[1,9],"herbaldispatch.com":[9],"herbalfun.net":[1,5],"herbalgram.org":[12],"herbalife.com":[1,12],"herbco.com":[1,3,9],"herbdoc.com":[1,12,4],"herber.de":[1,12,9],"herbergers.com":[9],"herbicepscam.com":[12],"herbies-orders.co.uk":[12],"herbmentor.com":[1,12],"herbolistique.com":[1,12,9],"herboristerie-moderne.fr":[1,12,4],"herboristerieduvalmont.com":[1,12,9],"herbspro.com":[9],"hercjobs.org":[1,12,6],"hercules.com":[12],"herculescard.com":[1,5],"herculesdjmixroom.com":[3],"herculist.com":[1],"herdt.de":[1,12],"here.com":[1],"here.tv":[3],"herecomesthebus.com":[1,12],"heredis-online.com":[1],"heredis.com":[1,12,5],"herefordshire.gov.uk":[12],"hereplus.me":[1],"herffjones.com":[1,12,9],"hering.com.br":[9],"heritage-airsoft.com":[9,12],"heritage.com.au":[1,2],"heritageactionsentinel.com":[12],"heritagebanknw.com":[1,2],"heritagebankwaonline2.com":[1],"heritagemakers.com":[1,9]}