{"kinsmangarden.com":[9],"kinsta.com":[1,5],"kintera.com":[1],"kintera.org":[1],"kintetsu.co.jp":[1,12],"kintone.com":[1],"kinvey.com":[1],"kinzaa.com":[1,6],"kioskabo.fr":[1,12],"kioskea.net":[1,5],"kioskoymas.com":[1,9],"kiosque-edu.com":[1,12],"kiosque-famille.net":[12],"kiosque01.fr":[12],"kiosqueaidees.com":[1,9],"kiosquefamille.fr":[12],"kiosquemag.com":[1,3,9],"kiotviet.vn":[1,12],"kipling-usa.com":[9],"kipling.com":[9],"kiplinger.com":[1,2,12],"kippt.com":[1,12],"kipuworks.com":[1],"kir.jp":[12],"kirchentag.de":[1,12,12],"kireilife.net":[1,12],"kiri.fr":[1,3],"kirin.co.jp":[1,12],"kirinhobby.com":[12],"kirivo.it":[9],"kirkland.com":[1,12],"kirklands.com":[9],"kirklees.gov.uk":[1,12],"kirkreport.com":[1],"kirkusreviews.com":[1,12,3],"kirkwood.edu":[12],"kirolprobak.com":[12,3,3],"kirstein.de":[9],"kirtlandfcu.org":[1,2],"kirtlandfcuonline.org":[12],"kirupa.com":[1,12,5],"kis-portal.de":[12],"kishindo.co.jp":[1,3,9],"kismia.com":[1],"kismia.ru":[10],"kiss.com":[10],"kiss.us":[1],"kissandfly.de":[1,11],"kissanime.co":[3,3],"kissanime.com":[12],"kissanime.io":[12],"kissanime.ru":[3,3],"kissanime.to":[12],"kissasian.ch":[3],"kissasian.com":[1,3,9],"kisscartoon.es":[12],"kisscartoon.io":[3],"kisscartoon.me":[1,5],"kisscartoon.se":[1,5],"kisscartoon.so":[3],"kisseo.com":[1,12],"kisseo.de":[1,12,9],"kissflow.com":[1],"kisshentai.net":[12,3],"kisskiss.ch":[12,9],"kisskissbankbank.com":[1],"kissmanga.com":[3],"kissmetrics.com":[1],"kissnofrog.com":[10],"kistler.com":[1,12],"kistlervineyards.com":[12],"kit.com":[9],"kit.de":[1,12],"kit.edu":[1,12],"kita-navigator.org":[1,12],"kita.net":[1,2,12],"kitag.com":[1,3,9],"kitamura.jp":[1,9],"kitandace.com":[1,9],"kitapsec.com":[1,12,3],"kitapyurdu.com":[3,9],"kitbag.com":[9,3],"kitces.com":[1,12],"kitchen-pocket.com":[1,3,9],"kitchenaid.ca":[1,9],"kitchenaid.com":[1,9],"kitchenaidparts.com":[1,9],"kitchendaily.com":[1,3],"kitchendiet.fr":[1],"kitchener.ca":[1,12],"kitchenkrafts.com":[1,9],"kitchenstories.io":[1,3],"kitchenstuffplus.com":[9],"kitchentrotter.com":[1,9],"kitchenwaredirect.com.au":[9],"kitchenwarehouse.com.au":[9],"kitchfix.com":[1,3],"kitchme.com":[1],"kitchn.no":[1,9]}