{"surveyhero.com":[1,5],"surveyjunkie.com":[1],"surveylion.com":[1],"surveymethods.com":[1],"surveymonkey.ch":[1],"surveymonkey.co.uk":[1],"surveymonkey.com":[1],"surveymonkey.de":[1,12,5],"surveymonkey.net":[1],"surveynetwork.co.uk":[1],"surveynoticias.com":[1,12,5],"surveynuts.com":[1,5],"surveyon.com":[1,12],"surveyplanet.com":[1,12],"surveypointsclub.com":[1,12],"surveypolice.com":[1,12],"surveyrewardplace.com":[1,5],"surveyrewardz.com":[1,9],"surveyroundtable.com":[1],"surveys.com":[1,12],"surveys4moms.com":[1],"surveysampling.com":[1],"surveysavvy.com":[12],"surveyscout.com":[1,12],"surveysemail.com":[1],"surveysheep.com":[1],"surveyspot.com":[1,12],"surveyu.com":[1,12],"surveyvillage.com.au":[1],"surveyvoicesresearch.com":[12],"survicate.com":[1],"survio.com":[1],"survius.com":[1,3],"survival-le-jeu.com":[1,12,3],"survivaldub.com":[1,12,3],"survivalfrog.com":[1,9],"survivalinternational.org":[12],"survivalistboards.com":[12,10,9],"survivallife.com":[1,12,9],"survivalpodcast.net":[1,12],"survivalservers.com":[1,5],"survivalstraps.com":[1,12,9],"survivalworld.fr":[1],"survivalz.fr":[1,12,5],"survivedby.com":[1,12],"survivetheark.com":[12],"survivethenights.net":[12],"survivethrive.club":[1,12,9],"survivia.net":[12],"survivinginfidelity.com":[1,12],"survivingmold.com":[1,12,4],"surya.com":[1,9],"susans.org":[1,12],"suscripcionesrevistas.es":[1,12,9],"susd.org":[1,12],"suse.com":[1,5],"sushi-pop.com.ar":[1],"sushi-soba.com":[1,3],"sushishop.be":[1,9],"sushishop.fr":[1,9],"sushitaxi.net":[1,9],"susi.live":[12],"suspicious0bservers.org":[1,12,3],"sussan.com.au":[9],"sussex-model-centre.co.uk":[9],"sussex.ac.uk":[12],"sussexdirectories.com":[1],"sussexdowns.ac.uk":[12],"sustainableschoolshop.com.au":[1,12,9],"sustainableseedco.com":[1,9],"sustainablesupply.com":[1,9],"sustrans.org.uk":[1,12],"susu.org":[1,12],"sutd.edu.sg":[12],"sutisoft.com":[1],"sutochno.ru":[12,11],"sutorbank.de":[1],"sutori.com":[1,12],"sutraplay.com":[1,3],"sutterhealth.org":[1,4],"sutton.gov.uk":[1,12],"sutton.sch.uk":[12],"suttonplace.com":[1,11],"suttons.co.uk":[12,9],"suttontrust.com":[12],"suu.edu":[12],"suumo.jp":[1],"suunto.com":[1,9],"suva.ch":[1,12],"suwave.com":[12],"suze.net":[12],"suzeorman.com":[1,2],"suzeormanwillandtrust.com":[1,5],"suzeu.com":[1,12],"suzohapp.com":[1,12],"suzuki-forums.com":[10,12],"suzuki.de":[12],"suzuki.it":[1,12],"suzukiconnect.com":[1]}