{"madeinchina.com":[9],"madeindesign.co.uk":[1,9],"madeindesign.com":[1,9],"madeinsport.com":[9,3],"madeinwashington.com":[1,9],"madeiramadeira.com.br":[1,9],"madeiramart.com":[1,9],"madeit.com.au":[9],"madeleine.co.uk":[9],"madeleine.de":[9],"madeleine.fr":[9],"mademoiselle-bio.com":[1,12,9],"mademoiselle-lingerie.com":[12,9],"maden.im":[1,9],"madewell.com":[9],"madewithmarmalade.com":[1],"madewithmischief.com":[12],"madfientist.com":[1,12,5],"madfingergames.com":[3],"madgexjb.com":[12],"madisoft.it":[1,12],"madison-reed.com":[1,3,9],"madison.com":[1,12,7],"madisonb2b.co.uk":[1],"madisoncollege.edu":[1,12],"madisonseating.com":[9],"madisonwaterboard.org":[1],"madisoundspeakerstore.com":[1,9],"madlog.dk":[1],"madloto.com":[1,3],"madmagz.com":[1,12],"madman.com.au":[3,9],"madmimi.com":[1],"madmoizelle.com":[12,3],"madokami.al":[12],"madonna.com":[1,3],"madpaws.com.au":[1,12],"madrid.es":[1,12],"madrid.org":[1,12],"madridhifi.com":[9],"madrugaosuplementos.com.br":[9],"madscience.org":[12],"madsonic.org":[1,12,5],"madstef.com":[1,9],"madteam.co":[12],"madthumbs.com":[12],"maduras-calientes.com":[12,3],"madurasbrasil.com":[12,1],"maduratea.com.au":[1,3,9],"madvapes.com":[9],"madwin.com":[3],"madzay.com":[1,9],"mae.fr":[1,12],"mae.ro":[1,12],"maec.es":[1,12],"maedchen.de":[3],"maedchenflohmarkt.de":[9],"maedler.de":[1],"maemo.org":[1,12,5],"maerkische-bank.de":[1],"maerklin.de":[1,9],"maerklinshop.de":[9],"maersk.com":[1],"maerskline.com":[12],"maestroconference.com":[1],"maestrohealth.com":[1],"maestrolink.com":[12],"maestrosharing.com":[1],"maestrosis.com":[1,12],"maestroweb.com":[1,9],"maeva.com":[1,9],"maf.fr":[1,12],"mafa.com":[3,3],"mafamillezen.com":[1,12],"mafcu.org":[1,2],"mafengwo.cn":[1,12,11],"maffinance.com":[1,2,9],"mafia-craft.com":[12],"mafiabattle.com":[1],"mafiacontrol.com":[1,3],"mafiaenshevn.com":[1,12,3],"mafiamods.com":[3,3],"mafiareturns.com":[12,3],"mafiaspillet.no":[1,12,3],"mafiaway.nl":[1,12,3],"mafii.net":[12,3,3],"mafo.de":[1],"mag2.com":[1,12],"magando.ch":[12],"magarderie.com":[12,4],"magaseek.com":[9],"magasin-point-vert.fr":[1,12,9],"magasin.dk":[9],"magasins-u.com":[1,9],"magastore.jp":[1,12,3],"magazine-agent.com":[9],"magazine-avantages.fr":[1,12,9],"magazine-services.net":[1],"magazine.store":[1,3]}