{"pcirapidcomply2.com":[1],"pcissc.org":[1],"pcitoolkit.com":[12],"pckeeper.com":[1,5],"pclab.pl":[12,5],"pclconnects.com":[12],"pclinkshop.co.za":[5,9],"pcliquidations.com":[9],"pcloud.com":[1,5],"pcm.com":[1],"pcma.org":[1,12],"pcmag.com":[1,5],"pcmall.com":[5,9],"pcmastercard.ca":[1,2],"pcmatic.com":[12],"pcmax.jp":[1,12],"pcmbtoday.com":[1,12],"pcmdaily.com":[1,3],"pcmicrostore.com":[9],"pcmloan.com":[1,2],"pcmobile.ca":[1],"pcmuzic.com":[1],"pcna.com":[1,9],"pcnametag.com":[1,9],"pcnation.co.uk":[5,9],"pcnation.com":[9],"pcom.edu":[12],"pconline.com.cn":[1,5,9],"pconlineshop.co.nz":[9],"pcoptimum.ca":[9],"pcounterwebpay.com":[1],"pcp.ch":[1,9],"pcpartpicker.com":[1,5],"pcper.com":[1,5],"pcpitstop.com":[1,5],"pcplayz.com":[3],"pcplus.ca":[1,5,9],"pcpoints.ca":[1,2],"pcportal.org.ru":[1,5],"pcpro.co.uk":[1,12,7],"pcprofessionale.it":[1,12,5],"pcprotect.com":[1,5],"pcrecruiter.net":[1,5],"pcreview.co.uk":[1,5],"pcrichard.com":[9],"pcrint.net":[12],"pcriot.com":[12],"pcronline.com":[1,12],"pcrsoft.com":[12],"pcrush.com":[9],"pcs-club.com":[1,9],"pcs-secure.com":[12],"pcs.org":[1,12],"pcs401k.com":[1],"pcsb.org":[1,12],"pcsbanking.net":[1],"pcscloud.net":[1,5],"pcscoins.com":[1,12,9],"pcsdirectpay.com":[1],"pcshq.com":[1,12],"pcslabplus.com":[12],"pcsoweb.com":[1,12],"pcsparty.com":[12],"pcspecialist.co.uk":[5,9],"pcspmt.com":[1],"pcspublink.com":[1],"pcsrefurbished.com":[1,12,9],"pcstore.com.tw":[9],"pcsx2.net":[1,12,3],"pct.edu":[12],"pctestrenos.com":[12],"pctidningen.se":[1,5],"pctipp.ch":[1,5],"pctools.com":[1],"pctrio.com":[12],"pctuts.be":[10],"pctvsystems.com":[1,5,9],"pcu.org":[1,2],"pcuonline2.org":[12],"pcusa.org":[1,12,12],"pcusastore.com":[12],"pcvidz.com":[1,3],"pcvisit.de":[1,5],"pcvmurcor.com":[1],"pcwa.net":[1],"pcwebplus.nl":[12,5,10],"pcwelt-forum.de":[1,5],"pcwelt.de":[5],"pcwinsoft.com":[5,10],"pcworld.co.uk":[5,9],"pcworld.com":[1,5,7],"pcworld.ie":[5,9],"pcworldbusiness.co.uk":[5,9],"pcx.hu":[5,9],"pd360.com":[1,12],"pda.org":[1,12],"pda4x.com":[1],"pdaclub.pl":[1,5],"pdafanclub.com":[12]}