{"smmplanner.com":[1],"smnyl-clientes.com.mx":[1,12],"smo-kingshop.it":[12,9],"smofast.com":[1,12,5],"smogon.com":[12,3],"smokecartel.com":[1,9],"smokeday.com":[9],"smokehouse.com":[1,3],"smokelessimage.com":[12,9],"smokers.jp":[12],"smokersoutletonline.com":[12,9],"smokes-spirits.com":[12,9],"smokesmarter.nl":[12,1,9],"smokeybones.com":[1,3],"smokeyschemsite.com":[1,12,9],"smoking-shisha.de":[12,9],"smoking.fr":[12,9],"smokingfetishkingdom.com":[10],"smokingmeatforums.com":[1,10],"smokingpipes.com":[12,9],"smokshop.com":[12],"smokstak.com":[1,12,9],"smoktech.com":[1,9],"smokva.com":[12],"smolderforge.com":[1,12],"smolka-berlin.de":[1,9],"smooch.com":[1],"smooch.io":[1],"smood.ch":[1],"smooth-on.com":[1,12],"smoothbook.co":[1],"smoothhiring.com":[1,6],"smoothie-3d.com":[12],"smoothieking.com":[1],"smoothping.com":[1,12],"smoothradio.com":[3,3],"smoothstone.com":[1],"smoothstreams.tv":[12],"smoothwall.org":[1,5],"smooveo.com":[1],"smoozed.com":[12],"smore.com":[1],"smosh.com":[3],"smotreshka.tv":[12],"smotri.com":[12,3,3],"smotrisport.tv":[3,3],"smove.sg":[1],"smow.de":[1,9],"smps.org":[1,12],"smpte.org":[1,12],"smrtguard.com":[1],"sms-activate.ru":[1],"sms-area.org":[1],"sms-hm.de":[1,2],"sms-kostenlos.de":[1,10],"sms-lowcost.com":[1],"sms-reg.com":[1,5],"sms.ac":[12],"sms.at":[12],"sms.cz":[1,12],"sms.de":[12],"sms.ir":[1],"sms.ru":[1],"smsa.co":[1],"smsapi.com":[1,5],"smsapi.pl":[1],"smsassist.com":[1],"smsavia.com":[12],"smsaviadigital.com":[1,12,5],"smsbox.net":[1],"smsbrana.cz":[1],"smsbroadcast.co.uk":[1],"smsbroadcast.com.au":[1],"smsc.ru":[1,5],"smscredit.lv":[1,2],"smsd.org":[12],"smsdistribution.fr":[1,9],"smsenvoi.com":[1],"smsfactor.com":[1],"smsfassociation.com":[1,12],"smsfinance.ru":[1],"smsgateway.me":[1,5],"smsglobal.com":[1],"smsgott.de":[1],"smsgratuit.com":[1,10],"smsgrupp.se":[1,10],"smshare.fr":[1],"smshosting.it":[1,5],"smslive247.com":[1,5],"smsmode.com":[1],"smsnetwork.org":[1],"smsofficer.com":[12],"smspark.se":[1],"smsparking.nl":[1],"smsportal.co.za":[1],"smspubli.com":[1],"smspup.com":[1],"smspva.com":[12],"smsservicesnow.com":[1,12]}