{"invoicecloud.com":[12],"invoiced.com":[1],"invoicehome.com":[1],"invoicely.com":[1],"invoicemachine.com":[1],"invoiceninja.com":[1],"invoiceocean.com":[1],"invoiceplane.com":[1,5],"invoicequick.com":[1],"invoicera.com":[1],"invoicesherpa.com":[1],"invoiceworks.net":[1],"invoicexpress.com":[1],"invokana.com":[12,4],"invokanacarepath.com":[12,4],"invokefun.com":[1,3],"invstor.com":[1],"inwarehouse.se":[12],"inweb24.com":[12],"inwerk-bueromoebel.de":[1,9],"inwi.ma":[1],"inwink.com":[1],"inwk.com":[1],"inworldz.com":[1],"inwx.com":[1,5],"inwx.de":[1,5],"inwya.com":[1],"inxile-entertainment.com":[1,3,3],"inxpo.com":[1],"inxsoftware.com":[1],"inyopools.com":[1,9],"inyourhandsonline.org":[1,12],"inzercia.sk":[1,9],"inzernet.com":[9],"io-auctions.com":[1,12,9],"io-media.com":[1],"io-tech.fi":[1,5],"io.com":[1,5],"iob.ie":[1,12],"iobconcursos.com":[1,12],"iobit.com":[1,5],"iobnet.co.in":[1,12],"iobonline.com.br":[1,12,5],"iobroker.net":[1,5],"iobsimuladortributario.com.br":[1,12],"ioccasion.fr":[1,9],"ioclp.com.au":[1],"iod.com":[1,12],"iodata.jp":[1,5,9],"iodincorporated.com":[1],"ioe.ac.uk":[12],"ioeducation.com":[1,12],"ioerj.com.br":[1,12],"ioffer.com":[9],"iogames.space":[12],"ioinvio.it":[1,9],"ioipay.com":[1],"iol.pt":[1,12,7],"iolavoro.org":[1,12],"iolo.com":[1,5],"iolo.de":[1,5],"iolportal.com":[12],"iolproperty.co.za":[8],"iom.int":[1,12],"iomartcloud.com":[1],"iomega.com":[12],"iomegasupportforums.com":[12],"iomet.fr":[1,12,4],"iomoio.com":[1,3],"iomtt.com":[12],"ionaudio.com":[1,9],"ioncube.com":[1,5],"ionic.io":[1,5],"ionicframework.com":[1,5],"ionicjs.com":[12],"ionisx.com":[1,12],"iontelevision.com":[1,12,3],"iontuition.com":[1],"ionwave.net":[1],"ioof.com.au":[1,2],"ioofonline.com.au":[12],"iookaz.com":[1,12,9],"iooo.hu":[10],"iop.org":[12],"ioplaza.jp":[1],"ioption.com":[1,2],"iopus.com":[1,5],"iorad.com":[1],"iorder.com.au":[1,12],"ios360shop.ml":[1],"ioscheaters.com":[10,7],"ioservice.net":[12],"iosgods.com":[12,5,10],"iosh.co.uk":[1,12],"iota.org":[1,5],"iottie.com":[1,9],"ioutool.net":[1],"iovadoalcinema.it":[1,12,3],"iowa.gov":[1,12]}