{"afmb.fr":[1,12,9],"afmcstudentportal.ca":[1,12],"afnor.org":[1,12],"afondlesgamelles.fr":[1,9],"aforumfree.com":[1,12],"afp.com":[12,3,7],"afpa.fr":[1,12],"afpbb.com":[1,12,7],"afpcapital.cl":[1],"afpesp.org.br":[12],"afpforum.com":[1,12],"afphabitat.cl":[1,2,12],"afpmodelo.cl":[12],"afpnet.org":[1,12],"afponline.org":[1,12],"afr.com":[1,2],"afraid.org":[1,5],"afrasiabank.com":[1,2],"afreeca.com":[1],"afreeca.tv":[3,3],"afreecatv.com":[1,3,3],"afremov.com":[1,9],"africaimports.com":[9],"africaintelligence.com":[1,12,3],"africaintelligence.fr":[1,12],"africam.com":[1,3,7],"africanhookups.com":[10],"afrihost.com":[1,5],"afrikaburn.com":[1,12,3],"afrikastv.com":[1],"afrimarket.ci":[9],"afriqa-sat.com":[12],"afrloancenter.com":[1],"afrogs.org":[1,12],"afrointroductions.com":[10],"afromontreal.com":[3],"afroromance.com":[10],"afrostream.tv":[1,3],"afsanalytics.com":[1,5],"afsglobal.org":[1,12],"afsibex.com":[1],"afsmyplannetwork.com":[1,2],"afsprakenbeheer.be":[1,12],"afspreken.nl":[1],"afss.com":[1,12],"afstandmeten.nl":[1,12,3],"afsusa.org":[12],"aft.org":[12],"aftabcurrency.com":[1],"aftalebogen.dk":[1,12],"aftenposten.no":[1,12,7],"afterbuy.de":[1],"afterclasse.fr":[12],"aftercollege.com":[1,12,6],"afterdawn.com":[5],"afterlogic.com":[1,12,5],"aftermarket.pl":[1,5],"afternic.com":[12],"afterpay.com":[1,9],"afterpay.com.au":[1,9],"aftership.com":[1],"aftershokz.com":[1,9],"aftnet.be":[1,12,3],"aftonbladet.se":[1,3,7],"aftonshows.com":[12],"aftouch-cuisine.com":[1,3],"aftrs.edu.au":[1,12],"aftt.be":[12,3,3],"afullcup.com":[1,9],"afuture.nl":[12],"afuturewithus.com":[1],"afvclub.com":[1,11],"afw.com":[9],"afwonline.com":[1,9],"ag-spiel.de":[12],"ag.ch":[1,12],"ag.org":[12,12],"ag.ru":[3,3],"ag2rlamondiale.fr":[1],"aga.ca":[1],"agacistore.com":[9],"agacookshop.co.uk":[1,3,9],"againstgrav.com":[1],"againsttheclock.com":[1,12],"agame.com":[3,3],"aganar.com.mx":[12],"agando-shop.de":[1,5],"agantty.com":[1,5],"agao.com":[1,12],"agar.bio":[12],"agar.bz":[12],"agar.io":[1,3,3],"agar.pro":[3,5],"agar.yt":[3,3],"agarbot.ovh":[12],"agarbots.net":[1],"agardenpatch.com":[1,9],"agarhelper.com":[12],"agari.com":[1]}