{"guggenheimlife.com":[1],"guglielmo.biz":[1],"guhat.com":[12],"guhat.info":[12],"guhealth.com.au":[1,12],"guhsdaz.org":[12],"guia27.com.br":[1,12],"guiabolso.com.br":[1,2],"guiacereza.com":[12,1],"guiademoteis.com.br":[1],"guiadohacker.com.br":[1,5],"guiadomarceneiro.com":[1,12,9],"guiainvest.com.br":[1],"guiamais.com.br":[1,9],"guiaoleo.com.ar":[1,3,9],"guichet-entreprises.fr":[1,12],"guichetnet.fr":[1],"guichetunique.ch":[1,12],"guichevirtual.com.br":[1],"guicheweb.com.br":[3],"guidanceresources.com":[12],"guidancesoftware.com":[1],"guidantfinancial.com":[1],"guidants.com":[1,2],"guide-maman-bebe.com":[12,4],"guideboat.com":[9],"guidebook.com":[1,12],"guidedhacking.com":[12,5],"guidehome.com":[12],"guideline.com":[1],"guidelinecentral.com":[1,12],"guideone.com":[1,12],"guidepointglobaladvisors.com":[1],"guidepointsystems.com":[1],"guideposts.org":[1,12],"guider.ch":[1,12],"guides.co":[1,12],"guidestar.org":[12],"guidestone.org":[1,12],"guidetoiceland.is":[1,12,11],"guidewire.com":[1],"guido.be":[1,12,3],"guigoz.fr":[1,12,4],"guildcraft.org":[1,12,5],"guildealliance.com":[12,3],"guilded.gg":[1,3],"guildex.org":[12],"guildford.ac.uk":[1,12],"guildi.com":[1,12],"guildlaunch.com":[1,3,5],"guildmortgage.com":[1],"guildofstudents.com":[1,12],"guildomatic.com":[1,5],"guildox.com":[3,3],"guildportal.com":[1],"guildquality.com":[1],"guildsomm.com":[12,12],"guildwars.com":[1,12,3],"guildwars2.com":[1,12,3],"guildwars2guru.com":[10],"guildwork.com":[1,5],"guilford.com":[1,12],"guillens.com":[1,9],"guinnessworldrecords.com":[1,12],"guitar-pro.com":[1,12],"guitaralliance.com":[1,12,3],"guitarampmodeling.com":[12,10],"guitarbackingtrack.com":[3,3],"guitarbots.com":[1,12],"guitarcenter.com":[9],"guitarcenter.pl":[1,9],"guitarchina.com":[1,12,3],"guitare-improvisation.com":[1,12,3],"guitare-live.com":[1,12,3],"guitarflash.com":[3],"guitargodclub.com":[1],"guitarguitar.co.uk":[1,9],"guitarhero.com":[1],"guitariff.net":[12,3],"guitarinstructor.com":[1,12],"guitarist-tabs.com":[1],"guitariste.com":[12,3],"guitarjamz.com":[1,12],"guitarlessons365.com":[1,12],"guitarmasterymethod.com":[1,12],"guitarpart.fr":[1,12,3],"guitarparty.com":[1,3],"guitarpro.vn":[7,3,10],"guitarprotabs.org":[1,12],"guitarrigpresets.com":[1],"guitarristas.info":[1,12,3],"guitars101.com":[3],"guitarshop.fr":[9],"guitarspeed99.com":[12],"guitarsystem.com":[1,12],"guitartabcreator.com":[1],"guitartricks.com":[1,12],"guitarzoom.com":[1,12],"guj.de":[1,12]}