{"motionvfx.com":[1,5],"motionvibe.com":[1],"motionworship.com":[10,12],"motiva.fr":[1,12],"motivano.com":[1],"motivation.cc":[1,12],"motiveauquotidien.com":[1,12],"motivescosmetics.com":[1,9],"motivosity.com":[1],"motleyfool.com":[1,2],"motleyfoolsharedealing.co.uk":[1],"moto-casse.com":[12],"moto-station.com":[1,9,12],"moto-trip.com":[1],"moto-vision.com":[9],"moto.com.br":[1,9,3],"moto.it":[1,3],"motoabbigliamento.it":[9],"motoactv.com":[1],"motobitcoin.com":[1],"motoblouz.com":[9],"motobuykers.es":[9],"motobuykers.fr":[9],"motobuykers.it":[9],"motocard.com":[9],"motoclub-tingavert.it":[1,12],"motocms.com":[1],"motoculture-distri-piece.fr":[12],"motoculture-jardin.com":[1,12,9],"motodiffusion.com":[9],"motofullessoymobil.com":[1],"motogoloco.com":[1],"motogp.com":[1,3],"motoguzzi.com":[1],"motoin.de":[1,9],"motolegends.com":[9],"motologic.com":[1],"motomag.com":[1],"motonet.fi":[9],"motonovofinance.com":[1,2],"motopartsmax.com":[9],"motoplus.nl":[1,12,3],"motor-forum.nl":[1,12,3],"motor-oel-guenstig.de":[1,9],"motor-talk.de":[12],"motorboatowner.co.uk":[1,12,9],"motorcheck.ie":[1,9,12],"motorcitycasino.com":[12],"motorclubcompany.com":[1],"motorclubofamerica.com":[1],"motorcraftservice.com":[12],"motorcycle-superstore.com":[1,9],"motorcyclecloseouts.com":[9],"motorcycleforum.com":[1,10],"motorcyclenews.com":[1,9],"motorcyclephilippines.com":[1,3,12],"motorcycleroads.com":[1,3],"motorcyclespareparts.eu":[1,9],"motoreasy.com":[1],"motorhomefacts.com":[1],"motorhomefun.co.uk":[1,12],"motoring.co.uk":[1,9,12],"motoringassist.com":[1],"motorisationplus.com":[1,9],"motorkari.cz":[1,12],"motorkit.com":[9],"motorland.net":[1,9],"motorlegend.com":[1,12],"motormannen.se":[1,12],"motormoney.org":[1,12,5],"motormouth.com.au":[1,12],"motorola.com":[1,5,9],"motorolasolutions.com":[1],"motorpass.com.au":[1,9],"motorplace.com":[1,5],"motorpointarenanottingham.com":[1],"motorradfahrer-shop.de":[1,9],"motorradundreisen.de":[1,3],"motors.co.uk":[1,12],"motorsaegen-portal.de":[1,12],"motorsport.com":[3,3],"motorsport.tv":[3,3],"motorsportmagazine.com":[1,3,12],"motorsportreg.com":[1],"motorsportvision.co.uk":[1],"motorstock.it":[12],"motortalk.net":[1,12],"motortax.ie":[1],"motortrend.com":[1,12],"motortrendondemand.com":[1,9],"motoruf.de":[1,9],"motory.de":[1],"motosafety.com":[1,9],"motoscout24.ch":[1,12],"motoservices.com":[1,9],"motoshop-rad.fr":[1,9],"motoshopping.com":[1,9],"motosport.com":[9],"motostand.com":[9]}