{"ebay.ca":[9],"ebay.ch":[9],"ebay.co.uk":[9],"ebay.com":[9],"ebay.com.au":[9],"ebay.com.hk":[9],"ebay.com.my":[9],"ebay.com.sg":[9],"ebay.de":[1,9],"ebay.es":[9],"ebay.fr":[1,9],"ebay.ie":[9],"ebay.in":[9],"ebay.it":[9],"ebay.nl":[9],"ebay.ph":[9],"ebay.pl":[9],"ebayclassifieds.com":[9],"ebaycommercenetwork.com":[1,9],"ebaygeneration.com":[1,12],"ebayinc.com":[1],"ebaykleinanzeigen.de":[9],"ebaypartnernetwork.com":[1,12],"ebaytoday.ru":[12],"ebayyoursay.com.au":[1],"ebbx.com":[1,2],"ebby.com":[1,8],"ebc.com.br":[12,7],"ebcatering.com":[1,3],"ebcconsulting.com":[1,12],"ebcflex.com":[1],"ebeactive.pl":[1,12],"ebenefits.com":[1],"ebenefitsnow.com":[1],"ebenpaganmembers.com":[12],"ebenpagantraining.com":[1],"eberlitz.com":[1,12],"eberls.com":[1],"eberspaecher.com":[1,12],"ebertlang.com":[1],"ebesucher.com":[1],"ebesucher.de":[1],"ebesucher.es":[1,3,9],"ebesucher.ru":[1,12],"ebettle.com":[3,3],"ebfarm.com":[1],"ebg.net":[1,12],"ebgames.ca":[3,9],"ebgames.co.nz":[1,3,9],"ebgames.com":[3,9],"ebgames.com.au":[1,3,9],"ebgz.pl":[12],"ebharatgas.com":[12],"ebi.ac.uk":[1,12],"ebible.com":[12,12],"ebico.org.uk":[1],"ebid.net":[1,9],"ebidexchange.com":[12],"ebike-connect.com":[1],"ebike.hu":[1,9],"ebikemaps.com":[1,9],"ebiketuningshop.com":[1,9],"ebilanzonline.de":[1,5],"ebilet.pl":[1,12,3],"ebiljett.nu":[1],"ebill.coop":[12],"ebillet.dk":[12],"ebillett.no":[1],"ebilling.com":[1,2],"ebillity.com":[1],"ebillswisspost.co.uk":[1],"ebindr.com":[12],"ebiquity.com":[1],"ebird.org":[1,12],"ebit.com.br":[1],"ebitbux.com":[1,2],"ebitempresa.com.br":[1],"ebix.com":[1],"ebixcerts.com":[1],"ebixhealth.com":[12],"ebizautos.com":[1],"ebizel.com":[1,12],"ebizmarts.com":[1],"eblastshop.fr":[3,9],"eblib.com":[1,12],"eblocker.com":[1,5],"ebluejay.com":[1,9],"ebmedicine.net":[1,12,4],"ebmud.com":[1],"ebnet.org":[12],"ebnevelde.hu":[1,12],"eboard.com":[1,12],"eboatcards.com":[1,12],"eboks.dk":[1,12],"ebolt.hu":[1],"ebonus.gg":[3],"ebonyflirt.com":[10],"ebonyline.com":[9],"ebook-land.cc":[12,3]}