{"discountlabels.com":[1,9],"discountlens.ch":[1,9],"discountlens.de":[5],"discountmags.com":[12,3,9],"discountmugs.com":[9],"discountoffice.nl":[1,9],"discountofficeitems.com":[9],"discountpetmedication.biz":[9],"discountplasticbags.com":[9],"discountquebec.com":[1],"discountramps.com":[1,9],"discountrubberstamps.com":[1,9],"discountschoolsupply.com":[9],"discountstickerprinting.co.uk":[1,9],"discountsupplements.ie":[9],"discountsurgical.com":[1,9],"discounttire.com":[1,9,12],"discountvapers.com":[9],"discourse.org":[1,12],"discover-us.net":[12],"discover.com":[1,2],"discoverandgo.net":[12],"discoverbank.com":[1,2],"discoverbooks.com":[1,12,9],"discovercard.com":[1,2],"discoverflow.co":[1],"discoverflow.ky":[1,9],"discoverglo.com":[1],"discoverglo.jp":[12,12],"discoverlink.com":[1,12],"discoverlosangeles.com":[1],"discoverlsp.com":[9],"discovermagazine.com":[12],"discovernetwork.com":[1],"discoverpermaculture.com":[12],"discoversignage.com":[1,5],"discoverstudentloans.com":[1,2],"discoverwildlife.com":[12,3],"discovery-tours.com":[1],"discovery.ca":[12,3],"discovery.co.za":[1],"discovery.com":[1,12,3],"discoverybenefits.com":[1],"discoverybuying.com":[9],"discoveryco.com":[1],"discoverycove.com":[1,3],"discoverydb.com":[1],"discoveryeducation.co.uk":[1,12],"discoveryeducation.com":[12],"discoveryk12.com":[1,12],"discoveryonlinebanking.co.za":[12],"discpersonalitytesting.com":[1,12],"discprofile.com":[1,12],"discreetadventures.com":[10],"discshop.fi":[3,9],"discshop.se":[3,9],"discsplay.com":[1,12,3],"discstore.com":[9],"discuforum.info":[1,12,10],"discuss.com.hk":[1,12,7],"discussion.community":[1,5],"discutbb.com":[10],"discutforum.com":[1,12,10],"diseasemaps.org":[1,12,4],"dish.com":[1,9],"dish.com.mx":[1,12],"dishanywhere.com":[1,5],"dishformyrv.com":[1,9],"dishnetwork.com":[1,9],"dishonline.com":[12],"dishtv.in":[1,9],"dishworld.com":[1],"disjob.com":[1,12],"disk-space.ru":[1,5,10],"diskeeper.com":[1,5],"diskingressos.com.br":[1,12,3],"diskokosmiko.mx":[1,12,10],"diskretehausfrauen.com":[10],"diskstation.me":[12],"disktrix.com":[1,5],"diskunion.net":[1,9],"diskusjon.no":[5,10],"dislessiaamica.com":[1,12],"dismoiou.fr":[1,11],"disney.co.jp":[3,3,9],"disney.co.uk":[3,9],"disney.com":[3,3,9],"disney.fr":[3],"disney.it":[1,3,9],"disneycareers.com":[1],"disneycentralplaza.com":[3,3],"disneyextras.fr":[3,3,9],"disneygiftcard.com":[1,9],"disneyinternational.com":[12],"disneyland.com":[1,3,11],"disneylandparis-business.com":[1],"disneylandparis.be":[1,3,11],"disneylandparis.co.uk":[1,3,11],"disneylandparis.com":[1,3,11]}