{"data-archive.ac.uk":[1,12],"data-axle.com":[1],"data-basics.net":[12],"data-bg.net":[1,12,5],"data-dock.fr":[1,12],"data-systems.fi":[1,9],"data.be":[1,5],"data.bg":[1,3,7],"data.com":[1],"data.gov.uk":[1,12],"data.hu":[1,5,10],"data.world":[1,12,5],"data18.com":[12],"data2crm.com":[1,12,11],"databankhonden.nl":[1,12],"databarevents.com":[1],"database.az":[1,12,3],"databaseebook.com":[12],"databasemart.com":[1,5],"databazaar.com":[9],"databazeknih.cz":[1,12,3],"databeats.com":[1],"databecker.de":[12],"databooter.com":[1,5],"databox.com":[1],"databox.pt":[1,5,9],"databreachtoday.com":[1,5],"databricks.com":[1,5],"datacamp.com":[1,12,5],"datacandy.com":[1],"datacandyinfo.com":[1],"datacap.be":[1],"datacash.com":[12],"datacoll.net":[12],"datacolor.com":[1],"datacom.co.nz":[1],"datacom.com.au":[1],"datacomp.sk":[9],"datacoup.com":[1,5],"datacracker.com":[1,5],"datadeck.com":[1],"datadeliver.net":[12],"datadepositbox.com":[1],"datadiggers-mr.com":[1,12],"datadiggers.ro":[1,12],"datadoghq.com":[1],"datadryad.org":[1,12],"dataeverywhere.com":[12],"datafeedr.com":[1,5],"datafeedwatch.com":[1],"datafile.com":[1,5],"datafinch.com":[1,12],"datafinder.com":[1,5],"datafox.co":[1],"datafox.com":[1],"datafrenzy.com":[1],"datahero.com":[1],"dataiku.com":[1,5],"datainside.com":[1],"datainterconnect.com":[1],"dataio.nl":[1,9],"datak.ir":[1],"datakit.com":[1,12,5],"datalinkek.com":[10],"datalogic.com":[1],"datalot.com":[1],"datamasterusa.com":[12],"datamatic.it":[5],"datamed.lv":[1,12],"datamemorysystems.com":[1,5],"dataminr.com":[1,12],"datamolino.com":[1],"datamotion.com":[1],"datamotive.com.au":[1],"datamyne.com":[1],"datananas.com":[1,12],"datanta.fr":[10],"datanyze.com":[1],"dataoncloud.com":[1,12],"dataonline3.com":[1,12],"datapay3.com":[1,12],"datapaylive.co.nz":[1],"datapine.com":[1,5],"datapipe.com":[1],"dataplicity.com":[1,5],"datapressepremium.com":[1],"dataprev.gov.br":[12],"dataquest.ch":[1,12,9],"dataquest.io":[1,12,5],"datareadings.com":[12],"datarooms.com":[1,12],"datart.cz":[9],"datart.sk":[9],"datascene.net":[12],"datasciencecentral.com":[1,12,5],"datascientistworkbench.com":[1,12,5],"datascraping.co":[1,5],"datasecureprocess.com":[12,1],"datasift.com":[1]}