{"sv.net":[1],"sv44.com":[1,12],"sva.edu":[1,12],"svapami.it":[12,9],"svapem.com":[9],"svapo.it":[12,3,10],"svapobar.it":[12],"svapodream.it":[9],"svapostore.net":[12,9],"svapoweb.it":[12,9],"svb-marine.fr":[9],"svb.com":[1],"svb.de":[9],"svb.nl":[1,12],"svbconnect.com":[1,2],"svbfamilyonline.com":[1],"svbtle.com":[1],"svccorp.com":[12],"svcfin.com":[1],"svclnk.com":[1],"svcmot.com":[12],"svd.se":[12,3,7],"sveacasino.com":[3,3],"sveaekonomi.se":[1,12],"sveasoft.com":[1],"svec-online.coop":[1],"svedalacasino.com":[1,3,3],"svenskadomaner.se":[1,5],"svenskafans.com":[3,3],"svenskalag.se":[1],"svenskamagic.com":[1,12,3],"svenskaspel.se":[1,3,3],"svenskfotboll.se":[1,12,3],"svensktkosttillskott.se":[3,4,9],"sverige.nu":[1,12,3],"sverigecasino.com":[3],"sverigekronan.com":[3,3],"sverigesingenjorer.se":[1,12],"svetandroida.cz":[1,5,7],"svgator.com":[1,12,5],"svgcuts.com":[1,9],"svgsalon.com":[1,12,9],"svh24.de":[1,9],"sviesolutions.com":[1],"sviguns.com":[1],"svijet-medija.hr":[9],"sviluppoeconomico.gov.it":[1,12],"svinando.com":[12,1,9],"svkm.ac.in":[12],"svlonline.com":[1],"svmc.se":[1,12],"svmeurope.co.uk":[1,9],"svn.nl":[1],"svnbackoffice.net":[12],"svncanada.com":[9],"svnk.nl":[1],"svp.co.uk":[5,9],"svp.com":[1,12],"svpply.com":[9],"svr.nl":[1,12],"svrider.com":[12],"svscomics.com":[12,3],"svsd.net":[1,12,5],"svsound.com":[1,9],"svssecurities.com":[1,2],"svsu.edu":[12],"svtperformance.com":[12],"svusd.org":[12],"svvsd.org":[12],"svyaznoy.ru":[9],"sw-augsburg.de":[1,12],"sw-box.com":[9],"sw-db.com":[1,12],"sw-ka.de":[1,12],"sw-magdeburg.de":[1],"sw-motech.com":[1,9],"sw.org":[4],"swabbl.com":[1],"swabiz.com":[1,11],"swacaliforniamillions.com":[1],"swachhbharaturban.gov.in":[12],"swacu.org":[1,2],"swadpia.co.kr":[12],"swagbucks.com":[1,9],"swagbuckssurveys.com":[1,9],"swagelok.com":[1,12,9],"swaggable.com":[1],"swaggerhub.com":[1,5],"swakembroidery.com":[1,9],"swalec.co.uk":[1],"swalife.com":[12],"swallowhillmusic.org":[1,12],"swamembers.com":[1],"swamp.net.au":[1,9],"swan.ac.uk":[12],"swankhealth.com":[1,12],"swankhealthcare.com":[1,12],"swankmembers.com":[1],"swanlibraries.net":[1,12]}