{"filmsdvdrip.co":[12],"filmsflix.com":[1],"filmsourcing.com":[1,12,3],"filmstarts.de":[3],"filmstriben.dk":[3],"filmstro.com":[1],"filmstruck.com":[1,12,3],"filmsupply.com":[1,3],"filmtipset.se":[3],"filmtools.com":[9],"filmtv.it":[3],"filmundo.de":[3,9],"filmux.org":[3],"filmvacatures.nl":[7],"filmweb.pl":[3],"filmy.to":[1,3],"filmyhd.net":[3,12],"filmzhub.com":[1],"fiload.net":[1,12],"filofax.co.uk":[1,9],"filofax.de":[1,12,9],"filofax.fr":[1,12,9],"filofaxusa.com":[9],"filou.de":[1,5],"filson.com":[9],"filterbuy.com":[9],"filterbypass.me":[12],"filterdigital.com":[1],"filtereasy.com":[1,9],"filtered.com":[1,12],"filterforge.com":[1],"filters-now.com":[1,9],"filtersamerica.com":[9],"filtersfast.com":[1,9],"filtersusa.com":[9],"filthfreaks.com":[12],"filtr.com":[3],"filtr8.com":[1],"filtres-spa.com":[1,9],"fimc.net":[1],"fimfiction.net":[12,3],"fin4u.net":[1,2],"finaconnect.com":[1,2],"finagaz.fr":[1],"finagora.com":[12],"final-score.com":[12],"final4ever.com":[1],"finalalgo.com":[12],"finalbux.com":[12],"finaleinventory.com":[1],"finalemusic.com":[1,12],"finalfantasyxiv.com":[12],"finalfantasyxv.com":[1],"finalforms.com":[1,12],"finalsite.com":[1,12],"finalsurge.com":[1,3],"finalternatives.com":[1,2,12],"finam.ru":[2],"finamatic.fr":[1],"finametrica.com":[1],"finance.si":[1,12],"finance41.com":[1],"financeaccess.com":[1],"financeads.net":[1,12],"financeagents.com":[1],"financeexpress.com":[12],"financefox.de":[1],"financeit.ca":[1],"financelogix.com":[1,2],"financepro.net":[12],"financesurf.net":[1],"financhill.com":[1,2],"financial-education-center.com":[12],"financial-link.com.my":[1,12],"financial-net.com":[1],"financial-ombudsman.org.uk":[1,12],"financial-planning.com":[1,2,12],"financial-tracking.com":[1,2],"financialadvisoriq.com":[1,2],"financialavenue.org":[1,12],"financialeduservices.com":[1,12],"financialengines.com":[1,2],"financialexecutives.org":[1,12],"financialexpress.net":[1],"financialfinesse.com":[1,12],"financialfitnessinfo.com":[1,12],"financialhost.org":[12],"financialjobbank.com":[1,6],"financialjuice.com":[1],"financialliteracy101.org":[1,12],"financialpayments.com":[1,12],"financialpeace.com":[12],"financialplannerce.com":[1,12],"financialplusfcu.org":[1,2],"financialpost.com":[12],"financialtrans.com":[12],"financieraelcorteingles.es":[1,9],"financierebn.com":[1,2,12],"financingfortwo.com":[1]}