{"bluedogink.com":[1,9],"bluedogtraining.com.au":[1,12],"bluedolphin-magazines.com":[1,3,9],"bluedomino.com":[1,5],"bluedoorlabs.com":[1],"bluedotvapors.com":[12,1,9],"bluedrake42.com":[1,12,3],"blueface.com":[1,5],"blueface.ie":[1,5],"bluefangsolutions.com":[1,5],"bluefcu.com":[1,2],"bluefishtv.com":[12],"bluefly.com":[9],"bluefolder.com":[1],"blueforce.com":[1],"blueforcegear.com":[1,9],"bluegarden.dk":[1,5],"bluegarden.se":[1,12,5],"bluegeneration.com":[9],"bluegenesis.com":[1,5],"bluegiga.com":[1,5],"bluegolf.com":[1,12],"bluegrass.com":[1,12,3],"bluegrasscellular.com":[1,9],"bluegreen.com":[1,12],"bluegreenonline.com":[1],"bluegreenowner.com":[1],"bluegreenvacations.com":[1,11],"bluehorizonloans.com":[12],"bluehornet.com":[1],"bluehost.com":[1,5],"bluehost.in":[1,5],"blueinc.co.uk":[9],"blueinsurance.ie":[1,2],"bluejays.com":[12],"bluejaysurveys.com.au":[1,12],"bluejeans.com":[1],"bluekai.com":[1,5],"bluekango.com":[1],"bluekc.com":[1],"bluekiwi.net":[12],"blueleaf.com":[1],"blueletterbible.org":[12,12],"bluelight.org":[12],"bluelight.ru":[12],"bluelightcard.co.uk":[1,12,9],"bluely.eu":[1],"bluemarblegeo.com":[1,12,5],"bluematrix.com":[1,12],"bluemercury.com":[1,9],"bluemix.net":[1,5],"bluemoon-mcfc.co.uk":[12,3,3],"bluemoonforms.com":[1],"bluemountain.ca":[1],"bluemountain.com":[1,3,9],"bluemountaintraining.com":[1,12],"bluemove.es":[1],"bluemovie.cc":[1,3],"bluenergygroup.it":[1,9],"bluenile.com":[9],"bluenotemilano.com":[1],"blueoctopus.co.uk":[1,12],"bluepaid.com":[1],"bluepay.com":[1],"bluepipes.com":[1,6],"blueplanning.com":[1,12],"blueprint.com":[1,9],"blueprintcentral.com":[1],"blueprintcentral.net":[12],"blueprintforwellness.com":[1],"blueprintlsat.com":[1,12],"blueprintonline.co.za":[12],"blueprintregistry.com":[1,9],"blueprism.com":[1],"blueq.com":[1,9],"bluera.com":[12],"bluerec.com":[1],"blueribbonfair.com":[1],"blueridge.coop":[1,12],"blueridgeemc.com":[1],"blueridgeenergy.com":[1],"blueridgeknives.com":[9,12],"bluerim.net":[1,5],"bluerocketbooks.com":[1,12,9],"blues-brothers.biz":[1],"bluescape.com":[1],"bluesfest.com.au":[1],"bluesguitarinstitute.com":[1,12],"bluesguitarmaster.com":[1,12],"bluesguitarunleashed.com":[1,12],"bluesharmonica.com":[1,12],"blueshield.com":[1],"blueshieldca.com":[1,12],"blueshiftindia.com":[1,12],"blueshorefinancial.com":[1,2],"bluesky.com":[1,9],"blueskybooking.net":[1],"blueskybroadcast.com":[1],"blueskydrugs.com":[12,9]}