{"starbucks.com.tw":[1],"starbucks.de":[1,3],"starbucks.fr":[1,3],"starbucks.ie":[1,3],"starbucks.in":[1,3],"starbucks.mx":[1,3],"starbucks.net":[12],"starbucks.pl":[1,3],"starbuckscard.ph":[12],"starbuckscardb2b.com":[1,9],"starbuckscardtr.com":[12],"starbuckscoffeegear.com":[1,9],"starbuckspartnerdiscounts.com":[1,9],"starbucksrewards.com.ar":[1,9],"starbucksstore.com":[1,3],"starbytes.it":[1],"starcasino.be":[1,3,3],"starcasino.it":[3],"starchapter.com":[1],"starcite.com":[1],"starcitizen.fr":[1,12,3],"starcitizenbase.com":[12],"starcitygames.com":[1,12,3],"starcolony.com":[3],"starcompliance.com":[1],"starcowparis.com":[9],"starcrest.com":[9],"stardem.com":[1,12,7],"stardewvalleywiki.com":[1,12],"stardock.com":[12],"stardock.net":[12],"stardoll.com":[1,3,9],"stardom.com.au":[3,3],"stardraw.com":[12],"stardust.it":[12,3],"starface.de":[1,5],"starfall.com":[1,12],"starfi.re":[12],"starfinancial.com":[1,2],"starfinanz.de":[1],"starfishsolutions.com":[1,12],"starflyer.jp":[1,11],"starfrit.com":[9],"stargames.com":[3,3],"stargames.net":[3,3],"stargate.ca":[1,5],"stargatecommand.co":[1,3],"stargazerslounge.com":[1,12,3],"stargreen.com":[1,3],"starhealth.in":[1,12],"starhotels.com":[1,3],"starhub.com":[1,9],"starhub.net.sg":[12],"starhubgee.com.sg":[12],"starhubgo.com":[12],"starjv.com":[1,5],"stark-verlag.de":[1,12],"stark.dk":[9],"starkbros.com":[1,12,9],"starkeypro.com":[1,12],"starklibrary.org":[1,12],"starkstate.edu":[12],"starladder.tv":[1],"starleaf.com":[1],"starledger.com":[1,3,7],"starline-online.ru":[1],"starlinebrass.com":[1,9,12],"starlingbank.com":[1],"starlingcapital.com":[1,2],"starmade.fr":[12],"starmarinedepot.com":[9],"starmine.net":[1,3,5],"starmoney.de":[1,5],"starmovie.at":[12],"starnet.ee":[12],"starnet.md":[1],"starnik.net":[12],"starnow.co.nz":[1,3],"starnow.co.uk":[1,3],"starnow.com":[1,3],"starnow.com.au":[1,3],"starofservice.com":[1],"starone.org":[1,2],"starpass.fr":[1],"starpool.de":[1],"starpulse.com":[3],"starq8.it":[12],"starrewards.co.uk":[1],"starrezhousing.com":[12],"starrynight.com":[1,5],"stars-music.fr":[1,9],"starsdraft.com":[3],"starservicesuae.com":[1,6],"starshipit.com":[1],"starshipper.com":[1,12],"starslink.com":[12],"starsoft.fi":[1,12],"starsperformance.com":[12],"starspins.com":[1]}