{"lightingever.com":[9],"lightingnewyork.com":[9],"lightingsupply.com":[9],"lightinthebox.com":[9],"lightmap.co.uk":[1],"lightning-bolt.com":[1],"lightningsource.com":[1],"lightningvapes.com":[1,9],"lightnovel.cn":[1,12,3],"lightoj.com":[1],"lightology.com":[1,9],"lightonline.fr":[1,9],"lightrabbit.co.uk":[1,9],"lightreading.com":[1,5],"lightroom-plugins.com":[1],"lightroomforums.net":[1,10],"lightroompresets.com":[1],"lightroomqueen.com":[1],"lights4fun.co.uk":[9],"lightserve.com":[1],"lightsforalloccasions.com":[1,9],"lightshope.org":[1,12,5],"lightsource.com":[12,12,3],"lightspeed.com":[1,2],"lightspeedaviation.com":[1,12,9],"lightspeedhq.com":[1],"lightspeedpanel.com":[1],"lightspeedsystems.com":[1,12],"lightspeedvt.com":[1,12],"lightstalking.com":[1,12],"lightstock.com":[1,12,10],"lightstoneproperty.co.za":[1],"lightstream.com":[1,2],"lightthenight.org":[1,12],"lightwave3d.com":[1],"lightwaverf.com":[1,5],"lightwire.co.nz":[1,5],"lightworksbeta.com":[1,5],"lightzoneproject.org":[1,12,5],"ligne-en-ligne.com":[1,12],"lignesdazur.com":[1,12],"lignet.com":[12],"ligo.co.uk":[9],"ligonier.org":[12,12],"ligowave.com":[1],"ligtv.com.tr":[3,3],"ligue-cancer.net":[1,12,4],"ligueparis.org":[1,12],"liguria.it":[12],"lihkg.com":[12],"liife.com":[7,1,12],"liigaporssi.fi":[3,3],"liilas.com":[1,5,7],"liine.net":[1,12],"lijbrandt.nl":[1,5],"lijit.com":[1],"lijstje.nl":[9],"like-dengi.com":[12],"like-denqi.com":[1,5],"like-em-straight.com":[12,1,3],"like-it.fr":[1],"like.fm":[1,9],"like.vn":[1,3,3],"like2sport.com":[12],"like4card.com":[9],"like4like.com":[1],"like4like.org":[1,5],"likealocalguide.com":[1,12],"likebaguette.com":[1,5],"likebot.org":[12],"likebtn.com":[1],"liked.ru":[1],"likegrowers.com":[1],"likehotel.com.br":[12],"likeit.fi":[1],"likelyloans.com":[1,2],"likenation.com":[1,5],"likes.com":[12],"likesasap.com":[1,12],"likesforinsta.com":[1],"likesplanet.com":[1],"likesrock.com":[1],"likestagram.com":[1],"likestool.com":[1],"likesxl.com":[1],"liketly.com":[12],"liketocheat.com":[10],"liketoknow.it":[1],"likeup.fr":[1,12,5],"likeyou.it":[10],"liklebid.com":[1,9],"likno.com":[1,5],"likuid.com":[1,5],"lil-life.com":[1,3,3],"lilbrown.com":[12,9],"lilifolies-airsoft.com":[9,12],"liligal.com":[9],"lillarose.biz":[9],"lille.fr":[1,12]}