{"mangaumaru.com":[12],"mangaupdates.com":[3],"mangaxd.ws":[12],"mangaz.com":[12,3],"mangerbouger.fr":[1,12],"mango-office.ru":[1],"mango.com":[1],"mango.pl":[9],"mangoapps.com":[1],"mangocam.com":[1,5],"mangolanguages.com":[1,12],"mangomap.com":[1],"mangomoney.com":[1,2],"mangools.com":[1,12,5],"mangooutlet.com":[1],"mangopay.com":[1],"mangospring.com":[1],"mangot5.com":[1,12,3],"manhattangmat.com":[12],"manhattanlife.com":[1],"manhattanministorage.com":[1,9],"manhattanprep.com":[12],"manhattanshop.it":[9],"manhattanslots.com":[3,3],"manheim.co.uk":[1],"manheim.com":[1],"manheim.com.au":[1,12],"manheimremarketing.co.uk":[1],"manhunt.com":[12],"manhunt.net":[12],"mania-exchange.com":[12],"maniac-auto.com":[9],"maniacdvds.com":[12],"maniacw4r3z.com":[3,12],"maniahd.rocks":[1],"maniahotel.com.br":[1,3],"manian.com":[1,12],"maniaplanet.com":[1,3],"maniavirtual.com.br":[1,9],"manicomio-share.com":[12],"manifest.ly":[1],"manifestationmiraclemembers.com":[1],"manifone.com":[1,9],"manilatonight.com":[12,10],"manilla.com":[12],"manionwilkins.com":[1,2],"manipal.edu":[12],"manitoba-ehealth.ca":[1,12,9],"manitou-cloud.com":[1],"manjam.com":[1,12,10],"manjaro.org":[5],"manki.fr":[1,9],"mankind.co.uk":[9,11],"manna-jp.com":[1,12],"mannaseife.de":[1,9],"mannatech.com":[1,12],"mannheim.de":[1,12],"manning.com":[1,12,3],"mannington.com":[1],"mannlakeltd.com":[9],"manobite.lt":[1,5],"manocreditinfo.lt":[1,2],"manodienynas.lt":[1,12],"manogile.lt":[1],"manomano.co.uk":[12],"manomano.de":[12],"manomano.es":[12],"manomano.fr":[1,9],"manomano.it":[1,9],"manor.ch":[1,9],"manoramaonline.com":[12],"manoteo.lt":[1,9],"manoto1.com":[1,12,3],"manototv.com":[1,12,3],"manpacks.com":[9],"manplay.com":[10],"manporn.xxx":[12],"manpower-me.com":[1],"manpower.at":[1,6],"manpower.be":[1,6],"manpower.ca":[1],"manpower.ch":[1,6],"manpower.co.uk":[1,6],"manpower.com":[1],"manpower.com.au":[1],"manpower.com.co":[12],"manpower.com.mx":[1],"manpower.es":[1,12],"manpower.fr":[1,6],"manpower.gov.om":[1,12],"manpower.it":[1,12],"manpower.nl":[1,6],"manpower.no":[1,6],"manpower.se":[1,6],"manpowergroup.ae":[1],"manpowergroup.com":[1],"manpowergroup.com.br":[1,12],"manpowerjobnet.com":[1],"manpoweronline.it":[12]}