{"mall.hu":[1,9],"mall.pl":[9],"mall.sk":[1,9],"mallforafrica.com":[1,9],"mallofscandinavia.se":[1,3,9],"malltail.com":[1,9],"malmaison.com":[1,11],"malmberg.nl":[1,12],"malmo.se":[1,12],"malmoaviation.se":[1,12,11],"malmobybike.se":[1],"malmoopera.se":[1,12,3],"malommozi.hu":[12,3],"malongo.com":[1],"mals-e.com":[1,9],"malsingmaps.com":[12],"malt.fr":[1,12,5],"maltapark.com":[1,9,12],"maltapost.com":[1,9],"malteser.org":[1,12],"malthousetheatre.com.au":[1,12],"malts.com":[12],"malucos-share.org":[12],"malvern-tickets.co.uk":[1,3],"malvern.com":[1,12],"malwarebytes.com":[1,5],"malwarebytes.org":[1,5],"malwarepatrol.net":[1,5],"malwaretips.com":[1,5,10],"malwr.com":[5],"mam9.com":[12,10],"mama-system.com":[12],"mamaearth.ca":[1,3],"mamafia.fr":[1,12,3],"mamahoch2.de":[1,12,9],"mamaisonbleucieledf.fr":[1,5],"mamaloesbabysjop.nl":[9],"mamamiabingo.com":[3,3],"mamanandco.fr":[12,4],"mamapedia.com":[1,12,3],"mamasandpapas.com":[1],"mamba.ru":[12,1],"mambaby.com":[1,12],"mambu.com":[1],"mamega.com":[1,12,3],"mameilleureamie.com":[1,12,3],"mamemail.cz":[1],"mamikreisel.de":[9],"maminou.com":[1,12],"mammamia.ro":[1,3],"mammothelectronics.com":[9],"mammothhq.com":[1,12],"mammothmountain.com":[1],"mammut.ch":[9],"mamot.fr":[1,12],"mamotorworks.com":[9,12],"mamp.info":[5],"mamsy.ru":[9],"mamutuelle.org":[12],"mamutweb.com":[12],"mamytwink.com":[1,12,3],"mamzouka.com":[3],"man.ac.uk":[1,12],"man.eu":[1],"mana.pf":[1],"manabite.lv":[12],"manabiz.jp":[1,12],"manageandpaymyaccount.com":[1],"managebac.com":[1,12],"managebuilding.com":[1],"managebystats.com":[1,5,9],"managed.com":[1],"managedbyq.com":[1],"managedmissions.com":[1],"managedoffsitebackup.net":[1],"managedtechnicalsupportaccess.com":[1],"managedworkplace.com":[1,5],"manageengine.com":[1,5],"manageengine.fr":[1,5],"managego.com":[1],"managehr.com":[12],"manageitapp.com":[1,5],"managementboek.nl":[1,12,9],"managementconsulted.com":[1],"managementparadise.com":[1,12],"managementsite.nl":[1,12],"managementstudyguide.com":[1,12],"managementtrust.com":[1],"managemycreditcard.com":[12],"managemydirectory.com":[12],"managemyfloodpolicy.com":[1,2],"managemyhealth.co.nz":[12],"managemyid.com":[12],"managemylife.com":[9],"managemymarket.com":[1],"managemyspa.com":[1],"manageo.fr":[1,12],"managepayroll.com":[1],"manager-football.org":[1,3,3]}