{"virginia.gov":[1,12],"virginia529.com":[1,12],"virginiaheart.com":[1,12,4],"virginiainteractive.org":[1],"virginiamason.org":[1,12,4],"virginianaturalgas.com":[1],"virginiaslims.com":[12,1,9],"virginiats.com":[1,9],"virginmedia.co.uk":[1,9],"virginmedia.com":[1,9],"virginmedia.ie":[1],"virginmediabusiness.co.uk":[1],"virginmediapartners.com":[1],"virginmediatv.ie":[1,3,5],"virginmega.fr":[12],"virginmegastore.ae":[9],"virginmegastore.fr":[12],"virginmegastore.me":[9],"virginmobile.ca":[1],"virginmobile.cl":[1,3,9],"virginmobile.co":[1,9],"virginmobile.co.uk":[1],"virginmobile.com":[1,12],"virginmobile.com.au":[1],"virginmobile.fr":[1],"virginmobile.mx":[12],"virginmobile.pl":[1,5,9],"virginmobileusa.com":[1,9],"virginmoney.com":[1],"virginmoney.com.au":[1,2],"virginmoneyback.com":[1,9],"virginmoneygiving.com":[1,12],"virginmoneylondonmarathon.com":[1,12],"virginmoneylondonmarathonballot.com":[12],"virginpulse.com":[1],"virginradio.fr":[12,3,3],"virginradio.it":[3,3],"virginsport.com":[1],"virginstartup.org":[1],"virgintrains.co.uk":[1,11],"virgintrainseastcoast.com":[1,3,11],"virginvapor.com":[12,12,9],"virginwifi.com":[1],"virginwines.co.uk":[12,9],"virginwines.com":[12,1,12],"virginwines.com.au":[12,9],"viridian.com":[1,12],"viridiangreenlaser.com":[1,9,12],"virilbooster.com":[1,12],"virk.dk":[1,12],"virl.bc.ca":[1,12],"virmach.com":[1,5],"virool.com":[1],"virpus.com":[1,5],"virtacoinwallet.eu":[12],"virtapay.com":[12],"virtgate.ca":[12],"virtgate.com":[1],"virtnext.com":[12],"virtnextapp.com":[1],"virtonomica.ru":[1,12],"virtonomics.com":[1,12],"virtty.com":[1,12],"virtuaboard.com":[3,3],"virtuadopt.com":[12],"virtuafoot.com":[1,3,3],"virtuagirl.com":[12,1,5],"virtuagirl.eu":[12],"virtuaguyhd.com":[1,3],"virtuagym.com":[1,12],"virtual-advantage.com":[3],"virtual-beat.com":[12],"virtual-loup-de-mer.org":[12],"virtual-phonenumbers.com":[1,5],"virtual-railroads.de":[1],"virtual-stock-exchange.com":[1,2],"virtual-vancouver.com":[1],"virtualadtaker.net":[1],"virtualassistantjobs.com":[1,5,6],"virtualassistants.com":[1,6],"virtualavionics.com.br":[1,12],"virtualbee.com":[1,5],"virtualbox.org":[1,5],"virtualbranchservices.com":[1],"virtualbrokers.com":[1,2],"virtualcabinetportal.com":[1],"virtualcards.us":[12],"virtualclass.com.br":[1,12,5],"virtualcollector.net":[1,12],"virtualcustoms.net":[10],"virtualdj.com":[1,3],"virtualdjradio.com":[3],"virtualedge.com":[1],"virtualfamilykingdom.com":[1,12,3],"virtualgladiators.com":[1,5],"virtualhighschool.com":[12],"virtualhrcenter.com":[1],"virtualjoias.com":[9],"virtuallandline.co.uk":[1]}