{"cruisercustomizing.com":[9],"cruisersforum.com":[12,10,9],"cruiseshipjob.com":[1,6],"cruisin.me":[1,12],"cruising.org":[1,12],"cruisingforsex.com":[12],"cruisingpower.com":[12],"crumpler.com":[1,9],"crumpler.eu":[9],"crumplifeinsurance.com":[1],"crunch.co.uk":[1],"crunch.com":[1],"crunchbase.com":[12],"crunchboards.com":[1],"crunchingbaseteam.com":[1,3],"crunchlive.com":[1,12],"crunchprep.com":[1,12],"crunchyroll.ca":[3],"crunchyroll.co.uk":[3],"crunchyroll.com":[3],"crunchyroll.fr":[3],"crush-game.com":[3,3],"crush.zone":[12],"crushbits.com":[1],"crust.com.au":[3],"crutchfield.ca":[1,9],"crutchfield.com":[9],"cruzblanca.cl":[1],"cruzdelsur.com.pe":[1,12],"cruzeirodosul.edu.br":[1,12],"cruzeirodosulvirtual.com.br":[12],"cruzerlite.com":[1,9],"cruzetalk.com":[10,12],"cruzio.com":[1,7],"cruzroja.es":[1,12],"cruzrojadonaciones.org":[1,5],"crveneto.it":[1,12],"crvownersclub.com":[10,12],"crycash.io":[1],"crydev.net":[1,5],"crye-leike.com":[1],"cryengine.com":[1,5],"crynet.to":[1,12],"cryo-cell.com":[12],"cryobank.com":[1,12],"cryorig.com":[1],"cryp.trade":[1],"cryptagon.io":[1],"crypterium.io":[1,2],"crypterra.net":[1,2,5],"cryptex24.com":[1,2],"cryptfolio.com":[1,2,5],"crypticstudios.com":[3],"crypticvpn.com":[1,5],"cryptmarkets.com":[2,3],"crypto-bridge.org":[1,2,5],"crypto-extranet.com":[12],"crypto-games.net":[2,3,3],"crypto-mining24.com":[1],"crypto-trade.com":[12],"crypto.cat":[5],"crypto.tickets":[1],"crypto20.com":[1,2],"cryptobar.net":[1],"cryptobit.biz":[12],"cryptobitx.com":[1],"cryptobullionpools.com":[1],"cryptobuyer.io":[1,2],"cryptocapital.co":[1,2],"cryptoclub.biz":[1,5],"cryptocoin20.com":[1,2],"cryptocoincharts.info":[1,2],"cryptocointalk.com":[1,5,10],"cryptocompare.com":[1,2],"cryptoconsortium.org":[1,12],"cryptocurrencytalk.com":[1,5,10],"cryptodaily.io":[1],"cryptodao.com":[1,2,9],"cryptof.com":[1],"cryptofantasysports.com":[12],"cryptofarmer.com":[1],"cryptofly.net":[1,2],"cryptoforecast.com":[1,12,5],"cryptofr.com":[1,12,10],"cryptofundraiser.com":[1,2],"cryptogames.io":[12],"cryptograms.org":[1,12],"cryptoguru.tk":[2],"cryptohopper.com":[1],"cryptoinbox.com":[1],"cryptokami.com":[1],"cryptokitties.co":[12],"cryptolend.net":[1,2],"cryptomate.co.uk":[1,9],"cryptomator.org":[1,5],"cryptomax.io":[1,2],"cryptomining.farm":[1],"cryptomininggame.com":[1,2],"cryptomkt.com":[1]}