{"pixlee.com":[1],"pixlr.com":[1,5,10],"pixmania-pro.fr":[12],"pixmania.be":[12],"pixmania.co.uk":[1,9],"pixmania.com":[1],"pixmania.de":[9],"pixmania.es":[1,9],"pixmania.fr":[1,9],"pixmania.ie":[1,9],"pixmania.it":[9],"pixmania.nl":[1,9],"pixmania.pt":[1,9],"pixmania.se":[1,9],"pixnet.cc":[1,12],"pixnet.net":[7,10,10],"pixologic.com":[1],"pixorial.com":[1],"pixoto.com":[12],"pixpro.net":[1],"pixsy.com":[1],"pixsystem.com":[1],"pixta.jp":[1,12,9],"pixtastock.com":[1,3,9],"pixteller.com":[1],"pixter.fr":[1,9],"pixton.com":[3],"pixum.at":[1],"pixum.be":[1,9],"pixum.ch":[1,9],"pixum.co.uk":[1,9],"pixum.com":[1,9],"pixum.de":[1,9],"pixum.dk":[1,3,9],"pixum.fr":[1,3,9],"pixum.it":[1,3,10],"pixum.nl":[1,9],"pixwel.com":[1,12],"pixxass.de":[9],"pixxsel.de":[1,9],"pizap.com":[1,10],"pizza-king.hu":[1],"pizza-la.co.jp":[1],"pizza-online.fi":[1],"pizza-taxi.de":[1],"pizza-tempo.fr":[1,3],"pizza.be":[1,3],"pizza.co.th":[1],"pizza.de":[1,3],"pizza.hu":[1,9],"pizza73.com":[12],"pizzabakeren.no":[1,3],"pizzabo.it":[1],"pizzabolis.com":[1,3],"pizzacapers.com":[3],"pizzacapers.com.au":[3],"pizzadominium.pl":[1,3],"pizzaexpress.com":[1,3],"pizzafan.gr":[1],"pizzaforte.hu":[12],"pizzagest.info":[12],"pizzagogo.co.uk":[1,3],"pizzahotline.ca":[12],"pizzahut.ae":[1,9],"pizzahut.be":[1,3],"pizzahut.ca":[1,3,9],"pizzahut.co.in":[12],"pizzahut.co.kr":[1,3],"pizzahut.co.nz":[3],"pizzahut.co.th":[12],"pizzahut.co.uk":[1],"pizzahut.com":[1,3],"pizzahut.com.au":[1,9],"pizzahut.com.hk":[1,12],"pizzahut.com.mx":[1,3],"pizzahut.com.my":[1,9],"pizzahut.com.ph":[1,3,9],"pizzahut.com.sa":[1,3,9],"pizzahut.com.sg":[12],"pizzahut.com.tw":[1,12],"pizzahut.fr":[1],"pizzahut.gr":[3],"pizzahut.jp":[1,3],"pizzahut.pl":[12],"pizzahut.pt":[1,3],"pizzahut.ru":[1],"pizzahut.vn":[12],"pizzahutdelivery.ro":[1,3],"pizzahuthawaii.com":[1],"pizzaiolo.ca":[3],"pizzakit.com":[1],"pizzaluce.com":[1,3],"pizzamaking.com":[1,3],"pizzamann.at":[1,3],"pizzamax.de":[1,3],"pizzamogul.com.au":[1],"pizzamovil.es":[1],"pizzanova.com":[3],"pizzapai.fr":[1,3]}