{"opizo.com":[1,5],"oplatagosuslug.ru":[1,12],"oplates.com":[1,9],"opm.gov":[12],"opmantek.com":[1,5],"opmines.com":[12],"opnet.co.uk":[12],"opnet.com":[1,5],"opngo.com":[1],"opo.ch":[1,12,9],"opodo.at":[11],"opodo.co.uk":[11],"opodo.com":[11],"opodo.de":[11],"opodo.fr":[11],"opodo.it":[11],"opogame.com":[3],"opole.pl":[1,12],"oporto.com.au":[1,3],"oportun.com":[1],"opower.com":[1,5],"opp.com":[1,12],"oppa.com.br":[1,9],"oppaiti.me":[1],"oppapers.com":[12],"oppassen.nl":[12],"oppd.com":[1,12],"oppenheimerfunds.com":[1,12],"opploans-app.com":[12],"opploans.com":[1,2],"oppo.com":[1,3,9],"oppoforums.com":[12,5],"oppomart.com":[5,9],"opportunitybank.com":[1,2],"opportunityknocks.org":[1,12,6],"oppostyle.com":[1],"oppressive.games":[12],"opprtunity.com":[1,6],"oppseekers.com":[1],"opquast.com":[1,12],"oprah.com":[1,3],"oprend.hu":[5],"oprewards.com":[1,3],"oprius.com":[12],"opro.com":[1,9],"oprojekt.net":[1,12],"opryentertainmentgroup.com":[1],"ops-store.fr":[9,12],"ops.org":[12],"opscode.com":[1],"opsecsecurity.com":[1],"opsgear.com":[9],"opsgenie.com":[1,12],"opsgility.com":[1,5],"opskins.com":[3,9],"opsm.co.nz":[1,9],"opsm.com.au":[1,9],"opsonline.it":[12],"opstechnology.com":[1],"opstrack.com":[1],"opsview.com":[1,5],"opswat.com":[1,5],"opt-e-mail.com":[12],"opt-intelligence.com":[1],"opt.nc":[1],"optagelsesportal.dk":[1,12],"optar.com.ec":[12],"optasports.com":[1,12],"optavia.com":[1,12],"optcorp.com":[1,9],"opteck.biz":[1,2],"opteck.com":[1,2],"opten.hu":[1,12],"opteo.com":[1],"opternative.com":[1,12,9],"optiboard.com":[10],"optic2000.com":[1,9],"optical-center.eu":[1,9],"optical-center.fr":[1,9],"optical.org":[1,12],"optical4less.com":[1,9],"opticaldiscount.com":[1,9],"opticien24.com":[9],"opticontacts.com":[9],"opticsplanet.com":[9],"optie24.nl":[1,2],"optifast.com.au":[1,12,4],"optifine.net":[1],"optigest.fr":[1,12],"optigura.com":[1,9],"optik24plus.de":[1,9],"optimaforums.com":[10,12],"optimahealth.com":[1],"optimaitalia.com":[1,12],"optimalblue.com":[1],"optimalcare.com":[1],"optimalegal.co.uk":[1,12],"optimalon.com":[1,5],"optimalprint.co.uk":[1,9]}