{"cipd.co.uk":[1,12],"ciphr-irecruit.com":[12],"cipla.com":[1,12],"ciplafield.com":[12],"ciplanalanda.com":[1],"ciplaweb.com":[12],"cipr.ca":[12],"ciproza.co.za":[1],"cips.org":[1,12],"ciqss.co.uk":[12],"cir2.com":[12],"cira.ca":[12],"cirad.fr":[1,12],"ciran.nl":[1,12,4],"ciranet.com":[1,12],"circalighting.com":[9],"circasp.com":[1,12],"circdata-solutions.co.uk":[1],"circle.com":[1],"circle.ms":[1,12],"circleback.com":[1,5],"circlebacklending.com":[1,2],"circleci.com":[1],"circlek.com":[1,12],"circlek.dk":[1,9],"circlek.no":[1,9],"circlek.se":[1,9],"circlekeurope.com":[12],"circleksunkus.jp":[1,3],"circleofmoms.com":[1,12,3],"circleofprofit.com":[1,12],"circlepix.com":[1],"circles.fr":[1],"circles.life":[1,5],"circleup.com":[1,2],"circlewell.com":[1],"circuit.co.uk":[1],"circuit.com":[1],"circuitcity.com":[1],"circuitiperdue.it":[1],"circuitlab.com":[1,12,5],"circuitmaker.com":[1],"circuitree.com":[1],"circuits.io":[1],"circuitsonline.net":[1,12],"circulo.es":[1,12,9],"circulus-berkel.nl":[1,12],"circus.be":[12],"circusstreet.com":[1],"cirencester.ac.uk":[12],"ciril.net":[1,12],"cirius.com":[1,5],"cirkwi.com":[1,12],"cirquedusoleil.com":[1,12],"cirroenergy.com":[1],"cirrusaircraft.com":[1,12],"cirrusmktg360.com":[12],"cirruspilots.org":[1,12,3],"cirstatements.com":[1],"cisco.com":[1],"ciscoactiveadvisor.com":[1,5],"ciscoconnectcloud.com":[1,5],"ciscojabbervideo.com":[1],"ciscolive.com":[1],"ciscospark.com":[1,5],"ciscowebex.com":[12],"cisdata.net":[1],"cisecurity.org":[1,12,5],"cisgroup.net":[1],"cisi.org":[1,12],"cisiaonline.it":[1,12],"cisinks.com":[9],"cision.com":[1],"cisionpoint.com":[1],"cisl.it":[1,12],"cisp.co.za":[1],"cisp.org.uk":[1,5],"cissamagazine.com.br":[1,9],"cistes.net":[1,12],"cit.com":[1,2],"cit.edu.au":[1,12],"cit.ie":[12],"cit2.net":[1,12,3],"citadel.edu":[12],"citadelbanking.com":[1,2],"citadele.lv":[1,2],"citadelonlinebanking.com":[12],"citadelservers.com":[1,5],"citadines.com":[1,12,11],"citadium.com":[9],"citasfurtivas.com":[10],"citasupremo.com.ve":[1,5],"citation-atlas.co.uk":[1],"citationlabs.com":[1,12],"citationmachine.net":[1,12],"citavi.com":[1,12],"citco.com":[1,12],"cite-sciences.fr":[1,12],"cite-web.com":[1,12]}