{"flightschedulepro.com":[1],"flightschoolcandidates.gov":[12],"flightsim.com":[1,12,3],"flightsimlabs.com":[1,10],"flightsimstore.com":[1,9],"flightstats.co.uk":[1],"flightstats.com":[1,11],"flightstore.co.uk":[1,9],"flightsupport.com":[12],"flightview.com":[1,11],"flightwise.com":[1,12],"flightx.net":[12,5],"flii.by":[1,5,10],"fliiby.com":[1,5,10],"flikover.com":[1],"flikr.com":[10],"flimmer.de":[1],"flimmit.com":[3],"flinc.org":[1],"flinders.edu.au":[12],"fling.com":[10],"flingfinder.com.au":[10],"flinghub.com":[10],"flinglivegirls.com":[12],"flingsnear.me":[10],"flinkster.de":[12],"flinmatepackage.com":[1,12],"flinndal.nl":[1,12,9],"flinnprep.com":[1,12],"flinnsci.com":[12],"flint.com":[1],"flint.media":[1],"flint.tm":[1],"flintemc.com":[1,12],"flintenergies.com":[1,12],"flinter.hu":[1],"flinto.com":[1,5],"flintriver.com":[1,12,3],"flintshire.gov.uk":[12],"flip.co.nz":[1],"flip.id":[1],"flip.kz":[9],"flip.lease":[1],"flip18.com":[12],"flip4new.de":[1,9],"flipagram.com":[3,10,3],"flipboard.com":[12],"flipbuilder.com":[1,12],"flipcause.com":[1],"flipchat1rs.com":[1,5],"flipcomp.com":[1],"flipdrive.com":[1,5],"flipgive.com":[1,9],"flipgorilla.com":[1,12,5],"flipgrid.com":[12],"fliphtml5.com":[1,5],"flipitecon.com":[12],"flipitphysics.com":[12],"flipittowin.com":[1],"flipkart.com":[9],"flipkey.com":[1,11],"flipnerd.com":[1],"flipora.com":[1,12,5],"flipout.co.uk":[1,12],"flipp.dk":[1],"flippa.com":[1,9],"flipper.community":[1],"flippingbook.com":[1],"flippingmastery.com":[1,12],"flipquiz.me":[1,12],"fliprogram.com":[1],"flipshare.com":[1,5],"flipsnack.com":[1],"flipstersystem.com":[12],"flipswitch.com":[1,12],"flir.com":[1,12,9],"flirc.tv":[1,5],"flirchi.com":[1,12],"flirsecure.com":[1,9],"flirt-fever.de":[10],"flirt.com":[10],"flirt4free.com":[1,3],"flirtami.it":[10],"flirtbox.co.uk":[7,1,3],"flirtbuddies.com":[10],"flirtcafe.de":[12],"flirtdiscret.com":[10],"flirterama.com":[1],"flirtfair.com.au":[10],"flirthookup.com":[12,3],"flirthookuplive.com":[12],"flirthut.com":[10],"flirtic.ee":[10],"flirtiva.de":[1],"flirtkontakt.cz":[10],"flirtkontakt.sk":[10],"flirtland.net":[1],"flirtlocal.com":[12,1,3],"flirtmatch.se":[10]}