{"rrlogon.com":[1],"rrpicturearchives.net":[1,3],"rrpowersystems.com":[1,12],"rrpproxy.net":[1,5],"rrps.net":[12],"rrrather.com":[12,3],"rrreview.com":[1],"rrs-direct.com":[1,9],"rrts.com":[1],"rrtusa.net":[12],"rs-online.com":[1,9],"rs-particuliers.com":[1,9],"rs.com":[1],"rs.ge":[1,12],"rs.gov.br":[1,5],"rs25.com":[3,10],"rsa-al.gov":[1,12],"rsa.com":[1,5],"rsa.ie":[1,12],"rsaconference.com":[1,12],"rsasecurity.com":[1,5],"rsb.org.uk":[12],"rsb.ru":[1,2,9],"rsbuddy.com":[12,10,9],"rsc.org":[1,12],"rsc.org.uk":[1,12],"rsccd.edu":[1,12],"rschooltoday.com":[1,12],"rschronicle.com":[1,12,3],"rscreservation.com":[1],"rsdelivers.com":[12],"rsdmo.org":[12],"rsdnation.com":[1,12,3],"rsdpassport.com":[12],"rsec.co.in":[1,2],"rserving.com":[12,1,12],"rshughes.com":[1,12,9],"rsi.fr":[1,12],"rsiinc.com":[1],"rsishifts.com":[12],"rsiweb.com":[12],"rsjoomla.com":[1,5],"rsk.is":[1,12],"rsl.ru":[1,12],"rslartunion.com.au":[1,3],"rslawards.com":[1,12],"rsli.com":[1],"rsload.net":[1,12,5],"rsm.ac.uk":[1,12],"rsm.nl":[1,12],"rsmart.com":[1,12],"rsmeans.com":[1],"rsmeansonline.com":[1],"rsmstar.nl":[1,12],"rsmuk.com":[1],"rsmus.com":[1],"rsmv.net":[1,12,5],"rsna.org":[1,12],"rsorder.com":[1,9],"rspb.org.uk":[1,12],"rspca.org.uk":[1,12],"rsrgroup.com":[1,12],"rss-ro.com":[12,3],"rss.com":[1],"rssc.com":[1,11],"rssfeedreader.com":[12],"rssinclude.com":[1,12,5],"rssing.com":[1,12],"rst.ua":[1,12],"rstforums.com":[12],"rstudio.com":[1,5],"rsu.edu":[12],"rsvp.com.au":[10],"rsvpbook.com":[1],"rsvpify.com":[1],"rsw-systems.com":[1,12],"rt-batiment.fr":[12],"rt-mart.com.tw":[9],"rt.com":[1,12,7],"rt.ru":[1],"rt7.net":[1],"rta.ae":[12],"rtacabinetstore.com":[1,9],"rtb.ie":[1,12],"rtbf.be":[1,12,3],"rtbookreviews.com":[1,3],"rtcamp.com":[1,5],"rtd-denver.com":[1],"rte-france.com":[1,12,5],"rte.ie":[1,12,7],"rthealthfund.com.au":[1,12],"rti.org":[1,12],"rticorp.com":[1],"rtify.com":[12],"rtings.com":[1,12],"rtionline.gov.in":[1,12],"rtl-theme.com":[1,5],"rtl.be":[12,3,7],"rtl.de":[1,3]}