{"31dover.com":[12,1,9],"31juin.fr":[1,3],"321auto.com":[1,9,12],"321forms.com":[1],"321linsen.de":[1,9],"321movies.co":[3],"32auctions.com":[1],"32barblues.com":[9],"32market.com":[1],"32pag.es":[1],"32red.com":[3,3],"32red.it":[3,3],"32redsport.com":[3],"337.com":[3],"33across.com":[1],"33mail.com":[1,5],"34sp.com":[1],"350.org":[12,11],"35awards.com":[1,12,3],"35photo.ru":[1],"360.cn":[1,3,5],"360.com":[1,3,5],"360cities.net":[1],"360doc.com":[12],"360facility.net":[12],"360fly.com":[1,3],"360full.net":[3,10],"360game.vn":[1,12,3],"360haven.com":[12,3],"360imprimir.com.br":[1,9],"360imprimir.es":[1,9],"360imprimir.pt":[1,9],"360itu.org.il":[1,12,9],"360kpop.com":[12],"360learning.com":[1,12],"360play.vn":[1,3],"360safe.com":[1,9],"360totalsecurity.com":[1,5],"360training.com":[1,12],"360unite.com":[1],"365.is":[1,9],"365binaryoption.com":[1,2],"365bywholefoods.com":[1,9],"365chess.com":[3,3],"365command.com":[1,5,9],"365farmnet.com":[1],"365games.co.uk":[9],"365online.com":[1,12],"365planet365.com":[12],"365planetwinall.net":[3],"365project.org":[1,12],"365psd.com":[1,10],"365residentservices.com":[1],"365tageoffen.de":[1,9],"365trading.com":[1,2],"36kr.com":[1],"37.com":[3,3,9],"37signals.com":[1,12],"3838.com":[1,9],"38degrees.org.uk":[1,12],"38news.jp":[1,12],"3905international.net":[1,12],"39dn.com":[1,5],"39dollarglasses.com":[9],"3aaa.co.uk":[1,12],"3animalsextube.com":[12],"3as-racing.com":[1,9],"3asq.tv":[10],"3avape.com":[9],"3balls.com":[9],"3bb.co.th":[1],"3bbwifi.com":[12],"3blackdot.com":[12],"3bmeteo.com":[12,7],"3cay.net":[3,3],"3cityfoods.com":[1],"3claws.com":[1],"3com.com":[1,5],"3commas.io":[1,3],"3cx.com":[1,5],"3cx.fr":[1,5],"3cx.us":[1,5],"3d-chats.net":[1,3],"3d-secure-code.de":[12],"3d-sexgames.com":[12],"3d.sk":[1,12],"3d4medical.com":[1,12],"3dbuzz.com":[1,12,5],"3dcadbrowser.com":[9],"3dcart.com":[1],"3dcart.net":[12],"3dcartstores.com":[1],"3dchat.com":[12,1],"3dconnexion.com":[1,5],"3dcontentcentral.com":[1,5],"3dcontentcentral.fr":[1,5],"3ddata.se":[1,12],"3ddd.ru":[1,3,9],"3defy.com":[3]}