{"posirank.com":[1],"positifforum.com":[12,3,10],"positionly.com":[1],"positivaenlinea.gov.co":[12],"positivegrid.com":[12],"positiveparentingsolutions.com":[1,12],"positivepromotions.com":[1,12,9],"positivesingles.com":[10],"positivityresonance.com":[12],"positivoon.com.br":[1,12],"positronrt.com.br":[1],"poslatsms.cz":[1],"poslavu.com":[1],"poslazio.it":[1,12,4],"poslovna.hr":[1],"posnet.us":[1],"posonline.com.my":[1,12],"posportal.com":[1],"posren.com":[3],"possessionclaim.gov.uk":[1,12],"post-gazette.com":[1,7],"post-individuell.de":[12],"post-tracker.ru":[1,12],"post.at":[1,9],"post.ch":[1,12],"post.de":[1,12],"post.edu":[12],"post.gov.tw":[1],"post.kz":[1],"post.lu":[1,12],"post.nl":[1],"posta.hu":[1,2],"posta.sk":[1,12,9],"postable.com":[1,9],"postacertificata.gov.it":[1,12],"postach.io":[1],"postadsdaily.com":[1],"postaffiliatepro.com":[1],"postaljobsauthority.com":[1],"postandcourier.com":[1,7],"postani-student.hr":[1,12],"postaonline.cz":[1],"postapronta.eu":[1],"postauto.ch":[1,12],"postbank.bg":[1,2],"postbank.de":[1,2],"postbox-inc.com":[1,5],"postbulletin.com":[1,12,7],"postbus.de":[12],"postcardnetworker.biz":[1],"postcards.com":[1],"postclickmarketing.com":[1,12],"postcode-lotterie.de":[1,12],"postcodeanywhere.co.uk":[1,5],"postcodeloterij.nl":[1,12],"postcodelottery.co.uk":[1,3],"postcodescratch.co.uk":[3,3],"postcrescent.com":[1,12,7],"postcrossing.com":[1],"postdanmark.dk":[1,9],"poste-impresa.it":[1],"poste.dz":[1,12],"poste.it":[1],"poste.tn":[12],"postecert.it":[1],"posted.co.rs":[1,2],"posteitaliane.it":[12],"postemobile.it":[1,5],"posten.no":[1],"posten.se":[1],"posteo.de":[1,5],"postepay.it":[1],"postergully.com":[5,7,9],"posterini.com":[1],"posterjack.ca":[1,9],"posterjack.com":[1,9],"postermywall.com":[1],"posterous.com":[12],"posterrevolution.com":[3,9],"posterxxl.at":[1,9],"posterxxl.de":[1,9],"posterxxl.fr":[1,9],"postescanada-canadapost.ca":[1,9],"postfilter.nl":[1,12],"postfinance.ch":[1,2],"postgraduate-funding.com":[12],"postgrain.com":[5],"postgresql.org":[1,12,3],"posthaus.com.br":[9],"posthaven.com":[1],"posthope.org":[1],"posti.fi":[1],"postie.co.nz":[9],"postimage.io":[10],"postimage.org":[1,10],"postimages.org":[1,10],"postimees.ee":[1,12],"postimg.org":[1,10],"postingblues.com":[1]}