{"pac.jobs":[1,12],"pacajob.com":[1,6],"pacbrands.com.au":[12],"paccar.com":[1],"paccofacile.it":[1],"pacdocsign.com":[1],"pace.car":[1],"pace.com":[1],"pace.edu":[12],"pacemaker.press":[1,12],"pacepdh.com":[1,12],"pacer.gov":[1,12],"pacermonitor.com":[1,12,7],"pacerpro.com":[1],"pacey.org.uk":[1,12],"pacific.edu":[12],"pacific.net.au":[1,5],"pacificabeauty.com":[9],"pacificard.com.ec":[1,2],"pacificcoast.com":[1,9],"pacificfunds.com":[1,2],"pacificgolf.co.jp":[1],"pacificheadwear.com":[1,9],"pacificleague.jp":[12],"pacificlife.com":[1],"pacificpeche.com":[9],"pacificpower.net":[1,12],"pacificservice.org":[1,2],"pacificsource.com":[1,12],"pacificspecialty.com":[1,2],"pacificu.edu":[12],"pacificunionfinancial.com":[1],"pacificwhale.org":[1,12],"pacitel.fr":[9],"pack15-30.fr":[1,12],"package-buddy.com":[1],"package.direct":[1,12],"packagecloud.io":[1,5],"packageconciergeadmin.com":[1],"packagefromsanta.com":[1],"packagelog.com":[1],"packagemapping.com":[1],"packageradar.com":[1],"packagetrackr.com":[1],"packaging2buy.co.uk":[9],"packagingprice.com":[9],"packagingwholesalers.com":[1,9],"packagist.org":[1,12,5],"packal.org":[1],"packardbell.com":[12],"packardwoodworks.com":[9],"packback.co":[1,12],"packbarre.com":[1,9],"packdiscount.com":[9],"packdog.com":[12],"packershoes.com":[9],"packersproshop.com":[9],"packet.net":[1,5],"packetlife.net":[1,5],"packfnacsecurite.com":[1,5],"packingboxes.co.uk":[9],"packitgourmet.com":[3,9],"packlane.com":[1],"packlink.de":[1],"packlink.es":[1,9],"packlink.fr":[1,9],"packlink.it":[1,9],"packmage.com":[1,12],"packoplock.se":[9],"packseeker.com":[9],"packsend.com.au":[1],"packstation.de":[1],"packtpub.com":[1,5,9],"packweb2.com":[1,12,5],"packweb3.com":[1],"pacle.org":[1,12],"pacmed.org":[1,12],"pacoperfumerias.com":[9],"pacopetshop.it":[12,9],"pacourts.us":[1,12],"pacsafe.com":[9],"pacsoftonline.com":[12],"pacsoftonline.se":[12],"pacsun.com":[9],"pactapp.com":[1],"pactcoffee.com":[1,3],"pactimo.com":[9],"pactole.net":[1,12,3],"pactwork.com":[1,12],"pacu.com":[1],"pacwisp.net":[1],"pacyber.org":[1,12],"paczkomaty.pl":[1],"padandquill.com":[9],"padd.fr":[9],"paddle.com":[1,5],"paddle8.com":[1,12],"paddlepalace.com":[9],"paddlepop.com.au":[3,3]}