{"key4you.cz":[3],"keybank.com":[1,2],"keybase.io":[1,5],"keyboardingonline.com":[12],"keybr.com":[1,12],"keycafe.com":[1],"keycaptcha.com":[1,5],"keycdn.com":[1,5],"keychainserver.net":[12],"keyclack.com":[1],"keyclient.it":[1],"keycom.co.uk":[1,5],"keycoopt.com":[1],"keye.pl":[9],"keyedinprojects.co.uk":[1],"keyence.co.jp":[1,12],"keyence.com":[1,12],"keyence.de":[1,12,9],"keyence.eu":[1],"keyence.fr":[1],"keygamepc.com":[3,3],"keyhero.com":[1,12],"keyhole.co":[1],"keyhole.com":[1,12],"keyingredient.com":[3],"keyinstant.com":[1,9],"keyivr.co.uk":[1,12],"keyivr.com":[12],"keylessentryremotefob.com":[1,9],"keylightgrc.com":[12],"keymailer.co":[1,5],"keymetrics.io":[1,5],"keymusic.com":[1,9],"keynote.com":[1],"keypanel.de":[1],"keypart.com":[1,9,12],"keypointcu-secure.com":[12],"keypointcu.com":[1,2],"keypublishing.com":[1,12],"keypunk.com":[1,9],"keyrealtyschool.net":[1,12],"keyring.com":[9],"keyringapp.com":[1,9],"keys2drive.com.au":[1,12],"keysbank.com":[1,2],"keysearch.co":[1,5],"keysecurity-ltd.com":[1],"keyshot.com":[1,5],"keysight.com":[1,5],"keystart.com.au":[1,2],"keystock.com":[1,2],"keystone.ch":[1,12,3],"keystonebest.com":[1,12],"keystonecollects.com":[1,12],"keystonefirstpa.com":[1,12,4],"keystonejs.com":[1,5],"keystoneondemand.com":[1,12],"keystoneresort.com":[1,12],"keystoneschoolonline.com":[1,12],"keystonesymposia.org":[12],"keysurf.net":[1,5],"keytocash.org":[1,12],"keytotheworld.com.au":[1,2],"keytradebank.be":[1,2],"keytradebank.com":[1,2],"keytrain.com":[1,12],"keytravel.com":[1,12],"keytv.net":[12],"keyweb.de":[1,5],"keywelt-board.com":[12,3,10],"keyword.io":[1,12,5],"keyworddiscovery.com":[1,5],"keywordeye.com":[1,5],"keywordinspector.com":[1,5,9],"keywordkeg.com":[1,5],"keywordrevealer.com":[1],"keywordsnatcher.com":[1,5],"keywordspy.com":[1,12,5],"keywordtool.io":[1,5],"keywordtooldominator.com":[1,5],"keywordxp.com":[1,5],"keyworks.com.mx":[12],"keyyo.com":[1],"keyyo.fr":[1],"kf4d.com":[12],"kfaction.net":[12],"kfast.se":[1,12],"kfc.ae":[1,9],"kfc.bg":[1,3],"kfc.co.in":[1,3,9],"kfc.co.jp":[1],"kfc.co.th":[1,3,9],"kfc.co.uk":[1],"kfc.com":[1,3],"kfc.com.my":[1,12,9],"kfc.com.ph":[1],"kfc.jp":[1],"kfcdelivery.ca":[12],"kfcdelivery.com.my":[1,12,9]}