{"factset.com":[1],"factslides.com":[12],"factsmgt.com":[1,12],"factstuition.com":[12],"factstuitionaid.com":[1,12],"factual.com":[1,5],"factualdata.com":[1],"facturacioncapufe.com.mx":[12],"facturadirecta.com":[1],"facturador.com":[1],"facturation.pro":[1],"facture.net":[1],"factuursturen.be":[1],"factuursturen.nl":[1],"facua.org":[1,12,7],"faculdadepitagoras.com.br":[1,12],"facultydiversity.org":[12],"facultyenlight.com":[12],"fadavis.com":[1,12,4],"fadecloudmc.com":[1,12,10],"fadehost.com":[1,5],"faderplay.com":[1,3],"fadesp.org.br":[1,5],"fadinmed.it":[1,12],"fadmetis.it":[1,12],"fado.vn":[9],"fadv.ca":[1],"fadv.com":[1],"fadv.com.au":[1],"fadvhms.com":[12],"faehre.de":[1,12],"fael.edu.br":[1,12],"faergen.dk":[1,12],"fafcu.com":[1],"fafcu.org":[1,2],"fafiec.fr":[1,12],"fafih.com":[1,12],"faforever.com":[1,12,3],"fafsa-application.com":[1,12],"fafsa.com":[12],"fafsa.gov":[12],"fafsa.org":[12],"fagbokforlaget.no":[12],"faguo-store.com":[9],"fahasa.com":[12],"fahorro.com":[9],"fahren-lernen.de":[1,12],"fahrgemeinschaft.de":[1],"fahrneyspens.com":[9],"fahrrad-xxl.de":[9],"fahrrad.de":[9],"fahrschulcard.de":[1,12],"faicentral.com":[12],"faiconnect.it":[12],"faie.at":[9],"failbettergames.com":[1,12,3],"failforum.net":[1,12,3],"faillissementsdossier.nl":[1,12],"fairchildsemi.com":[1,5,9],"faircom.com":[1,5],"faire-des-amis.com":[1,12],"faire-part-creatif.com":[1],"faire-part.com":[1,9],"faire.software":[1,5,9],"fairepartmoinscher.com":[1,3,9],"fairepartnaissance.fr":[1,3,9],"fairfax.com.au":[1],"fairfaxcounty.gov":[1,12],"fairfaxcryobank.com":[1,12],"fairfaxmedia.com.au":[1],"fairfaxregional.com.au":[12],"fairfield.edu":[12],"fairfieldschools.org":[1,12],"fairfx.com":[1,2],"fairfx.net":[1],"fairgate.ch":[1],"fairgocasino.com":[12],"fairgoods.com":[9],"fairlingo.com":[1],"fairmanager.com":[1],"fairmondo.de":[1,12,9],"fairmont.com":[1,9,11],"fairmont.fr":[1,9,11],"fairmontstate.edu":[12],"fairphone.com":[1],"fairpoint.com":[1],"fairpoint.net":[1],"fairprice.com.sg":[12],"fairsandfestivals.net":[1,12],"fairsoftware.co.uk":[1,9],"fairstonecanada.ca":[1],"fairview-secure.org":[1],"fairview.org":[1,12,4],"fairvital.com":[1,9],"fairwayfiles.com":[1,12],"fairwaymarket.com":[1],"fairwinds.org":[1,2],"fairwindsonline.com":[1,12],"fairwire.com":[1]}