{"agospap.fr":[12],"agosweb.it":[1],"agpestores.com":[1],"agpl.net":[9,12],"agpm.fr":[1,2,12],"agradi.nl":[9],"agranet.fr":[1],"agreatread.co.uk":[12,3,9],"agree.com":[1],"agreeadate.com":[12],"agreementexpress.net":[1,5],"agregame.com":[10],"agrello.org":[1],"agresori.com":[12,3],"agria.se":[1,12],"agriaffaires.com":[1,9],"agribank.com.vn":[12],"agriconomie.com":[1,9],"agriculture.gov.au":[1,12],"agriculture.gov.ie":[1,12],"agridatainc.com":[1],"agrieuro.com":[1,9],"agrieuro.fr":[1,9],"agrifournitures.fr":[9],"agrilicious.org":[1],"agrion.org":[1,12],"agrisupply.com":[1,9],"agriturismo.it":[1],"agrium.com":[1,12],"agriya.com":[1],"agrizone.net":[1,9],"agrodata.de":[1],"agronomy.org":[1,12],"agroparistech.fr":[12],"agroparts.com":[12],"agropur.com":[1,12],"agrotama.com.br":[1,9],"agrupate.com":[1,9],"agrussell.com":[9,12],"agsm.it":[1,12],"agu.org":[12],"aguacana.fr":[12],"aguasandinas.cl":[12],"aguasonline.es":[12],"aguassantafesinas.com.ar":[1],"aguiabranca.com.br":[1,9],"agulife.ru":[1,12],"agur.fr":[1,12],"agusiq-torrents.pl":[1,12,5],"agustawestland.com":[12],"agustoconlavida.es":[1,12,4],"ah-me.com":[12],"ah.be":[1],"ah.nl":[1],"ah.org":[1,12,4],"aha-journals.org":[12],"aha.bg":[12,1],"aha.io":[1,12],"aha.org":[1,12],"ahaconversations.com":[12],"ahajournals.org":[1,12,4],"ahalife.com":[9],"ahanet.net":[1,12],"ahano.de":[1,12],"aharadio.com":[1,12],"ahash.io":[12],"ahashare.com":[3,3],"ahava.com":[1,9],"ahcancal.org":[1,12],"ahd.com":[1,12],"aheadworks.com":[1,5],"ahealthyme.com":[4],"aheconnect.com":[12],"ahern.com":[1],"ahgconnect.org":[1],"ahgz.de":[1],"ahi33.org":[1,12,4],"ahima.org":[1,12],"ahimapress.org":[1,12],"ahimastore.org":[1,12],"ahip.org":[1,12],"ahipinsuranceeducation.org":[1,12],"ahipmedicaretraining.com":[1,12],"ahlalhdeeth.com":[10],"ahlamontada.com":[1,12,10],"ahlamontada.net":[12],"ahlei.org":[1,12],"ahlens.se":[9],"ahlsell.se":[1,9],"ahlsmsworld.com":[1,12],"ahm-ownerlink.com":[1,12],"ahm.com.au":[1],"ahml.info":[1,12],"ahmoshc.com.au":[1,12],"ahmsi3.com":[12],"ahn.org":[1,4],"ahn09.com":[1],"ahnenforschung.net":[1,12,5],"ahnlab.com":[12]}