{"igo.com":[1,9],"igo4.com":[1,2],"igo8navigation.com":[12],"igobanking.com":[1,2],"igobanking.net":[1,2],"igocars.org":[12],"igofx.com":[1,2],"igogo.es":[5,9],"igoinsured.com":[1],"igolder.com":[1],"igolf.com":[1],"igolfinstructor.com":[1],"igomania.es":[12],"igoogleportal.com":[1,12],"igopost.fr":[1,9],"igorsclouds.com":[12],"igot.com":[1,2,9],"igotoffer.com":[1,9],"igourmet.com":[3],"igp.com":[1,9],"igpmanager.com":[1,3],"igraal.com":[1,9],"igrad.com":[1,12,6],"igradeplus.com":[1,12],"igramslike.com":[12],"igre123.net":[3,3],"igreentree.com":[1],"igromagaz.ru":[1,9],"igromania.ru":[3,7],"igrorandom.com":[1,9],"igrownet.com":[12],"igrun.com":[3,3],"igrun2.net":[1,3,3],"igsdeco.com":[1,9],"igseguidores.com":[1],"igsenergy.com":[1],"igsenseo.com":[1,12],"igt.com":[1],"iguama.com":[1],"iguanadons.net":[12],"iguides.ru":[1,12,5],"iguk.co.uk":[1],"igus.de":[1,9],"igvault.com":[1,9],"igvault.de":[1,3,9],"igvault.es":[1,9],"igvault.fr":[1,9],"igvault.it":[12],"igxe.com":[1,3,9],"ih8mud.com":[1,9,12],"iha.com":[1,11],"iha.ee":[3,3],"ihabbol.it":[12],"ihabi.com.br":[1,3],"ihatestevensinger.com":[9],"ihatetomatoes.net":[1,12,5],"ihax.fr":[5,10],"ihc.com":[1,12,4],"ihc.ru":[1,5],"ihcmarketplace.com":[1],"ihealthlabs.com":[1,9],"ihealthlabs.eu":[1,12],"ihealthspace.org":[1],"ihealthspot.com":[1],"ihearmedical.com":[1,12],"iheart.com":[3],"iheartbreaker.com":[10],"iheartdogs.com":[12,9],"iheartmedia.com":[1],"iheartradio.com":[3],"ihecs.be":[1,12],"ihelse.net":[12],"iherb.cn":[4,9],"iherb.com":[12,4,9],"ihg.com":[1,11],"ihgagent.com":[1,11],"ihgmerlin.com":[1],"ihgoneteam.com":[12],"ihgrewardsclub.com":[1,11],"ihgroup.com.au":[1],"ihi.com":[1],"ihi.org":[1,12],"ihighway.jp":[1,12],"ihiji.com":[1,5],"ihiqs.org":[1,12],"ihire.com":[1,6],"ihireaccounting.com":[6],"ihireadmin.com":[1,6],"ihirebroadcasting.com":[1,6],"ihirecommercialart.com":[1,6],"ihireconstruction.com":[1,6],"ihirecustomerservice.com":[1,6],"ihiredental.com":[1,6],"ihireengineering.com":[1,6],"ihireenvironmental.com":[1,6],"ihirefinance.com":[1,6],"ihirehealthcareadministration.com":[1,6],"ihirehospitality.com":[1,6],"ihirehr.com":[1,6]}