{"trimdownclub.com":[1,3,4],"trimedtech.com":[12],"trimet.org":[1],"trimhealthymama.com":[1,3],"trimhealthymembership.com":[1],"trimountain.com":[9],"trincoll.edu":[1,12],"trinet.com":[1],"trinetcloud.com":[1,5],"trinetexpense.com":[1],"trinetmarketplace.com":[1],"trinexum.com":[1,12],"trinicor.net":[1,12],"trinity-health.org":[1,12],"trinity.edu":[12],"trinitycore.org":[12,5],"trinityonline.com":[1],"trinket.io":[1,12,5],"trinkkiste.de":[12,1,9],"trint.com":[1,12],"triobet.com":[3,3],"triobet.ee":[3],"triodos.be":[1,2],"triodos.co.uk":[1,2,12],"triodos.es":[1,2],"triodos.nl":[1,2],"triolan.name":[1,12],"triomotionfit.com":[1],"triond.com":[12],"trionfoconnect.com":[1],"trionworlds.com":[1,3,3],"trios.com":[1,12,6],"trip.com":[11],"trip.ru":[9,11],"tripactions.com":[1],"tripadeal.com.au":[11],"tripadvisor.at":[11],"tripadvisor.be":[11],"tripadvisor.ca":[11],"tripadvisor.ch":[11],"tripadvisor.cl":[11],"tripadvisor.co.il":[11],"tripadvisor.co.nz":[11],"tripadvisor.co.uk":[11],"tripadvisor.co.za":[11],"tripadvisor.com":[11],"tripadvisor.com.ar":[11],"tripadvisor.com.au":[11],"tripadvisor.com.br":[11],"tripadvisor.com.gr":[11],"tripadvisor.com.hk":[11],"tripadvisor.com.mx":[11],"tripadvisor.com.my":[11],"tripadvisor.com.ph":[11],"tripadvisor.com.sg":[11],"tripadvisor.de":[11],"tripadvisor.dk":[1,11],"tripadvisor.es":[11],"tripadvisor.fr":[1,11],"tripadvisor.ie":[11],"tripadvisor.in":[11],"tripadvisor.it":[1,11],"tripadvisor.jp":[11],"tripadvisor.nl":[11],"tripadvisor.ru":[11],"tripadvisor.se":[11],"tripcase.com":[1,5],"tripcast.co":[1,12],"tripcatcherapp.com":[1],"tripdatabase.com":[1,12],"triphobo.com":[11],"tripilandia.es":[7,1,12],"tripit.com":[1],"triple-mgames.com":[12],"triple8.net":[1,5],"triple8holdem.com":[3],"tripleaughtdesign.com":[9],"triplebyte.com":[1],"tripleclicks.com":[1,9],"triplecrownsports.com":[3],"triplejunearthed.com":[3,3],"triplelift.com":[12,1],"triplem.com.au":[1],"triplemining.com":[12],"triplemint.com":[1],"tripleplay.in":[1,5],"triplescoopmusic.com":[3],"tripleseat.com":[1],"tripletex.no":[1],"triplethr3at.net":[1],"tripline.net":[1,12],"triplogmileage.com":[1],"tripndrive.com":[1],"tripod.com":[1,5],"tripomatic.com":[1,11],"triposo.com":[1],"tripp.co.uk":[9],"tripperbus.com":[1],"tripplay.net":[1,12,3]}