{"sanjesh.org":[1,12],"sanjoseca.gov":[1,12],"sanjuan.edu":[1,12],"sanjuancollege.edu":[12],"sankakucomplex.com":[3],"sanlam.co.za":[1,2],"sanmanuel.com":[1],"sanmar.com":[9],"sanmarcanada.com":[1,9],"sanmarcostx.gov":[1,12],"sanmarina.fr":[9],"sanmax.be":[1,12],"sanmin.com.tw":[1,12],"sanmina.com":[1],"sanno.ac.jp":[12],"sanofi-aventis-job.com":[1],"sanofi.com":[1,4],"sanofi.de":[12,4],"sanoflore.fr":[1,9],"sanoma.fi":[1,12],"sanomakauppa.fi":[1,9],"sanomapro.fi":[1,12],"sanomaservices.nl":[12],"sanook.com":[3],"sanparks.org":[1,12,11],"sanral.co.za":[12],"sanrio.com":[1,9],"sanriotown.com":[1,3],"sans-bpa.com":[9],"sans-detour.com":[1,12,3],"sans-online.nl":[9],"sans.edu":[1,12],"sans.org":[1,12,5],"sansan.com":[1],"sansar.com":[1],"sanscomplexe.com":[12,1,9],"sansibar.de":[1,12,3],"sansprisedetete.com":[12,3],"sansumclinic.org":[1,12,4],"santabarbaraca.gov":[1,12],"santaclaraca.gov":[1,12],"santacruzpl.org":[1,12],"santacruzsentinel.com":[1,3,7],"santafe.gov.ar":[1],"santafenewmexican.com":[1,12],"santafeopera.org":[1,12],"santafixie.fr":[9],"santalucia.es":[1,2],"santam.co.za":[1],"santander-direkt.de":[1,2],"santander-ebanking.com":[12],"santander-railcard.co.uk":[1,5],"santander.be":[12],"santander.cl":[1,2],"santander.co.uk":[1,2],"santander.com":[1,2,12],"santander.com.br":[1,2],"santander.com.mx":[1,2],"santander.com.uy":[1,12],"santander.de":[1,2],"santander.nl":[1],"santanderbank.com":[1,2],"santanderbank.de":[1,2],"santanderbillpayment.co.uk":[1],"santandercards.co.uk":[1,2],"santanderconsumer.at":[1,2],"santanderconsumer.es":[1],"santanderconsumeronline.es":[12],"santanderconsumerusa.com":[1],"santanderesfera.com.br":[1,9],"santandergetnet.com.br":[1],"santanderjobs.co.uk":[1,6],"santandernet.com.br":[12],"santandernetibe.com.br":[12],"santanderrio.com.ar":[1,2],"santandertotta.pt":[1,2],"santandertwist.com.mx":[1],"santarosa.edu":[12],"sante-aquitaine.fr":[1,12],"sante-ra.fr":[1,12],"sante.fr":[1,12],"santeclair.fr":[1,12],"santediscount.com":[9],"santemoinschere.com":[1,4,9],"santenatureinnovation.com":[1,12,4],"santevet.com":[1,12],"santia.net":[1],"santiane.fr":[1,12],"santikos.com":[3],"santillana.es":[1,12],"santillanacompartir.com":[1,12],"santos.com":[1,12],"santosrp.com":[1,12],"santotomas.cl":[1,12],"santu.com":[1],"sanuk.com":[9],"sanwa.co.jp":[1,12,9],"sanwhole.com":[1,5],"saoclub.com":[1,3,3]}