{"optussmartpay.com":[12],"optuszoo.com.au":[1],"optx2020.com":[1,9],"opunplanner.com":[1],"opus.nl":[5,9],"opus21ms.com":[1],"opusartsupplies.com":[1,12,9],"opusbilprovning.se":[1],"opuscard.co.uk":[1,2],"opusenergy.com":[1],"opusinternational.com":[1],"opusrecruitmentsolutions.com":[1,12],"opustrustweb.co.uk":[12],"opustrustweb.com":[12],"opvanguren.nl":[12],"opwaarderen.nl":[1],"oqmhandbook.com":[1,12],"or-bit.net":[1,12,5],"or-hcc.org":[1,12,4],"or.at":[1,12],"or.id":[1,12,3],"or.jp":[12],"or.ke":[12],"or.kr":[12],"or.th":[12],"or.us":[12],"ora.pm":[1],"oracle.com":[1,5],"oraclecloud.com":[12],"oraclecorp.com":[12],"oracleindustry.com":[12],"oracleoutsourcing.com":[12],"oracom.fr":[1,12,9],"oralb.co.uk":[1,12,9],"oralb.com":[1,12],"oralcom.net":[1,12,4],"oralia.fr":[1,12],"orama.com.br":[1,2],"orange-business.com":[1],"orange-eligue1.com":[1,3],"orange-labs.fr":[12],"orange-marine.com":[1,9],"orange.at":[1,12],"orange.be":[1],"orange.cd":[1],"orange.ch":[1,12],"orange.ci":[1,9],"orange.co.il":[1],"orange.co.ke":[12],"orange.co.uk":[1],"orange.com":[1,12],"orange.com.do":[1,9],"orange.eg":[1,5],"orange.es":[1,9],"orange.fr":[1],"orange.fr:8443":[12],"orange.jo":[1,9],"orange.jobs":[1,12],"orange.lu":[1,5,9],"orange.ma":[1,9],"orange.md":[1,9],"orange.mu":[1,3,9],"orange.pl":[1,9],"orange.ro":[1,9],"orange.sk":[1,5,9],"orange.sn":[1,9],"orange.tn":[1,9],"orangeapplicationsforbusiness.com":[1],"orangebag.nl":[9],"orangebank.fr":[1],"orangebidz.com":[1,9],"orangecaraibe.com":[1,12,3],"orangecoastcollege.edu":[12],"orangecountyscu.org":[1],"orangefinanse.com.pl":[1,5],"orangehrm.com":[1],"orangehrmlive.com":[1],"orangelake.com":[1,11],"orangemodworks.com":[9],"orangeportal.sk":[1,12,3],"orangepro.fr":[1,9],"orangescrum.com":[1,5],"orangeshine.com":[9],"orangestore.org":[1,12],"orangetheory.com":[9],"orangetheoryfitness.com":[1],"orangetheorystore.com":[1],"orangetreesamples.com":[1,12],"orangeusd.org":[12],"orangewebsite.com":[1,5],"orangotv.com":[1,3],"oranjecasino.com":[3,3],"oranum.com":[1,12,3],"orau.gov":[1,12],"oray.com":[1,5],"orb.com":[1,12],"orbea.com":[1],"orbilogin.com":[1,12],"orbilogin.net":[1,12]}