{"metartnetwork.com":[1],"metartvip.com":[12],"metartx.com":[12,1,3],"metaschool.ru":[12],"metasolutions.net":[1,12],"metastock.com":[1],"metaswitch.com":[1],"metauto-agent.com":[12],"metawow.com":[3,10],"metcheck.com":[12,7],"metdental.com":[1],"meteo.fr":[1,7],"meteoam.it":[1,12,7],"meteoblue.com":[12,7],"meteociel.fr":[12,7],"meteocity.com":[12,7],"meteoconsult.fr":[1,12,3],"meteocontrol.de":[1],"meteofrance.com":[1,7],"meteofrance.fr":[1,12,7],"meteogroup.com":[1,12],"meteojob.com":[1,6],"meteomedia.com":[1,12,7],"meteor-permits.com":[1],"meteor-stresser.com":[12],"meteor.com":[1,5],"meteor.ie":[1,5],"meteormeetandgreet.com":[1,3,11],"meteornetworks.com":[1],"method.me":[1],"methodintegration.com":[1],"methodist.edu":[12],"methodisthealth.com":[1,12,4],"methodisthealth.org":[1,4],"methodisthealthsystem.org":[1,12,4],"methodisthospitals.org":[1,12],"methodtestprep.com":[12],"methylpro.com":[1,9],"metiers-et-passions.com":[1,9],"metin2-arena.fr":[12],"metin2.club":[1,12,3],"metin2.com":[1,12],"metin2.de":[12],"metin2.es":[1,12,3],"metin2.fr":[1,12,3],"metin2.global":[12],"metin2.it":[1,12],"metin2.org":[1,12,3],"metin2.ro":[1],"metin2.tc":[1],"metin2alaska.ro":[1],"metin2server.com":[1],"metin3-game.com":[1,12,3],"metizer.com":[1],"metlife-eservices.gr":[12],"metlife.cl":[1,2],"metlife.co.jp":[1],"metlife.com":[1],"metlife.com.br":[1,2],"metlife.com.mx":[1],"metlife.fr":[1,2],"metlifebusinessinsurance.com":[1],"metlifeinvestors.com":[12],"metlifetermlife.com":[12],"metlink.com":[1],"metmuseum.org":[12],"metodista.br":[12],"metoffice.gov.uk":[1,12,7],"metopera.org":[1,3],"metoperafamily.org":[1,3],"metoperashop.org":[9],"metorik.com":[1],"metra.co.nz":[12],"metrarail.com":[1],"metrc.com":[1,12,12],"metricool.com":[1],"metricskey.net":[1,5],"metricsthatmatter.com":[1],"metricstream.com":[1],"metrilio.com":[12],"metrilo.com":[1],"metritests.com":[1,12],"metrixlearning.com":[1,12,6],"metro-cc.ru":[1,12,9],"metro-group.com":[1,12],"metro.ca":[1,3,9],"metro.co.uk":[1,12,7],"metro.de":[1,3,9],"metro.fr":[1,9],"metro.it":[1,3,9],"metro.net":[1,12],"metro24.de":[1,3,9],"metroalerts.info":[1,12],"metrobank.com.ph":[1,2],"metrobankcard.com":[12],"metrobankonline.co.uk":[1],"metrobus.co.uk":[1],"metrocast.net":[1,3,7],"metrocreativeconnection.com":[12]}