{"fiveguys.com":[9],"fivem-france.net":[12],"fivem.net":[1,5],"fivenights.com":[1],"fivepawns.com":[12,12,9],"fivepencilmethod.com":[1,12],"fivereborn.com":[1,5],"fiverp.net":[1,3],"fiverr.com":[1],"fiverup.com":[1],"fivesenses.com.au":[1,3],"fivesquid.com":[1],"fivestarchristmastrees.com":[1],"fivestarfonts.com":[1,9],"fivestarprofessional.com":[1],"fivestars.com":[1],"fivestreet.com":[1],"fiveten.com":[9],"fivewindsam.com":[1,2],"fivision.com":[1],"fix-price.ru":[1,5,9],"fixdapp.com":[1],"fixez.com":[1,9],"fixflo.com":[1],"fixico.nl":[1,2,9],"fixit.no":[1],"fixmestick.com":[1,5],"fixmonthlyincome.com":[1],"fixmyblinds.com":[9],"fixmygps.info":[1,12,3],"fixmyhog.com":[1],"fixmystreet.com":[1,12],"fixnflex.com":[12],"fixr-app.com":[1],"fixtheodds.com":[1,12],"fixts.com":[1,5],"fixtstore.com":[3,9],"fixtureslive.com":[1,3],"fixxbook.com":[1],"fixya.com":[1,12,5],"fixyourfunnel.com":[1],"fixyourownprinter.com":[1,5],"fizber.com":[1,8],"fizy.com":[3,7,3],"fizzbenefits.com":[12],"fizzer.fr":[12],"fizzle.co":[1,12],"fizzup.com":[1,12],"fizzy.com":[3,9],"fjallravencanada.com":[9],"fjcruiserforums.com":[1,3],"fje.edu":[1,12],"fjellinjen.no":[1],"fjellsport.no":[9],"fjordkraft.no":[1],"fjordline.com":[1,12],"fjsoft.at":[1,5],"fjuhsd.net":[12],"fk-shop.de":[1,9],"fl-ag-online.com":[12],"fl-dcf.org":[1,12],"fl-pda.org":[1,12],"fl.edu":[12],"fl.gov":[1,12],"fl.ru":[1,5],"fl.us":[12],"fl511.com":[1],"fl95.de":[11],"flabell.com":[1],"flac-lossless.com":[3,3],"flac-lossless.org":[3,3],"flaconi.de":[9],"flagcounter.com":[9],"flagler.edu":[12],"flagma.ru":[1,12],"flagma.ua":[1,9],"flagpage.com":[1],"flagshipcompany.com":[1,9],"flagstar.com":[1],"flagstoreusa.com":[1,3],"flaik.com":[1],"flalottery.com":[1,3,3],"flamesofwar.com":[1,12,3],"flamingtext.com":[1],"flamp.ru":[1],"flanco.ro":[9],"flannel.org":[12],"flannels.com":[9],"flansmod.com":[3],"flareaudio.com":[1],"flarum.org":[1,5],"flaschenbauer.de":[12,1,9],"flaschenland.de":[12,1,9],"flaschenpost.ch":[12,9],"flashacking.net":[12],"flashalert.net":[1,12],"flashback.org":[12,3],"flashbay.com":[1],"flashbay.fr":[1,9]}