{"training-robustit.co.uk":[12],"training.by":[1,12],"training.gov.au":[1,12],"trainingbytesize.com":[1],"trainingcamp.com":[1,5],"trainingcampus.net":[1,12],"trainingconsultants.com":[1,12],"trainingcove.com":[1,12],"trainingmagnetwork.com":[1,12],"trainingmask.com":[1,9],"trainingnetworknow.com":[1,5],"trainingpeaks.com":[1,12],"trainingportal.co.uk":[1,12],"trainingportal.no":[1,12],"trainingpresenter.com":[12],"trainingpro.com":[1],"trainingstagebuch.org":[1,12],"trainingtodo.com":[1,12],"trainingtracker.co.uk":[1],"trainingvc.com.au":[1,12],"trainingzone.co.uk":[1,12],"traininn.com":[1,9],"trainline.co.uk":[1,11],"trainline.com":[1,11],"trainline.eu":[1,11],"trainline.fr":[1],"trainline.it":[1,11],"trainmasters.tv":[1,3],"trainme.co":[12],"trainor.no":[1,12],"trainorders.com":[1],"trainose.gr":[1],"trains.com":[1,9],"trainsfares.co.uk":[12],"trainsignal.com":[1,12],"trainsim.com":[1,12,10],"trainsimple.com":[1,12],"trainstationgame.com":[1,12],"trainworld.com":[9],"trainzportal.com":[1,3],"trajecsys.com":[1,12],"trajectplanner.nl":[1,12],"trakdot.com":[1,9],"trakinvest.com":[1,2],"trakmaps.com":[1],"trakstar.com":[1],"trakt.tv":[1,3],"trakto.io":[1],"traktorbible.com":[1,12,5],"traktorpool.de":[1,9],"tramada.com.au":[12],"trampolinepark.fr":[1,12],"trampos.co":[1],"trancetraffic.com":[1,12],"trancheemilitaire.com":[9],"trane.com":[1,12],"trangnguyen.edu.vn":[1,3],"trannyconnections.com":[12],"trannydates.com":[12,1],"tranont.com":[1],"trans-siberian.com":[1,12],"trans-siberianexpress.com":[1,12],"trans500.com":[12,1,3],"transa.ch":[9],"transaccionesenlinea.com.co":[1,12],"transact-online.co.uk":[1],"transact-online.de":[12],"transact711.com":[1,2],"transactfutures.com":[1,2],"transaction120.com":[1,5],"transactiondesk.com":[12],"transactionexpress.com":[1],"transactiongateway.com":[12],"transactionsummary.com":[12],"transactortech.co.nz":[12],"transaero.ru":[1,12],"transamerica.ca":[1,2],"transamerica.com":[2],"transamericaannuities.com":[1,2],"transamericaemployeebenefits.com":[1,2],"transamericanwholesale.com":[9,12],"transat.com":[1,11],"transatagentdirect.com":[1,12],"transatfrance.fr":[12],"transavia.com":[1],"transbank.cl":[1],"transbucket.com":[12],"transcanada.com":[1,12],"transcard.com":[1,2],"transcend-info.com":[1,5,9],"transcender.com":[1,5],"transcepta.com":[1],"transcred.com":[12],"transcribeme.com":[1],"transdesign.com":[9],"transdev.fr":[12],"transdev.net":[1],"transdirect.com.au":[1],"transdoc.com":[1,12,6]}