{"gamesrockpro.com":[1,3],"gamestar.de":[3],"gamestarmechanic.com":[1,12],"gamestars.gg":[1,3],"gamestation.co.uk":[3,9],"gamestop.at":[3],"gamestop.ch":[3],"gamestop.co.uk":[1],"gamestop.com":[3,9],"gamestop.de":[3],"gamestop.dk":[3],"gamestop.fi":[3],"gamestop.ie":[3,9],"gamestop.it":[1,9],"gamestop.no":[3],"gamestop.se":[1,3,9],"gamestorm.it":[3,3,7],"gamestorrents.com":[3],"gamesultan.com":[1,3,3],"gamesunite.net":[12],"gamesurge.net":[1,12,5],"gamesvillage.it":[3,3],"gamesville.com":[3],"gameswelt.de":[3],"gamesync.nl":[9],"gamesystemrequirements.com":[12,3,5],"gametableonline.com":[5],"gametame.com":[1,3,9],"gametanium.com":[1],"gametap.com":[3],"gameteam.cz":[1,3,5],"gametester.co":[1],"gametextures.com":[1,12],"gamethuvn.net":[12],"gametiengviet.com":[12,3,3],"gametime.net":[1,12],"gametower.com.tw":[3,3],"gametrack.com.br":[3],"gametracker.com":[1,12,3],"gametracker.rs":[3],"gametrade.pl":[3],"gametradeeasy.com":[12],"gametrailers.com":[3,3],"gametree.co.kr":[1,12],"gametreemac.com":[1],"gameturkmc.network":[1],"gametv.co":[1,12,3],"gametv.vn":[1,3,3],"gametwist.at":[1,3,3],"gametwist.com":[1,3,3],"gametwist.de":[1,3,3],"gametwist.fr":[1,3,3],"gametwist.hu":[1,3,3],"gametwist.net":[1,3],"gametz.com":[3,3],"gamevance.com":[12],"gamevh.net":[3],"gamevicio.com":[3,3,7],"gamevicio.com.br":[12],"gamevillage.com":[3,3],"gamevilusa.com":[1,12,3],"gamevixenzone.com":[12],"gamevn.com":[3,3],"gamevox.com":[1,5],"gamewallet.co.uk":[1],"gamewallpapers.com":[3],"gameware.at":[3,9],"gamewave.fr":[1,3,3],"gamewisp.com":[1],"gamewith.jp":[12,3,3],"gamexchange.co.uk":[3,7,9],"gamexdd.com":[1,3,3],"gamexn.net":[3],"gamexp.ru":[3],"gamezaion.com":[12],"gamezbd.com":[12],"gamezconnect.com":[1,5],"gamezer.com":[3],"gamezhero.com":[3],"gamezjet.com":[1,3],"gamezmelt.com":[1,3],"gameznetwork.com":[12],"gamezone.no":[3,9],"gamgos.ae":[1,12,3],"gamigo.com":[12],"gamigo.de":[3,3],"gamigogames.de":[12],"gaming-asylum.com":[1,12],"gaming-legion.org":[1,10],"gaming-teams.com":[1,3,3],"gaming.tv":[12],"gamingbattleground.com":[3],"gamingclub.com":[3,3],"gamingdeluxe.co.uk":[1,5],"gamingdragons.com":[3,9],"gamingheads.com":[9],"gamingjobsonline.com":[1,3],"gamingonsteroids.com":[12],"gamingreplay.com":[3,9]}