{"comparis.ch":[1,2],"compartelibros.com":[1,12,3],"comparteunclic.com":[1],"compartoapto.com":[8],"compartodepa.com.mx":[8],"compartodepto.cl":[8],"compartodepto.com":[8],"compass-careers.co.uk":[1],"compass-group.fr":[1],"compass-technologies.com":[1,5],"compass-usa.com":[1],"compass.co":[1],"compass.com":[1,8],"compass.education":[1,12],"compass.it":[1],"compass24.ch":[9],"compass24.de":[9],"compassbank.com":[1,2],"compasscard.ca":[1],"compassclassroom.com":[12],"compassconnect.com":[1],"compassd.com.ua":[12],"compassfx.com":[1,2],"compassgroupcareers.com":[1,12],"compassion.ca":[1,12],"compassion.com":[1,12],"compassion.com.au":[1,12],"compassionuk.org":[1,12],"compassmanager.com":[1,5],"compassmylms.com":[1,12],"compassonline.it":[1],"compassphs.com":[1,12],"compassreservations.com":[1],"compassrosebenefits.com":[1,2,12],"compassweb.com":[1,2],"compatiblepartners.net":[10],"compbenefits.com":[1],"compeat.com":[1],"compeatonboard.com":[12],"compegps.com":[1,9],"compegps.fr":[1,9],"compellent.com":[12],"compensafe.com":[1],"compensar.com":[12],"comperio.it":[1,12],"compete.com":[1],"competefor.com":[1],"competeleague.com":[1,12],"competentadviser.com":[1,12],"competgames.com":[3],"competitiondatabase.co.uk":[1,12,3],"competitions.com.au":[1,3],"competitionsguide.com.au":[1,3],"competitionsuite.com":[1],"competitivecyclist.com":[9],"competitor.com":[1,12],"competitorscompanion.com":[1,3],"competitrack.com":[1],"compexstore.com":[1],"compexwireless.com":[1],"comphealth.com":[1,6],"comphy.com":[1],"compilatio.net":[1,12],"compilator.se":[1],"compilr.com":[1,12,5],"compker.hu":[1,5,9],"complaintboard.in":[1],"complaintsboard.com":[1,9],"complatezh.info":[1],"complementsetproteines.com":[1,12,9],"completecase.com":[1,12],"completecreditscores.com":[1],"completecurrencytrader.com":[1,2],"completeid.com":[1],"completel.fr":[1,5],"completelyfreedating.co.uk":[10],"completement-marteau.com":[1,3,9],"completepayrollsolutions.com":[1],"completesavings.co.uk":[1,9],"completeshop.at":[1,9],"completetax.com":[1,2],"completeticketsolutions.com":[1],"completude.com":[1,12],"complexityexplorer.org":[1,12],"compli.com":[1],"compliance.ms":[12],"compliancedepot.com":[1],"compliancedesktop.com":[1],"complianceelf.com":[1],"compliancemax.com":[1],"compliancenetworks.com":[1],"compliancewire.com":[1],"complies.nl":[1,9],"complinet.com":[1],"complio.com":[1,12],"comply365.net":[12],"complyfoam.com":[1],"complysci.com":[1],"complyworks.com":[1]}