{"evow.com":[10],"evpl.org":[1,12],"evpost.de":[12],"evroopt.by":[1,9],"evry.com":[1,12],"evrybo.com":[1,5],"evsuite.com":[12],"evt17.com":[12],"evtripping.com":[1],"evtripplanner.com":[12],"evvnt.com":[1],"evxonline.com":[1,5],"evybuy.com":[9],"ew-partners.eu":[1],"ew.com":[3],"ewashtenaw.org":[1,12],"ewatches.com":[9],"ewatchseries.to":[3],"eway.ca":[9],"eway.com":[12],"eway.com.au":[1],"eway.io":[1],"ewbc.com":[1,12,4],"ewe.de":[1,9],"ewe.net":[1],"ewealthmanager.com":[1],"ewebcart.com":[12],"ewebextra.com":[12],"ewedding.com":[1],"eweek.com":[1,5],"eweka.nl":[1,5],"ewerest.hu":[1,12],"ewetel.de":[1],"ewg.org":[1,12],"ewha.ac.kr":[12],"ewii.com":[1,12],"ewingirrigation.com":[1,9],"ewingsports.com":[1],"ewiz.com":[9],"ewm.co.uk":[9],"ewn.com.au":[1,12,7],"ewomennetwork.com":[1,12],"ework.se":[1],"eworkgroup.com":[1],"ews.com.fr":[12],"ewtn.com":[12,12],"ewtnreligiouscatalogue.com":[12,12],"ewu.edu":[12],"ewv.de":[1,12],"ewww.io":[1,5],"ewz.ch":[1,12],"ex-down.com":[3,12],"ex-down.org":[3,12],"ex-load.com":[1,5],"ex-mail.biz":[1,5],"ex-money.ru":[3],"ex-pa.jp":[1,12],"ex-plor.com":[1,12],"ex.fm":[12],"ex.ua":[12],"ex10.biz":[1,12],"ex2.com":[1,5],"exabanque.net":[1],"exabytes.com":[1,5],"exabytes.com.my":[1,5],"exabytes.sg":[1,5],"exacoin.co":[1,2],"exact.com":[1],"exactdata.com":[1],"exacteditions.com":[1,12],"exactonline.be":[1],"exactonline.co.uk":[1],"exactonline.com":[1],"exactonline.de":[1],"exactonline.fr":[1],"exactonline.nl":[1],"exactradiology.com.au":[1,12,4],"exactseek.com":[1,12],"exactspy.com":[1,5],"exacttarget.com":[1],"exactusrx.com":[1,9],"exahd.com":[1,12],"exaktafoto.se":[1,12],"exalead.com":[1],"exalead.fr":[1],"exam-labs.com":[1,5],"exam2score.com":[12],"exambank.com":[12],"exambuilder.com":[1],"examcentral.net":[1,12],"examcollection.com":[1,5],"examdriver.com":[1],"examen.me":[1,12],"examenflow.nl":[1,12,5],"examentaxivtc.fr":[12],"examentrafico.com":[1,12],"examfx.com":[1,12],"examine.com":[1,12,4],"examiner.com":[12]}