{"lang.com":[9],"langamepp.com":[1,5],"langara.bc.ca":[12],"langara.ca":[12],"langd.org":[1],"langenscheidt.de":[1,12],"langhamhotels.com":[1,11],"langleyfcu.org":[1,2],"langren8.com":[12,3],"langtons.com.au":[12,1,9],"language-exchanges.org":[1,12],"language.ws":[12],"languagecourse.net":[1,12],"languagecraft.tv":[1,12],"languageforexchange.com":[1,12],"languageperfect.com":[12],"languageterminal.com":[1,5],"languagetesting.com":[1,12,5],"languagewire.com":[1,5],"languagezen.com":[1,12],"lanieri.com":[1,9],"lanik.us":[12,10],"lankabell.com":[1],"lankacom.net":[12],"lankareload.com":[1],"lanl.gov":[1,12],"lanla.com":[1],"lannooshop.be":[1,3,9],"lanouvellerepublique.fr":[12],"lansfast.se":[1],"lansforsakringar.se":[3],"lansingstatejournal.com":[1,12,7],"lansweeper.com":[1,5],"lansystems.it":[1,5],"lantarenvenster.nl":[3,9],"lantern.io":[12],"lantmateriet.se":[1,12],"lanutrition.fr":[12,4],"lanwanprofessional.com":[1,12,5],"lanxtra.com":[12],"lanyon.com":[1],"lanyonevents.com":[1],"lanyrd.com":[1,12],"lanzanos.com":[1,12],"laola1.tv":[3,3],"laopera.org":[1,12,3],"lap-publishing.com":[1],"lapaj.net":[3,10],"lapalingo.com":[1,3,3],"laparfumerie.eu":[12],"lapataterie.fr":[1],"lapausejardin.fr":[1,12],"laperla.com":[9],"lapersonnelle.com":[1],"lapeyre.fr":[1,9],"lapfcu.org":[1,2],"laphil.com":[1,12,3],"laphroaig.com":[12,1],"lapino.fr":[1],"lapinworld.fr":[1,12],"lapiwin.com":[1,3],"lapj.fr":[12],"lapl.org":[1,12,9],"laplace.com":[1],"laplace0-5.com":[12],"laplateforme.com":[1],"laplink.com":[1,5],"lapolar.cl":[12],"lapolicegear.com":[9],"lapommediscount.com":[9],"lapool.me":[1],"laposta.nl":[1],"laposte.fr":[1,12,9],"laposte.net":[1],"lapostemobile.fr":[1],"laposterecrute.fr":[1,12],"lappkabel.de":[1,9],"laprensagrafica.com":[1,12,7],"lapresse.ca":[1,12,9],"lapresselibre.fr":[1],"laprocure.com":[12],"laprovence.com":[1,3,7],"laptop-battery-shop.com":[9],"laptop.bg":[9],"laptopbatteryexpress.com":[9],"laptops.dk":[12],"laptopscreen.com":[1,9],"laptopsdirect.co.uk":[9],"laptopservice.fr":[1,9],"laptopshop.be":[1,9],"laptopshop.nl":[5,9],"lapulga.com.do":[1,9],"lapunk.hu":[1,5],"laquadrature.net":[1,12,5],"laquinta.com":[1,11],"laracasts.com":[1,12],"laracon.net":[1,12],"laradiobbs.net":[1,12,10],"laram.fr":[1,12]}