{"ford-forum.de":[1,12,12],"ford-trucks.com":[9,12],"ford.ca":[1,9,12],"ford.co.uk":[1,12],"ford.com":[1],"ford.com.au":[1,12],"ford.es":[1,12],"ford.fr":[1,12],"fordaustraliaforums.com":[10],"fordbarn.com":[1,3],"fordclubpolska.org":[1,9,12],"fordcredit.com":[1,12],"fordedgeforum.com":[1,12,10],"fordela.com":[1,5],"fordelbedrift.no":[1],"fordelskortet.no":[1,12],"fordescape.org":[1,3],"fordeventgiveaway.com":[12],"fordf150.net":[1,9,12],"fordforums.com.au":[1,12],"fordfusionforum.com":[12,10,12],"fordgobike.com":[1],"fordgradrecruitment.com":[1],"fordham.edu":[12],"fordowner.com":[1],"fordownersclub.com":[1,12],"fordparts.com":[1,9,12],"fordpass.com":[1],"fordrangerforum.com":[10,9,12],"fordraptorforum.com":[10,12],"fordremoteaccess.com":[1,5,9],"fordsyncforum.com":[1,12,10],"fordtransit.org":[1,12],"fordvehicles.com":[1],"forebears.io":[12],"forecast.io":[1,7],"forecastapp.com":[1],"foreclosure.com":[1,8],"foreclosurefortunes.net":[1,8],"foreclosurelistings.com":[1,8],"foreclosurewatch.com":[1,9],"foreflight.com":[1,12],"foregon.com":[1,2,9],"foreignaffairs.com":[1,12,7],"foreigngirlfriend.com":[10],"foreignladies.com":[10],"foreignpolicy.com":[12],"forekast.com":[1],"foremost.com":[1,12],"foremostadvice.com":[1,3,3],"foremostproducers.com":[1,12],"foremoststar.com":[1],"foren-city.de":[1,5],"foreningshuset.se":[12],"forensicfocus.com":[1,12,5],"forensis.hu":[1],"foreo.com":[1,9],"forescout.com":[1,5],"foreseegame.com":[1],"foreseeresults.com":[1],"foresignal.com":[2],"forest-hill.fr":[1,12],"forestadmin.com":[1],"forestadopinioni.it":[1,12,9],"forestapp.cc":[1,12],"foresters.biz":[1,2],"foresters.co.uk":[1,12],"foresters.com":[1,2],"forestersfinancial.com":[1,2],"forestholidays.co.uk":[1],"forestriverforums.com":[10],"forestriverinc.com":[1,12],"forestry-suppliers.com":[9],"forestry.gov.uk":[1,12],"forestry.io":[1,5],"foretees.com":[1],"forethought.com":[1,2],"foreupsoftware.com":[1,12],"forever.com":[1],"forever21.com":[1,9],"foreverhealth.com":[1,12,4],"foreverknowledge.info":[1,12],"foreverliss.com.br":[9],"foreverliving.com":[1,12,9],"foreverliving.com.br":[1,12],"foreverliving.fr":[1,12,9],"foreverliving.it":[12],"forevermissed.com":[1,3],"forevernew.com.au":[9],"foreverresorts.com":[1,11],"forex-masr.com":[10],"forex-megadroid.com":[1,2],"forex-mmcis.com":[1,12],"forex-tsd.com":[1,2,5],"forex.com":[1,2],"forex.se":[1,2],"forex4noobs.com":[1,2],"forex4you.com":[2],"forex4you.org":[1,2]}