{"bandhelper.com":[1,12,5],"bandhub.com":[1,12],"bandibookus.com":[12],"bandinlunis.com":[12],"bandirun.com":[1,12],"bandit.fm":[7,3],"bandlab.com":[1],"bandmix.ca":[1,12],"bandmix.co.uk":[1],"bandmix.com":[1,12],"bandmix.com.au":[1,12],"bandmix.fr":[1,12],"bando.com":[9],"bandpage.com":[1,12,5],"bandsintown.com":[1,3],"bandsquare.com":[1],"bandvista.com":[1],"bandwagonhost.com":[1,5],"bandwidth.com":[1],"bandzoogle.com":[1],"banefe.cl":[1,2],"banenmatch.nl":[1,6],"banesco.com":[1,2],"banesco.com.pa":[1,2],"banesco.net":[12],"banesconline.com":[1,2],"banesecard.com.br":[1],"banfanb.com.ve":[1,2],"banfield.com":[1,12,4],"banfield.net":[1,12,4],"bang-olufsen.com":[1,3],"bang-olufsen.dk":[1],"bang.com":[12],"bang2joom.com":[1],"bangaloreone.gov.in":[1,12],"bangaroobabes.com.au":[10],"bangbros.com":[12],"bangbroschat.com":[12],"bangbrosnetwork.com":[12,1],"bangbuddies.com":[10],"bangexperts.com":[10],"bangextreme.se":[1,12],"banggood.com":[9],"bangkokair.com":[1,11],"bangkokbank.com":[1,2],"bangkokpost.com":[1,12,7],"banglalink.com.bd":[1],"banglalink.net":[1],"banglalinkgsm.com":[1],"banglalion4g.com":[1],"banglalionwimax.com":[1],"banglapdf.net":[3,10],"banglocals.club":[10],"bangor.ac.uk":[1,12],"bangor.com":[1,2],"bangordailynews.com":[1,7],"bangoronlinebanking.com":[1],"bangumi.tv":[1,12,3],"banistmo.com":[1,2],"banjoapp.com":[12],"banjobenclark.com":[1,12,3],"banjohangout.org":[1,12,3],"bank-a-count.com":[1],"bank-maskan.ir":[1,2],"bank-yahav.co.il":[1,2],"bank1saar.de":[1],"banka.com.mk":[12],"bankalbilad.com":[1,2],"bankalfalah.com":[1,2],"bankamerica.com":[1,2],"bankaool.com":[1,2],"bankard.com.ph":[12],"bankaroo.com":[1,12],"bankastana.kz":[3,9],"bankasya.com.tr":[1,2],"bankatcommerce.com":[1,2],"bankatfirst.com":[1,2],"bankatunion.com":[1,2],"bankatunited.com":[1,2],"bankaudi.com.lb":[1,2],"bankaust.com.au":[1,2],"bankaustria.at":[1,2],"bankbazaar.com":[1,2],"bankbv.com":[1,2],"bankcard.ru":[1,2],"bankcardservices.co.uk":[1,12,5],"bankchecksplus.com":[1,9],"bankcoin.io":[1,2,5],"bankcomm.com":[1],"bankcoop.ch":[1],"bankdirectcapital.com":[1,2],"bankenrollment.com":[12],"bankera.com":[1,2],"bankerfp.com":[12],"bankers.com":[1,2],"bankersinsurance.com":[1,2],"bankerslife.com":[1,2],"bankex.com":[1,12],"bankexam.fr":[1,12]}