{"zbeasy.com":[1,12],"zbiddy.com":[12],"zbigz.com":[1,5],"zbiornik.com":[1,3],"zbiornik.tv":[12],"zbj.com":[1],"zbrushcentral.com":[10],"zbuyer.com":[1],"zchocolat.com":[1],"zcodesystem.com":[3,7,3],"zcool.com.cn":[1,3],"zcu.cz":[12],"zdamyto.com":[1,12],"zdf.de":[12,3],"zdnet.be":[1,5,7],"zdnet.com":[1,5,7],"zdnet.de":[1,5],"zdnet.fr":[1,5],"ze-coloc.fr":[1,12],"ze-forum.com":[1,12,10],"zealcreditunion.org":[1,2],"zealcreditunionhb.org":[1,2],"zeald.com":[1],"zealer.com":[1,12,5],"zealforlife.com":[1,12],"zealotfun.com":[1,12,9],"zearn.org":[12],"zeb.be":[9],"zebest-3000.com":[3],"zebit.com":[1],"zebitcoin.com":[1,9],"zebra.com":[1,5],"zebracoupons.com":[1,9],"zebradem.com":[12],"zebraplay.net":[1,3],"zebrascrossing.net":[12,10],"zebrasmoke.com":[12,9],"zebraweb.org":[1,12],"zebulon.fr":[1,5],"zecarte.fr":[12],"zecco.com":[2],"zecplus.de":[1,9],"zedboard.org":[1,12,5],"zeden.net":[1,3,5],"zedge.com":[12],"zedge.net":[10],"zediva.com":[1],"zedlive.com":[12,3],"zedo.com":[1],"zedplays.com":[1,3,3],"zeefamily.tv":[1],"zeekler.com":[12],"zeekspizza.com":[1],"zeel.com":[1],"zeelandnet.nl":[1],"zeeman.com":[1,9],"zeemanshop.com":[1,9],"zeemaps.com":[1,12],"zeemee.com":[1,12,3],"zeen.com":[1,5],"zeendoc.com":[1,5],"zeepin.io":[1,12],"zeerk.com":[1],"zeetings.com":[1,12],"zeezee.de":[3],"zeffyrmusic.com":[12],"zefyr.net":[1],"zeg-holz.de":[1,9],"zegarkiclub.pl":[1,12],"zegive.com":[1,12],"zehndersrewards.com":[1,12],"zehrs.ca":[3,9],"zeilersforum.nl":[7,1,12],"zeiss.com":[1,12],"zeiss.de":[1,12],"zeit.de":[12,3,7],"zeitakademie.de":[12],"zeitfest.de":[1],"zeitschriftenundco.de":[1,3,9],"zeitungsverlag-aachen.de":[1],"zeitzuleben.de":[1,12],"zeldamaps.com":[12],"zelispayments.com":[1],"zelka.org":[12],"zelle.com":[1,12],"zellepay.com":[1],"zello.com":[1,10,5],"zellowork.com":[1,5],"zelo.com.br":[9],"zeltazivtina.lv":[1,5],"zelty.fr":[1],"zemanta.com":[1],"zemigame.com":[1,5],"zemoleza.com.br":[12],"zen-cart.com":[1,9],"zen.co.uk":[1,5],"zenadvert.com":[1],"zenapply.com":[1],"zenarbitrage.com":[1,9]}