{"thecamerastore.com":[9],"thecampuscommon.com":[12],"thecandidforum.com":[1],"thecanvasfactory.com.au":[1,9],"thecaosieure.com":[1,9],"thecapitalgrille.com":[1],"thecapitalgroup.com":[1,12],"thecapitoldeal.com":[1],"thecapitolhorsham.com":[12,3],"thecardcloset.com":[9],"thecareersgroup.co.uk":[1,12],"thecarlatreport.com":[1,12,4],"thecartbay.com":[1],"thecarycompany.com":[1,9],"thecasecentre.org":[1,12],"thecashloophole.co":[1],"thecasuallounge.at":[10],"thecasuallounge.ch":[10],"thecatalyx.com":[1],"thecatholicdirectory.com":[1,12],"thecatsite.com":[12],"thecavernforum.com":[1,12,5],"thecbdistillery.com":[1,9],"theccrewards.com":[12],"thecelebarchive.net":[12,3],"thecenterfortheperformingarts.org":[1,12],"thecentumentproject2.co":[12],"theceshop.com":[1],"thechaingang.com":[9],"thechairmansbao.com":[1,12],"thechampagnecompany.com":[12,9],"thechaosvanguard.co.uk":[1,12],"thechapar.com":[1,9],"thechartist.com":[1],"thechartist.com.au":[1,2],"thecheapplace.com":[1,9],"thecheat.co.kr":[12],"thechiefleader.com":[1,12],"thechive.com":[12,3],"thechivery.com":[12,3,9],"thechristhospitalmychart.com":[1,12],"thechronicleherald.ca":[1,7],"thechroniclesofalexstrasza.com":[12],"thechurchapp.org":[1,12],"thecinemabarn.com":[1],"thecitybank.com":[1,2],"theclassicalshop.net":[1,12,3],"theclassicporn.com":[12],"theclassyhome.com":[9],"thecleaningauthority.com":[1,9],"theclinics.com":[1,12],"theclm.org":[1,12],"thecloakroom.nl":[9],"thecloud.eu":[1],"thecloud.net":[1],"theclub.com.hk":[1,12],"theclymb.com":[9],"thecmp.org":[1,12],"thecn.com":[1,12],"thecoachingmanual.com":[1,12],"thecobaltcode.com":[1,12],"thecoin.pw":[12],"thecolesclique.com":[12],"thecoli.com":[12,3,7],"thecolleagueroom.com":[1],"thecolor.com":[1,12,3],"thecolumbiabank.com":[1,2],"thecolumbiabankonlinebnk.com":[1],"thecomedystore.co.uk":[1],"thecommerce.es":[1],"thecompanystore.com":[9],"thecompanywarehouse.co.uk":[1],"thecompletewebhosting.com":[1],"theconnextion.com":[1],"theconsultanthub.com":[1],"thecontentauthority.com":[1],"thecontractorportal.com":[1,12],"theconversation.com":[12],"theconversionpros.com":[1],"thecoolrepublic.com":[1,9],"thecoop.com":[12],"thecopia.com":[1,12],"thecoreinstitute.com":[1,12,4],"thecorner.com":[1,9],"thecornishfishmonger.co.uk":[1,3,9],"thecouponclippers.com":[1,9],"thecourseforum.com":[1,12],"thecoursekey.com":[1,12],"thecoventry.co.uk":[1],"thecpapshop.com":[1,9],"thecreativeloft.com":[1],"thecreaturehub.com":[12],"thecreditpeopel.com":[1],"thecreditsolutionprogram.com":[1,12],"thecrims.com":[1,12,3],"thecube.com":[3],"thecubicle.us":[9],"thecuckold.com":[12,1],"thecurrencyclub.co.uk":[1]}