{"auntminnie.com":[1,12],"auoeste.com.ar":[12],"auone-net.jp":[1,12],"auone.jp":[1,12],"aupair-world.fr":[1,12],"aupair-world.net":[1,12],"aupair.com":[1,12],"aupairinamerica.com":[1,12],"aupairsa.co.za":[12],"aupairworld.com":[1,12],"auparfum.com":[1,3,5],"aupeo.com":[1],"auphonic.com":[1,5],"aura.dk":[1,5],"auracigarettes.com":[12,9],"auragentum.de":[1,9],"aurakingdom.to":[1,12,3],"auralibrary.nl":[12],"auran.com":[3],"aurasim.com":[1],"aurasma.com":[1],"auratorrent.pl":[3,12],"auravita.com":[9],"aurea.com":[1],"aureliacar.com":[1,9,12],"aurena.at":[9],"aureon.com":[12],"aurera-global.com":[1,12,3],"aureusmedical.com":[1,12],"auricosecure.com":[1],"aurion.com":[1],"aurismagnetic.com":[1,12,9],"aurlom.com":[1,12],"aurora-il.org":[1,12],"aurora.edu":[12],"aurora.org":[12,4],"aurora4biz.org":[1],"auroraenergy.com.au":[1],"auroragov.org":[1,12],"aurorahealthcare.org":[12,4],"auroramine.com":[1,2,5],"auroramj.com":[1,12],"aurorashore.com.au":[12],"aurorasolar.com":[1],"auroravision.net":[1],"aurum-bank.com":[1,12],"aurumbrothers.com":[1,9],"aus.com":[1],"aus.edu":[1,5],"ausa.com.ar":[1,12],"ausa.org":[1,12],"ausbildung.de":[1,12,6],"ausbt.com.au":[1,11],"auschwitz.org":[1,12],"ausd.us":[12],"ausdauerleistung.de":[9],"ausfish.com.au":[10],"ausilium.it":[1,9],"ausimm.com.au":[1,12],"ausliebezumduft.de":[12,9],"ausmeat.com.au":[1,12],"ausnaturalcare.com.au":[1,4,9],"auspcmarket.com.au":[9],"ausport.gov.au":[1,12],"auspost.com.au":[9],"ausrad.com":[1,12,4],"aussie.com.au":[1,2],"aussiebroadband.com.au":[1,5],"aussiebum.com":[9],"aussiecandlesupplies.com.au":[9],"aussiecupid.com.au":[10],"aussiefarmers.com.au":[1,3],"aussiefrogs.com":[12],"aussiehomebrewer.com":[12,1],"aussiehousesitters.com.au":[1],"aussiehq.com.au":[1,5],"aussiemen.com.au":[1],"aussiemethod.biz":[1],"aussiemethod.com":[1],"aussiemethod1.com":[12],"aussierul.es":[1,12],"aussiesexposed.com":[12],"aussiesoapsupplies.com.au":[1,9],"aussiestockforums.com":[1],"aussiex.org":[1,12,10],"austar.com.au":[1,3],"austbook.net":[1,12],"austdomains.com.au":[1,5],"austech.info":[10],"austellgas.com":[1],"austin.net.au":[9],"austin.org.au":[1,12,4],"austinbank.com":[1,2],"austinbankonline.com":[1,2],"austincc.edu":[12],"austincityjobs.org":[1,12],"austinenergyapp.com":[12],"austinhomebrew.com":[12,9],"austinisd.org":[1,12]}