{"perfume.com":[1,9],"perfumeriasif.com":[1,9],"perfumersapprentice.com":[1,9],"perfumes24horas.com":[1,12,9],"perfumesclub.com":[9],"perfumesclub.fr":[12,9],"perfumetrader.de":[1,9],"perial.com":[1,2,12],"pericles.fr":[1],"perigold.com":[9],"perimeterop.com":[1,9],"perimeterusa.com":[1],"peripheriquenord.com":[1,12],"periscopedata.com":[1,5],"perisher.com.au":[1,9,11],"perk.com":[1],"perk.tv":[12],"perka.com":[1],"perkbox.co.uk":[1],"perkhub.com":[1],"perkinelmer.com":[1,12],"perkopolis.com":[1,9],"perksatwork.com":[1,12],"perksbyclubwyndham.com":[1,9],"perkscard.com":[1],"perksconnect.com":[1],"perksconnection.com":[1,9],"perksplus.com":[1,12],"perkspot.com":[1],"perkville.com":[1],"perkz.com":[1],"perlas.lt":[1,3],"perlesandco.com":[9],"perlmonks.org":[12,5],"perls-testing.de":[12],"perma.cc":[12],"permaculturedesigntraining.com":[1,12],"permajet.com":[1,9],"permanent.de":[1],"permatanet.com":[12],"permesso.be":[1,3],"permies.com":[12,3],"permigo.com":[1,12],"permisapoints.fr":[1,12],"permisecole.com":[1,12],"permissionresearch.com":[1,12],"permitium.com":[1],"permitsales.net":[12],"permutalivre.com.br":[1,9],"pernambucanas.com.br":[1,12],"pernod-ricard.com":[12,1],"perotmuseum.org":[12],"perpay.com":[1],"perpetual.com.au":[1,2,12],"perpetuum-online.com":[12],"perquisite.net":[12],"perriconemd.com":[1,9],"perrla.com":[1,12],"perrlacomplete.com":[1,12],"perryellis.com":[9],"perrymarshall.com":[1,12],"perrysport.nl":[9],"persecution.com":[1,12,12],"persen.de":[12],"persgroep.net":[12],"persgroepwielerspel.nl":[12],"pershing.com":[1,2],"persianblog.ir":[7,1,12],"persiangig.com":[1,5],"persianscript.ir":[1,5],"persiantools.com":[1,5],"persistiq.com":[1],"persnicketyprints.com":[1,9],"person.com":[12],"persona.co":[12],"persona.de":[1],"persona.ly":[1],"persona.org":[1],"personal-plans.com":[1],"personal-view.com":[12],"personal.com":[12],"personal.com.ar":[1],"personalabs.com":[1,12,4],"personalbank.ru":[12],"personalbankingacu.org":[12],"personalbodyplan.com":[1,12],"personalcapital.com":[1,2],"personalclips.com":[12],"personalcreations.com":[1,9],"personaldefensenetwork.com":[9,12],"personalfund.com":[1,2,12],"personalimageformula.com":[1,12],"personalinfoonline.com":[12],"personalitycafe.com":[1,12],"personalityforge.com":[1,12],"personalizationmall.com":[9],"personalkollen.se":[1],"personallifemedia.com":[12,1],"personalloans.com":[1,2]}