{"bornshoes.com":[9],"borntocode.co.za":[12],"borntosell.com":[1],"borrowedandblue.com":[1],"borrowell.com":[1,2],"borrowerid.com":[12],"borrowersfirst.com":[1,2],"borrowlenses.com":[9],"borrowmydoggy.com":[1,12],"borsaat.com":[1,2],"borsaitaliana.it":[1,2],"borsalavorolombardia.net":[1],"borsdata.se":[1,12],"borse.it":[2],"borsen.dk":[1,2],"borussia-eshop.de":[9],"borussia-ticketing.de":[12],"borussia.de":[1,12],"borutogame.com.br":[1,3,3],"bos.tv":[1,9],"bosanchezmembers.com":[12],"bosch-automotive.com":[1],"bosch-career.com":[1],"bosch-career.de":[1,12],"bosch-career.us":[1,12],"bosch-do-it.com":[1,12,9],"bosch-do-it.de":[1,12,9],"bosch-eshop.com":[1,12,11],"bosch-garden.com":[1,12,9],"bosch-home.at":[1],"bosch-home.be":[1],"bosch-home.ca":[1,9],"bosch-home.co.uk":[1],"bosch-home.com":[1],"bosch-home.com.au":[1,9],"bosch-home.com.sg":[1],"bosch-home.es":[1,9],"bosch-home.fr":[1],"bosch-home.nl":[1,9],"bosch-home.se":[1,9],"bosch-professional.com":[1,12,9],"bosch-pt.com":[12,9],"bosch-smarthome.com":[1],"bosch.com":[1],"bosch.de":[1],"boschprovantage.com":[1],"boschrexroth.com":[1],"boschsecurity.com":[1],"boschtools.com":[9],"boschvorsorgeplan.de":[1],"boschwebservices.com":[12,9],"boscia.com":[9],"boscoin.io":[1,12,5],"boscolo.com":[12,11],"boscologift.com":[1,12,9],"boscovs.com":[9],"bose.com":[1,9],"bosfood.de":[12,3,9],"bosj.dk":[1,12],"bosmaxhire.net":[1],"boson.com":[1,5],"bossa.pl":[1,2],"bosscapital.com":[1,2],"bosselman.com":[1],"bosslike.ru":[1,12],"bosslogo.com":[1],"bosspy.com":[1,5],"bossrecords.com":[1,12],"bossrevolution.com":[1],"bossus.com":[1],"bostaddirekt.com":[1,12],"bostadsportal.se":[1,8,11],"bostadsratterna.se":[1,12],"bostadvasteras.se":[1,12,8],"bostix.org":[1,12],"boston.ac.uk":[1,12],"boston.com":[7],"boston.gov":[1,12],"bostonballet.org":[1,12,3],"bostoncapital.com":[1,12],"bostoncoach.com":[1],"bostonexpressbus.com":[1],"bostonglobe.com":[12,3,7],"bostonharborcruises.com":[1,11],"bostonmarket.com":[1,3],"bostonorganics.com":[1,3],"bostonpizza.com":[1],"bostonprivate.com":[1,12],"bostonproper.com":[9],"bostonscientific.com":[1,12,4],"bostonsportsclubs.com":[1,12],"bostonsportsjournal.com":[1,12],"bostonstore.com":[9],"bostraining.my":[12],"bosurl.net":[12],"bot-cave.net":[1,12],"bot.com.tw":[1,2,12],"botach.com":[1,9],"botachtactical.com":[1,9]}