{"nhcc.edu":[12],"nhcgov.com":[1,12],"nhcps.com":[1,12],"nhd.org":[12],"nhentai.net":[3],"nhi.gov.tw":[1,12],"nhin.com":[12],"nhk-ondemand.jp":[1,12,3],"nhl.com":[3],"nhl.nl":[1,12],"nhl.pl":[12,5,10],"nhlotteryreplay.com":[1,3,3],"nhls.ac.za":[1,12],"nhm.ac.uk":[1,12],"nhm.org":[12],"nhmrc.gov.au":[12,4],"nhommua.com":[1,9],"nhoss.com":[12,9],"nhp.org":[1,12],"nhpco.org":[1,12],"nhra.com":[1,3,3],"nhrmc.org":[1,4],"nhrs.org":[1,12],"nhs.net":[12],"nhs.uk":[1,12,4],"nhs.uk:8443":[12],"nhs.us":[12],"nhs2survey.org":[12],"nhsbsa.nhs.uk":[1,12],"nhsdiscounts.com":[12],"nhselearning.co.uk":[12],"nhseportfolios.org":[1,12],"nhsfleetsolutions.co.uk":[1],"nhsp.uk":[12],"nhsponline.nhs.uk":[12],"nhsprofessionals.nhs.uk":[1,12],"nhsx.uk":[1,12],"nhtv.nl":[1,12],"ni-host.com":[1],"ni.com":[1],"niagahoster.co.id":[1,5],"niagara-central.com":[1,12,5],"niagara-community.com":[1],"niagara.edu":[12],"niagaracollege.ca":[12],"niagaracycle.com":[9],"nianet.dk":[1,5],"niania.pl":[1],"nias.gov.hr":[1,12],"nib.co.nz":[1],"nib.com.au":[1],"nibcdirect.be":[1,9],"nibcdirect.nl":[1,2],"nibelis.com":[1],"nibeuplink.com":[1],"nibis.de":[12],"nibl.com.np":[1,2],"nibo.com.br":[1],"nic.ae":[12],"nic.ar":[1,12,5],"nic.ch":[12],"nic.cl":[1,12,5],"nic.ec":[1,5],"nic.edu":[1,12],"nic.es":[1,5],"nic.in":[1,12],"nic.io":[1,5],"nic.ir":[1],"nic.lv":[1,5],"nic.ru":[12],"nic.sa":[1,5],"nic.tr":[1,12],"nic.ua":[1,5],"nic.ve":[12],"nice-autosurf.com":[1,12],"nice-people.be":[1,12],"nice-people.eu":[1,12],"nice.com":[1],"nice.fr":[1,12],"nice.org.uk":[1,12,4],"nicebadge.com":[1],"niceboard.com":[12,3,10],"nicehash.com":[1,2],"niceic.com":[1],"niceiconline.com":[1,5],"nicematin.com":[7,1,12],"nicematin.net":[12],"nicenet.org":[1,12],"niceondemand.com":[12],"nicepeopleatwork.com":[1],"nicephotos.com.br":[12],"nicequest.com":[1,12],"nicereply.com":[1],"nicet.org":[1,12],"niche.com":[1,12],"nicheextensions.com":[1,5],"nicheprofitclassroom.com":[1,12],"nicheprofitfullcontrol.com":[1],"nichesiteduel.com":[1]}