{"passiveloan.com":[1],"passivetotal.org":[1,5],"passkey.com":[1],"passkeybanker.com":[1],"passkit.com":[1],"passleader.com":[1,5],"passmark.com":[5],"passmedicine.com":[1,12],"passo.com.tr":[1,3],"passpack.com":[1,5],"passperfect.com":[1,12],"passport.com":[1],"passport.gov.bd":[1,12],"passport.net":[1],"passportalmsp.com":[1],"passportappointment.us":[1,12],"passporthealth.com":[1],"passportindia.gov.in":[12],"passportpro247.com":[1],"passports.gov.au":[1,12],"passportsandvisas.com":[1,11],"passportusa.org":[1,12],"passportvisasexpress.com":[1,12,11],"passsource.com":[1],"passtheheadphones.me":[12],"passtheparcel.co.nz":[1,9],"passthepopcorn.me":[1],"passtime.eu":[1,3,9],"passtimeusa.com":[1],"passtocard.com":[1,3,9],"passweb.org":[12],"passwordboss.com":[1,5],"passwordbox.com":[1,5],"passwordsafe.com":[1,5],"passwordsafe.de":[1,5],"passwordsafe.net":[1,5],"passwordscastle.net":[12],"passwordscity.net":[12,10],"passwork.me":[1,5],"passy-muir.com":[1,12],"pastamaniadelivery.sg":[1],"pastasparty.com":[1],"paste.ee":[5],"paste3.org":[1],"pastebin.com":[5],"pasted.co":[1,5],"pastel.co.za":[1],"pastel.it":[1,12],"pastelin.com":[12],"pastelldata.com":[1],"pastelldata.se":[1],"pastelmymoney.co.za":[1],"pastelpayroll.co.za":[1],"pastemagazine.com":[3],"pasternack.com":[12],"pastest.co.uk":[1,12],"pastest.com":[1,12],"pasteur.fr":[12],"pastewma.com":[12],"pastors.com":[1,12,12],"pastyeartax.com":[1,2,12],"paszportkorzysci.pl":[1],"patagonia.ca":[9],"patagonia.com":[12],"patanjaliayurved.net":[12,4,9],"patapain.com":[1,3],"patatabrava.com":[12],"pataugas.com":[1,9],"patch-fr.com":[1,12,5],"patch.com":[1,3,7],"patchelj.hu":[5],"patchesoft.com":[1,12,5],"patchfunding.com":[1],"patchman.co":[1,5],"patchmd.com":[1,9],"patchofland.com":[1,2],"patclix.com":[1,12],"patcofreedomcard.org":[1],"patelco.org":[1,2],"patenergy.com":[1],"patentati.it":[1,12,12],"patentbuddy.com":[1,12],"patenteonline.it":[1,12],"patentequiz.com":[1,12],"patentstorm.us":[12],"patersonshortbread.com":[12],"paterva.com":[1],"path.com":[1],"path2college529.com":[1,12],"pathable.com":[1],"pathbrite.com":[1,12],"pathcom.com":[1],"pathe-thuis.nl":[3],"pathe.ch":[1,3],"pathe.nl":[1,3],"pathlms.com":[1,12],"pathofdiablo.com":[1],"pathofexile.com":[1,12,3],"pathoma.com":[1,12]}