{"securedoptions.com":[1,2],"securedportals.com":[12],"securedrawer.com":[12],"securedurl.com":[1],"securedwebapp.com":[1,12],"secureebilling.com":[12],"secureexchange.net":[12],"securefilepro.com":[1],"securefirmportal.com":[1],"securefonebank.com":[1,5],"securefreedom.com":[1],"securegive.com":[1,12],"secureholiday.net":[1,12],"secureidentity.co.uk":[1,12],"secureinfossl.com":[1],"secureinstantpayments.com":[1,2],"secureinternetbank.com":[12],"securelconnect.fr":[1,5],"secureline.com":[1],"secureloandocs.com":[1],"securemail-bbva.com":[12],"securemail-bcbsla.com":[1],"securemail-changehealthcare.com":[1],"securemail-highmark.com":[1,5],"securemail-lfg.com":[1],"securemail-nat.com":[1],"securemail-republictitle.com":[1,12],"securemail-sfgov.org":[1],"securemail-skysphere.com":[1,5],"securemail-uchealth.org":[1,12],"securemail-valueoptions.com":[1],"securemaxxia.com.au":[1],"securemypayment.com":[1],"securence.com":[1,5],"securenet.com":[1],"securenetsystems.net":[1],"secureoffersites.com":[1,12],"secureorder.co.uk":[1],"secureparking.com.au":[1],"securepatientarea.com":[12],"securepay.com.au":[1],"securepaynet.net":[12],"securepem.com":[12],"securepoint.de":[1,5],"secureprintorder.com":[12],"secureprofile.ru":[12],"securepurchasing.net":[1,12],"secureremserv.com.au":[1],"secureresellerservices.com":[12],"securerich.com":[12],"securerwsoft.de":[12],"securesafe.com":[1,5],"securesafeaccess.com":[12],"secureserv.jp":[12],"secureserver.co.nz":[12],"secureserver.net":[12],"secureserver.net:2083":[12],"secureserver.net:2096":[12],"secureshop.co.uk":[1,5],"secureshopcart.com":[12],"securesignup.net":[1,5],"securesites.net":[1],"securestoragetransactions.com":[12],"securestoragetransactions2.com":[12],"securestore.global":[12],"securesuite.co.uk":[12],"securesuite.io":[1,5],"securesuite.net":[1,9],"securesync.co.uk":[12],"securesync.com":[12],"secureteen.com":[1,12],"securetrading.net":[12],"securetree.com":[1],"secureunibox.com":[12],"secureupload.eu":[12],"secureutilities.com":[1],"securevdr.com":[1],"securevetsource.com":[1],"securevpn.com":[1,5,12],"securevtstateparks.com":[1,12],"securevues.com":[1],"securewebbilling.net":[12],"securewebexchange.com":[1],"securewebhelp.com":[1,12],"securewebsession.com":[12],"secureworks.com":[1,5],"securex.eu":[1],"securexam.com":[12],"securexfcu.org":[1,12],"securian.com":[1,2],"securianretirementcenter.com":[1,2],"securibox.eu":[12],"securibox.fr":[1],"securicount.com":[9],"securifi.com":[1],"securimate.com":[1],"securimut.fr":[1,2],"securingthehuman.org":[1,12,5],"securionpay.com":[1]}