{"moraware.net":[1],"morbihan.fr":[1,12],"mordkigame.pl":[12],"more-online.at":[1,12],"more.com":[3,9],"more2like.com":[1],"moreapp.com":[1],"morebeer.com":[12,9],"morebooks.de":[1,12],"morecomputers.com":[5,9],"moredirect.com":[1,5],"moreforum.com":[1,12,10],"morehandles.co.uk":[1,9],"moreheadstate.edu":[12],"moreinks.co.uk":[9],"morel-mousse.fr":[1,9],"morele.net":[9],"moremoneyreview.com":[1,3],"moreniche.com":[1],"moreoemparts.com":[1],"moreover.com":[1],"morepep.com":[11],"morephotos.com":[1],"morephotos.net":[1],"morepiva.ua":[1,12,9],"morereward.co.uk":[1,9],"morerewards.ca":[9],"morerewards.com":[1,9],"morethan.com":[1,2],"morethan.tv":[12],"morethanbusiness.com":[1,2],"morethanrewards.com":[1,9],"morfix.co":[1],"morfurniture.com":[9],"morgan.edu":[12],"morgancomputers.co.uk":[9],"morgandetoi.com":[12,1,9],"morgandetoi.fr":[12,1,9],"morganhunt.com":[6],"morgans.com.au":[1,2],"morganscloud.com":[12],"morganstanley.com":[1,2,12],"morganstanley.com.au":[1,2,12],"morganstanleyclientserv.com":[1],"morganstanleysmithbarney.com":[12],"morgengold.de":[1],"morgenpost.de":[1,12,7],"morgenweb.de":[1,12,7],"morguefile.com":[1,10],"morhipo.com":[9],"moridb.com":[12],"moridim.tv":[3],"morinfrance.com":[1,12,9],"morleycollege.ac.uk":[12],"mormonboyz.com":[12],"mormonchannel.org":[1,12],"morneaushepell.com":[1,12],"morning.com":[1],"morningcroissant.fr":[1],"morninglory.com":[1,9],"morningprint.com":[1,9],"morningsave.com":[1,9],"morningstar.be":[2],"morningstar.ca":[2],"morningstar.co.jp":[1,2],"morningstar.co.uk":[1,2],"morningstar.com":[2],"morningstar.com.au":[2],"morningstar.de":[12],"morningstar.es":[2],"morningstar.fr":[2],"morningstar.in":[12],"morningstar.it":[1,2],"morningstar.nl":[12],"morningstar.no":[2,12],"morningstar.se":[1,2,12],"moroccanoil.com":[9],"morpakampus.com":[1,12],"morph3d.com":[1],"morphebrushes.com":[9],"morpheus-meetic.fr":[12],"morphid.com":[1],"morphyrichards.co.uk":[3,9],"morplan.com":[1,9],"morris.com":[1],"morris4x4center.com":[9],"morrisby.com":[1,12],"morrisoneducation.com":[1,12],"morrisons.co.uk":[1,9],"morrisons.com":[1],"morroccomethod.com":[9],"morsecode.io":[12],"morson.com":[1],"mortalkombat.com":[1,3],"mortalonline.com":[12],"mortech-inc.com":[1],"mortgage-application.net":[12],"mortgage-education.com":[1],"mortgage.com":[1,2]}