{"eqxiu.com":[1],"er-go.it":[1,12],"era.com":[1,8],"erac.com":[1],"eradimaging.com":[1,12],"erado.com":[1],"erafone.com":[1,5,9],"eraluvat.fi":[1,12,9],"eram.fr":[9],"erard.com":[1,9],"erasedtapes.com":[1],"erasmo.it":[12],"erasmusintern.org":[1,12],"erasmusmc.nl":[1,12,4],"erasmusplusols.eu":[1,12],"erasmusu.com":[1,12,11],"erasvet.cz":[1],"erau.edu":[12],"erazion.net":[1,12,5],"erblearn.org":[12],"erborian.com":[1,9],"erc.edu":[1,12],"erccollections.com":[1],"erciyes.edu.tr":[1,12],"erdbeerlounge.de":[12,3],"erdee.nl":[1,12],"erdf.fr":[1],"erdfdistribution.fr":[1],"erdinger-tippspiel.de":[3,3],"erdplus.com":[12],"ereader.com":[12,9],"ereading.cz":[3,9],"ereality.ru":[1,12,3],"ereceptionist.co.uk":[1],"erecruit.co.uk":[12],"erecruit.co.za":[1,5],"erecruit.com.au":[1],"erectus.world":[12],"eredan-arena.com":[1,3],"eredan.com":[3],"eredivisielive.nl":[3],"eredmenyek.com":[3],"ereferer.fr":[1],"erekryhelsinki.fi":[1,5,6],"ereleases.com":[1],"erelocation.net":[1],"eremit.com.my":[1,2],"erenterplan.com":[1,2],"erentpayer.com":[1],"erentpayment.com":[1],"ereolen.dk":[1,12,3],"erepairables.com":[12],"ereplacementparts.com":[9],"erepublik.com":[3],"eres-group.com":[1,2],"eresidentportal.com":[12],"erevenues.co.uk":[12],"erevollution.com":[12,3],"erewards.com":[12],"ereyon.com.tr":[1,9],"erezeki.my":[1,12],"erezlife.com":[1,12],"erf.de":[1,12],"erfahrungen.com":[1,9],"erfarenedatere.dk":[10],"erfolgskongress.de":[1,12,3],"ergalis.fr":[1],"ergo-tel.gr":[9],"ergo.com":[1],"ergo.de":[1,2],"ergodirekt.de":[1,2],"ergohestia.pl":[1],"ergon.com.au":[1,12,5],"ergonet.it":[1,5],"ergor.org":[3],"eric-bompard.com":[9],"ericas.com":[1,9],"ericchurch.com":[1,12],"ericdress.com":[9],"erickson.it":[1,12],"ericsson.com":[1,12],"ericsson.net":[12],"ericsson.se":[1,12],"ericthecarguy.com":[9,12],"ericvideos.com":[12],"erideshare.com":[1,12],"eriefcu.org":[1,2],"erieinsurance.com":[1,2],"erieri.com":[1,12],"eriewater.org":[1],"erif.pl":[1],"erikalust.com":[3],"erilia.fr":[1,12],"erincondren.com":[1,9],"erisium.com":[1,12,3],"eriskhub.com":[1],"erito.com":[12,1],"erji.net":[1,3,10],"erlanger.org":[1,12,4]}