{"magazinecloner.com":[1],"magazineline.com":[12,3,9],"magazineluiza.com.br":[9],"magazinemanager.com":[1],"magazines.com":[1,9],"magazines.fr":[1,12,3],"magazinesdownload.com":[12,3,9],"magazinesubscriptions.co.uk":[1],"magazinevalues.com":[1,9],"magazinevideo.com":[1,3],"magazinevoce.com.br":[1],"magazingsm.ro":[9],"magcloud.com":[1],"magclub.de":[1,3,9],"magcustomerservice.com":[12],"magdalenaperu.com":[12],"mage-world.com":[1],"mage.fr":[1,12],"mageewp.com":[1,5],"magellan-bio.fr":[1,9],"magellanassist.com":[1,12],"magellancyclo.com":[1,5],"magellangps.com":[1,9],"magellanhealth.com":[1,12],"magellanprovider.com":[1,12],"magellanrx.com":[1,12],"magellans.com":[9],"magelo.com":[12],"magemojo.com":[1,5],"magenet.com":[1],"magentacloud.de":[12],"magentech.com":[1,5],"magento.com":[1],"magentocommerce.com":[1],"magentrix.com":[1],"magentrixcloud.com":[1,12],"magestore.com":[1],"mageworx.com":[1],"maggardrazors.com":[1,9],"maggi.de":[1],"maggi.fr":[3],"maggiebeer.com.au":[1,3],"maggiescrochet.com":[12],"maggiolieditore.it":[1,12,9],"maggiore.it":[1],"maghreb-sat.com":[1,12],"maghrebstar.com":[1,10],"magic-cleaner.com":[9],"magic-downloads.net":[3],"magic-flight.com":[12,12,9],"magic-mushrooms-shop.com":[1,12,9],"magic-plan.com":[1,12],"magic-ville.com":[3],"magic.fr":[1,5],"magicalvegas.com":[3,3],"magicballs.men":[3,3],"magicbazar.fr":[3,9],"magicbit.co.in":[1,2,12],"magicbricks.com":[8],"magiccardmarket.eu":[1,9],"magiccorporation.com":[1,3],"magicdraw.com":[1],"magicformulainvesting.com":[1,2],"magichue.net":[12],"magician.org":[1,12],"magicjack.com":[1],"magicjudges.org":[1],"magickartenmarkt.de":[1,9],"magiclantern.fm":[1,5],"magiclinks.org":[1],"magicmadhouse.co.uk":[3,9],"magicmaman.com":[12,4],"magicmaps.de":[1,12,9],"magicmemories.com":[12],"magico.info":[1],"magiconlinebanking.com":[1],"magicpc.fr":[5,9],"magicrecycle.com":[1],"magicred.com":[3,3],"magicseaweed.com":[1,9],"magicshop.co.uk":[1,3,9],"magicsw.com":[1,12],"magicticket.ch":[1,12],"magictoolbox.com":[1,5],"magictreehouse.com":[12,3,3],"magicwins.be":[12],"magicwordstoselling.com":[1,12],"magicyellow.com":[1],"magie-voyance.com":[1,12,3],"magikslots.com":[3],"magimetrics.com":[1],"magine.com":[1],"maginea.com":[9],"magiogo.sk":[1],"magiran.com":[1,12],"magishop.com":[12],"magister.net":[12],"magisterenligne.com":[1,12],"magisto.com":[1]}