{"myflixhd.com":[1],"myflood.com":[1,5],"myfloriani.club":[1],"myflorida.com":[1,12],"myfloridacfo.com":[1,2,12],"myfloridacounty.com":[1],"myfloridaehpermit.com":[1],"myfloridalicense.com":[1,12],"myfloridamarketplace.com":[1,12],"myfloridaprepaid.com":[1,12],"myfloridaremit.com":[1],"myflunch.fr":[1],"myfolia.com":[1,12],"myfolie.com":[1,9],"myfolio.com":[1,12,10],"myfollett.com":[12],"myfoncia.fr":[1,8],"myfone.dk":[12],"myfonehome.com":[1,5],"myfontbook.com":[1,12],"myfonts.com":[3],"myfoodbag.co.nz":[1,3],"myfooddiary.com":[1,12,4],"myfoodlink.com":[1],"myfoodrecruiter.com":[1,6],"myfootballclub.com.au":[1,12,3],"myfordmobile.com":[1],"myfortinet.com":[1,5],"myfortune3cart.com":[12],"myforum.ro":[10],"myfoscam.com":[1],"myfoscam.org":[12],"myfourchette.com":[1],"myfox-evology.com":[1,5],"myfox.fr":[1],"myfox.me":[1],"myfpcu.com":[1,2],"myfranconnect.com":[1],"myfreecams.com":[12,3],"myfreece.com":[1,12],"myfreecopyright.com":[12],"myfreedomsmokes.com":[12,12,9],"myfreefarm.com":[1],"myfreefarm.de":[1],"myfreefarm.nl":[1],"myfreeforum.org":[1,10],"myfreeimplants.com":[1,12],"myfreelotterypool.com":[1,3],"myfreepaysite.com":[12],"myfreescorenow.com":[1,2],"myfreeshares.com":[1],"myfreestyle.com":[1,12],"myfreestyle.fr":[1,12],"myfreezoo.com":[1,3],"myfreezoo.com.br":[1,3],"myfreezoo.cz":[1,3],"myfreezoo.de":[1,3],"myfreezoo.es":[1,3],"myfreezoo.fr":[1,3],"myfreezoo.hu":[1,3],"myfreezoo.it":[1,3],"myfreezoo.nl":[1,3],"myfreezoo.pl":[1,3],"myfrenchfilmfestival.com":[1,12,3],"myfrenchstartup.com":[1,12],"myfreseniuskidneycare.com":[1],"myfreshnet.com":[12],"myfrhi.com":[1,12,5],"myfridgefood.com":[3],"myfritz.box":[12],"myfritz.net":[1,12,5],"myfrontier.org":[1],"myfrontpoint.com":[1],"myfrontsight.com":[12,12],"myfrs.com":[1,2,12],"myfsn.biz":[1],"myftp.biz":[1,5],"myftp.org":[1,5],"myftpupload.com":[12],"myfuelinfo.com":[12],"myfueloilbill.com":[1,12],"myfuelportal.com":[12],"myfujifilm.de":[1],"myfujifilm.fr":[1,9],"myfujifilm.se":[1,12,9],"myfun.com.au":[1],"myfuncards.com":[1,3],"myfunlife.com":[1],"myfunpix.com":[12],"myfutcoins.com":[12],"myfutura.eu":[12],"myfuture.edu.au":[1,12,6],"myfuturerole.com":[1,6],"myfuturescripts.com":[1],"myfuturesinstitute.com":[1,2,12],"myfuturesuper.com.au":[1,12],"myfuturewise.org.uk":[1,5],"myfwc.com":[1,12],"myfxbook.com":[1,2]}