{"dofus-la-serie.com":[1,12],"dofus-touch.com":[3],"dofus.com":[1,3,3],"dofusama.fr":[1,12],"dofusbook.net":[1,12],"dofusfashionista.com":[1,12],"dofusmap.fr":[12],"dofusplanner.com":[1,12,9],"dog.biz":[12],"dog.com":[12,9],"dogado.de":[1,5],"dogakoleji.com":[12],"dogaru.fr":[3],"dogbizpro.com":[1,12],"dogbuddy.com":[1,12],"dogcat.com":[1,12,9],"dogear.cn":[1,12,3],"dogeared.com":[9],"dogechain.info":[12],"dogeclix.com":[1],"dogecola.ru":[1,3],"dogehouse.org":[12],"dogeminers.com":[1,5],"dogemining.info":[1,2,5],"dogepool.net":[12],"dogepool.pw":[12],"dogevault.com":[1],"dogfartnetwork.com":[12],"dogfidelity.com":[1,12],"dogfinance.com":[1],"dogfoodadvisor.com":[12],"dogforum.com":[12],"dogfunk.com":[9],"doggiebox.co.uk":[1],"doggiefood.com":[9],"dogging.co.uk":[12],"doggyloot.com":[1,9],"doglicenses.us":[12],"doglle.com":[12],"doglost.co.uk":[12,3],"dognition.com":[1,12],"dognzb.cr":[12,5],"dogonews.com":[12,3],"dogry.pl":[3],"dogs4friends.de":[12,9],"dogsfaucet.su":[1],"dogsitter.it":[1,12,9],"dogsnaturallymagazine.com":[12],"dogsnow.com":[12],"dogsondeployment.org":[1,12],"dogspot.de":[12],"dogster.com":[12],"dogstrust.org.uk":[12],"dogsupplies.com":[9],"dogteur.com":[1,12,9],"dogtraininginstitute.com":[1,5],"dogvacances.fr":[1,12],"dogvacay.com":[1,12],"dogweb.no":[12],"dogwise.com":[12,9],"dogzer.com":[12],"dogzer.net":[12],"dogzer.us":[12],"doh.gov.ph":[1,12],"dohabank.com.qa":[1,2],"doheny.com":[1,9],"dohertystaffing.com":[1],"dohop.com":[11],"doi.gov":[1,12],"doinsta.com":[1],"doit.im":[1],"doitbest.com":[9],"doitbestcorp.com":[1,12],"doitim.com":[1],"doitplay.com":[1,12,3],"doityourself.com":[1,9],"doityourselfchristmas.com":[3,10],"doizece.ro":[3],"dojiggy.com":[1,12],"dojin.co":[1,12,3],"dojo.com":[3],"dojrp.com":[1,12,3],"dokeos.com":[1],"dokeosaas.com":[12],"doki.net":[12],"dokitv.nl":[12,3],"dokkan-battle.fr":[1,12,3],"dokkanbattlebuilder.com":[12],"dokmail.com":[1,12],"dokom.net":[1,5,9],"doksi.hu":[1,12],"dokteronline.com":[12,4],"doktorsitesi.com":[1,12,4],"doku.com":[1],"dokumera.se":[1],"dokuwallet.com":[1],"dol.gov":[1,12],"dolby.com":[1],"dolbycustomer.com":[1]}