{"isendpro.com":[1,5],"isenselabs.com":[1],"isep.fr":[1,12],"isere.fr":[1,12],"iset.com.br":[1],"isfdb.org":[3],"isflive.org":[1,12],"isg.com":[1,12],"isg1.net":[1],"ishares.com":[2],"ishinfo.com":[1,12],"ishoppurium.com":[1],"ishotmyself.nl":[12],"isi-sanitaire.fr":[1,9],"isic.cz":[1],"isic.fr":[1,12,9],"isic.org":[1,12],"isidata.net":[1,12],"isidewith.com":[1,12,7],"isiformazione.it":[1,12,3],"isiforums.net":[10],"isightpartners.com":[1,5],"isigma.net":[1],"isiknowledge.com":[1,12],"isilines.fr":[1],"isimtescil.net":[1,5],"isin.org":[1,2],"ising.pl":[12],"isinstock.com":[1,9],"isistelecom.com":[1],"isitcoeliacdisease.org.uk":[1,12,4],"isitnormal.com":[1,12],"isixsigma.com":[1,12],"iski.cc":[1,12],"iski.gov.tr":[12],"iskitracker.com":[1,12,10],"iskola.cz":[1,12],"iskolig.com":[1,6],"iskon.hr":[1,5],"iskrica.com":[10],"iskur.gov.tr":[1,12],"iskysoft.com":[1,5],"islabikes.co.uk":[1,9],"islamibankbd.com":[1,12],"islamicfinder.org":[1,12],"islamiconlineuniversity.com":[12],"islamqa.info":[12],"islamway.net":[12],"islamweb.net":[12,12],"island-4x4.co.uk":[1,9],"island.is":[1,12],"islandair.com":[1,11],"islandclash.com":[10],"islanddailydeals.com":[1,9],"islandfcu.org":[1],"islandforce.com":[1],"islandimporter.com":[1,9],"islandlinkbus.com":[1,11],"islandluck.com":[1],"islandpackers.com":[1,11],"islandsavings.ca":[1,2],"islandtrends.com":[9],"islcollective.com":[12],"islendingabok.is":[12],"isleofcapricasinos.com":[1],"islington.gov.uk":[1,12],"islogin.cz":[1,12,5],"islonline.com":[1,5],"islonline.net":[1],"ismartalarm.com":[1,9],"ismartsoftware.net":[12],"isme.com":[9],"ismedia.jp":[1,12],"ismfast.com":[1,12],"ismoker.eu":[12,9],"ismrm.org":[1,12],"isnare.com":[1,12],"isncommunity.com":[1,5],"isnetworld.com":[1,12],"isnext.ru":[12],"isnic.is":[1,5],"iso.com":[1],"iso.org":[1,12],"isoa.org":[1,2,12],"isobux.com":[1,5],"isoc.org":[1,12],"isoftstone.com":[1],"isograd.com":[1,12,5],"isohunt.com":[1,3],"isohunt.to":[12],"isoladeitesori.it":[9],"isolicht.ch":[1,9],"isolicht.com":[1,9],"isolonice.fr":[1,12,5],"isolsend.com":[12],"isolta.com":[1],"isolutions.it":[12],"isonholiday.com":[1,12],"isonvacation.com":[12]}