{"stihi.ru":[1,12],"stihldealer.net":[1,9],"stihlusa.com":[1,9],"stilacosmetics.com":[9],"stileapp.com":[1,12],"stillincontact.com":[1,12,6],"stillwaterinsurance.com":[1,2],"stim.se":[1,12,3],"stimme.de":[1,12,7],"stimsocial.com":[1],"sting.com":[1,12,3],"stingray.com":[1],"stinkyinkshop.co.uk":[1],"stio.com":[1,9],"stipe.com.au":[1,5],"stips.co.il":[1,12],"stir.ac.uk":[12],"stirlingsoap.com":[9],"stitch.net":[1],"stitchboard.com":[1,12],"stitchdata.com":[1,5],"stitchdelight.net":[1,9],"stitcher.com":[1,7,3],"stitchfiddle.com":[12],"stitchfix.com":[1,9],"stitchlabs.com":[1],"stitchtopia.com":[1,12,9],"stitchuponatime.com":[1,9],"stivasoft.com":[1],"stixy.com":[12],"stjobs.sg":[1,6],"stjoe.org":[1,12],"stjohn.org":[1],"stjohn.org.au":[1,12],"stjohn.org.nz":[1,12],"stjohnambulance.com.au":[1,12],"stjohnnsw.com.au":[1,12],"stjohns.edu":[12],"stjohnsa.com.au":[1,12],"stjohnsupplies.co.uk":[1,12,9],"stjude.org":[1,12,4],"stkate.edu":[12],"stlawu.edu":[1,12],"stlcc.edu":[12],"stlouisco.com":[1,12],"stlouisfed.org":[1,12],"stlsymphony.org":[1,12],"stltoday.com":[1,12,7],"stluke.com.ph":[1,12],"stlukesbillpay.com":[1],"stlwater.com":[1],"stlzoo.org":[1,12],"stm.info":[1,12,3],"stmarys-ca.edu":[12],"stmarysbank.com":[1,2],"stmarytx.edu":[12],"stmath.com":[12],"stmforum.com":[1,12],"sto.ca":[1,12],"stoacademy.com":[12,3,3],"stoamigo.com":[1,5],"stoas.nl":[1,12],"stocard.de":[1],"stocardapp.com":[1],"stock-off.com":[9],"stockbar.com":[12],"stockcharts.com":[1,2],"stockcross.com":[2],"stockdoctor.com.au":[1],"stockfetcher.com":[1,2,9],"stockfighter.io":[1,5],"stockflare.com":[1,2],"stockfootageforfree.com":[1,3],"stockfreeimages.com":[1,10],"stockfresh.com":[1,10],"stockfuse.com":[1,2,12],"stockgumshoe.com":[1,2],"stockholm.se":[1,12],"stockholmfilmfestival.se":[1,12,3],"stockholmsmassan.se":[1,12],"stockhouse.com":[12],"stockindesign.com":[1],"stockinformer.co.uk":[1,9],"stockinformer.com":[1,3,9],"stockingshq.com":[12,9],"stockingspree.com":[1,9],"stockinthechannel.co.uk":[1,9],"stockinthechannel.com":[1,9],"stockinvest.us":[1,2,3],"stockisti.com":[1,9],"stocklayouts.com":[1],"stocklib.fr":[1,9],"stockline.be":[1,9],"stocklinkonline.com":[12],"stocklogos.com":[1],"stockmanbank.com":[1,2],"stockmann.com":[9],"stockmarket.aero":[9],"stockmarketgame.org":[12]}