{"iloveimg.com":[12,10],"iloveinterracial.com":[12],"ilovematlab.cn":[1,12,5],"ilovemeetandgreet.co.uk":[1],"ilovepdf.com":[12],"iloverealestate.tv":[1,12],"ilovesciencestore.com":[9],"iloveskininc.com":[1,9],"ilovethebeach.com":[12],"ilovetoreview.co.uk":[1],"ilovetoreview.com":[1,9],"ilovetorrents.me":[12],"ilovetorun.org":[1,9],"ilovetour.co.uk":[1,12],"iloxx.de":[1,9],"ilpmp.org":[1,12,4],"ilportaledellautomobilista.it":[1,12],"ilpuntotecnicoeadsl.com":[1,12,5],"ilrn.com":[12],"ilsdu.com":[1,12],"ilsecoloxix.it":[12,3,7],"ilsemaforo-softair.com":[9,12],"ilsmart.com":[1,12,9],"ilsoftware.it":[1,5],"ilsole24ore.com":[1,12,3],"ilsos.gov":[1],"ilstu.edu":[1,12],"ilsworld.com":[1,12],"iltapulu.fi":[3],"iltasanomat.fi":[1,12,3],"iltreno.hu":[3],"iltriangolo.it":[1],"iltrovatreni.it":[1,3],"iltuocorso.com":[1,12],"iltuoticket.it":[1,3],"ilucca.net":[1],"iluria.com":[1,9],"ilvirtual.org":[1,12],"ilwebmaster21.com":[12],"ilxportal.com":[12],"ilys.com":[7,1,12],"im-mobilityonline.com":[1],"im-web.de":[1],"im.va":[1,12],"imacros.net":[1,5],"imacwallpapers.com":[12],"imadoctors.com":[1,12],"imag.fr":[12],"image-line.com":[1],"image-maps.com":[1,12,10],"image-net.org":[12],"image-systems.biz":[1,5],"image.net":[1,3],"image3d.com":[12],"imagebam.com":[1,10],"imagebrief.com":[1],"imagechef.com":[1,3],"imagecomics.com":[3],"imagedepositgateway.com":[12],"imageevent.com":[10],"imagefap.com":[12],"imagegateway.net":[1,12],"imagekind.com":[1,12,9],"imagelinenetwork.com":[1,12],"imagely.com":[1,5],"imagemagick.org":[1,12,5],"imagemfolheados.com.br":[9],"imageneratecentral.com":[1],"imagequix.com":[1],"imagerecycle.com":[1,5],"imageredirect.com":[12],"imagerelay.com":[1],"images-photo.com":[1,9],"imageshack.com":[10],"imageshack.us":[10],"imagesia.com":[1,10],"imagesilo.com":[1],"imageskincare.com":[1,12,9],"imagesource.com":[1,12],"imagetrendelite.com":[12],"imagetwist.com":[10],"imagetyperz.com":[1,5],"imagevenue.com":[1,10],"imagexapp.com":[1],"imagezog.com":[12],"imagga.com":[1],"imagify.io":[1],"imaginarium.com.br":[9],"imaginationlibrary.com":[1,12],"imagine-r.com":[1,9],"imagineclarity.com":[1,12],"imaginecup.com":[1,12,5],"imaginedragonsmusic.com":[1,3],"imagineersystems.com":[1,5],"imaginelearning.com":[12],"imagineproducts.com":[1],"imagineshop.co.uk":[1],"imagineyourcraft.fr":[1,12,3],"imagis.pl":[1,12]}