{"contestchest.com":[12,9,11],"contestdomination.com":[1],"contestgirl.com":[1,3,9],"context.io":[1,5],"contexte.com":[1,12],"contexttravel.com":[1,12,11],"contextualscience.org":[12],"conti.de":[12],"contigomas.com":[1,12],"contiki.com":[1],"continental-corporation.com":[1],"continental.com":[1],"continentalclothing.com":[1,9],"continentalstock.com":[1],"continente.pt":[12],"contingent.com":[1,5],"continuingeducation.com":[1,12,4],"contionlinecontact.com":[1],"contorion.de":[1,9],"contour.com":[1,9],"contournext.com":[1,12],"contpaqi.com":[12],"contra.de":[1,9],"contracostatimes.com":[7],"contract-factory.com":[1,5],"contract-live.com":[1],"contractorboard.com":[1,12],"contractorconnection.com":[1],"contractorportal.ca":[1,12,5],"contractorrewards.com":[12],"contractorsplan.com":[1],"contractortalk.com":[1,12],"contractoruk.com":[12],"contractrecruit.co.uk":[1,5,6],"contractstandards.com":[1,12],"contracttesting.com":[1],"contractwarsgame.com":[3],"contractworld.jobs":[1,12],"contractxchange.com":[1,12],"contralia.fr":[1],"contrarianoutlook.com":[1,2,12],"contrataciondelestado.es":[1,12],"contratado.me":[1],"contratando.com.br":[12],"contratanet.com.br":[1],"contratebem.com.br":[1],"contrave.com":[12,4],"contrib.com":[1,12],"contributieuropa.com":[1,12],"contributionship.com":[1],"control-center.de":[1,5],"control-finance.com":[3,12],"control-link.com":[1],"control4.com":[1],"controlauto.pt":[12],"controlbox.net":[1],"controletechniquegratuit.com":[1,12],"controlle.com":[1],"controllermax.com":[1,3],"controlnow.com":[1],"controlpanel.co.uk":[1],"controlpanel.pro":[12],"controlpanel.tech":[1,12],"controlpayadvanced.com":[1],"controlrisks.com":[1,12],"controlscan.com":[1,5],"contv.com":[3],"conv2pdf.com":[1,12],"convargo.com":[1,5],"convenia.com":[1,12,9],"convention.co.jp":[1,12],"conventionofstates.com":[1,12],"conventus.dk":[12],"convenzioniaziendali.it":[1],"convercent.com":[1],"convergencemktg.com":[1],"convergencetraining.com":[1,12],"convergent-design.com":[1],"convergentcare.com":[12],"convergepay.com":[1,5],"convergys.com":[1],"convergysworkathome.com":[1],"converia.de":[1],"conversationexchange.com":[1,12],"conversationstarter.net":[1],"converse.ai":[1],"converse.com":[9],"converse.com.au":[1,9],"conversica.com":[1],"conversio.com":[1],"conversionsurf.com":[1],"conversionxl.com":[1,12],"convert2media.com":[1],"convertflow.com":[1],"convertfox.com":[1],"convertio.co":[5],"convertkit.com":[1],"convertri.com":[1,5],"convertworld.com":[12]}