{"foundationonline.org.uk":[1,12],"foundationsoft.com":[1],"foundationtraining.com":[1,12],"founder2be.com":[1,5],"founderdating.com":[1],"founderio.com":[1],"founderscard.com":[1],"foundersfcu.com":[1,2],"foundershield.com":[1],"foundersinsurance.com":[1],"foundersuite.com":[1],"foundmyfitness.com":[1,12,4],"foundry.com":[1],"fountainpennetwork.com":[12],"fountasandpinnell.com":[1,12],"four51.com":[12],"four51ordercloud.com":[12],"fourchette-et-bikini.fr":[1,12,4],"fourcorners.com":[9],"fourcornersalliancegroup.com":[1,12],"fourdeltaone.net":[12],"fourdollarclick.com":[1],"fourerr.com":[1],"fourgon-passion.com":[1,12,3],"fourhands.com":[1],"fourmilab.ch":[12],"fourmilimails.com":[1],"fourmizzz.fr":[3,3],"fourmusic.com":[1],"fourniresto.com":[1,3,9],"fourpercent.com":[1,12],"fourseasons.com":[1,11],"foursevens.com":[1,9],"foursight.com":[1],"foursigmatic.com":[12],"foursixty.com":[1],"foursquare.com":[1],"fourteenfish.com":[1,12],"fourth.com":[1],"fourthhospitality.com":[1],"fourwindscasino.com":[1],"fourwindsinteractive.com":[1],"foussierquincaillerie.fr":[1,9],"fovea.no":[5],"fowa.it":[1],"fowlersparts.co.uk":[1,9],"fox.com":[3],"fox.nl":[1,11],"foxbit.com.br":[1,2],"foxbit.exchange":[1,12],"foxbusiness.com":[1,7],"foxchapelpublishing.com":[1,12,9],"foxcheats.net":[1,12,5],"foxchip.com":[3,7,9],"foxcloud.com":[12],"foxconnect.com":[3,9],"foxcroftcollection.com":[9],"foxdox.de":[12],"foxford.ru":[12],"foxhead.com":[9],"foxhillscash.com":[1],"foxinc.com":[12],"foxitcloud.com":[12],"foxitsoftware.com":[1,12,5],"foxleech.com":[12,10],"foxmarks.com":[12],"foxnews.com":[7],"foxplay.com":[12],"foxpush.com":[1,12],"foxracing.com":[9],"foxrentacar.com":[12],"foxsearchlightscreenings.com":[1],"foxsoccer2go.com":[1,3],"foxsoccermatchpass.com":[3],"foxsports.com":[3],"foxsports.com.au":[3],"foxsports.nl":[3],"foxsportsgo.com":[7,3],"foxsymes.com.au":[1,2],"foxtechfpv.com":[1,9],"foxtel.com.au":[1],"foxtons.co.uk":[1,8,11],"foxwelltech.com":[1],"foxwoods.com":[1],"foxxequipment.com":[9],"foxxshirts.de":[9],"foxybingo.com":[3,3],"foxycart.com":[1],"foxycasino.com":[3,3],"foxyutils.com":[1,12,5],"foyles.co.uk":[1,12,3],"fozzy.com":[1,5],"fpa.com.au":[1,12],"fpanet.org":[1,2,12],"fpcu.org":[1,2],"fpds.gov":[12],"fpf.co.nz":[1,2],"fpf.pt":[3,3],"fpgeeks.com":[12]}