{"yowindow.com":[1,12,7],"yowinner.com":[1,3,9],"yowireless.com":[1],"yoy.tv":[3],"yoyaq.com":[1,11],"yoybuy.com":[1,9],"yoycart.com":[9],"yoyo.com":[9],"yoyochinese.com":[1,12],"yoyoexpert.com":[12],"yoyogames.com":[1,12,5],"yoyotricks.com":[12],"yoyowallet.com":[10,11],"yoytec.com":[9],"yp.com":[1],"ypbooks.co.kr":[12],"ypdine.ca":[1,3],"ypf.com":[1,12],"ypg.com":[1,12],"ypicrew.com":[1],"yplanapp.com":[12],"yplus.tv":[12],"ypmate.com":[12],"ypo.co.uk":[1],"ypool.net":[12],"ypowpo.org":[1],"yrbrands.com":[12],"yrc.com":[1],"yrdsb.ca":[1,12],"yretirement.org":[1,2,12],"yroo.com":[9],"yrytys.com":[1],"ysasecure.com":[12],"ysconline.com":[1,12],"yse-lingerie.com":[1,9],"ysearch.org":[1,12],"ysl.com":[1,3,9],"yslbeautyus.com":[9],"ysu.edu":[12],"yt-industries.com":[1,9],"yt2fb.com":[1,5],"ytaopal.com":[1,9],"ytb.com":[1],"ytbot.com":[1],"ytcropper.com":[12],"ytel.com":[1],"ytk.fi":[1,12],"ytmnd.com":[3],"ytmonster.net":[1,12,5],"ytmonster.ru":[1,12,5],"ytpals.com":[1],"yts.ac":[12],"yts.ag":[12],"yts.am":[12],"yts.re":[12],"yts.to":[12],"yttalk.com":[1,12,5],"ytuber.ru":[12,5,3],"ytubeviews.com":[3],"ytz.com":[1],"yu.edu":[12],"yu.edu.jo":[12],"yuanta.com.tw":[2],"yuantabank.com.tw":[1,2],"yubico.com":[1,5],"yubraca.net":[1],"yucata.de":[1,12,3],"yudofu.com":[12],"yudu.com":[1,12],"yuflow-events.com":[1],"yuforum.net":[1],"yugioh-online.net":[12,11],"yugiohcardmaker.net":[1,9],"yugiohcardmarket.eu":[1,9],"yugiohduelosonline.com":[3,3],"yugiohgameonline.com.br":[1,12,3],"yugiohmint.com":[9],"yugiohrpgonline.com":[1,3,3],"yugiohrpgonline.com.br":[1,3,3],"yugster.com":[5,9],"yuisy.com":[1,12],"yukeep.com":[1,9],"yukiworks.be":[12],"yukiworks.nl":[12],"yukoyuko.net":[11],"yuku.com":[1,12],"yum.com":[1,12],"yumaregional.org":[1,12,4],"yumbles.com":[1,3,9],"yummielife.com":[1,9],"yummly.co":[3],"yummly.co.uk":[3],"yummly.com":[3],"yummly.uk":[3],"yummy.com":[1,3,9],"yummyanime.com":[3],"yummymummystore.com":[9],"yummypets.com":[1,12],"yummysoftware.com":[1,5]}