{"blog2social.com":[1],"blog4ever.com":[1],"blogabet.com":[1,3],"blogadda.com":[1,12],"blogarama.com":[1,12,3],"blogbus.com":[12],"blogcatalog.com":[1,12],"blogcms.jp":[1,12,3],"blogdash.com":[1],"blogdiario.com":[1,12],"blogfa.com":[1],"blogflux.com":[1,12],"blogfoster.com":[1],"blogfree.net":[1],"blogg.org":[1],"blogg.se":[1,12],"blogged.com":[7],"blogger.com":[7,1],"blogger.de":[1,12,3],"bloggeramt.de":[1,12],"bloggers.com":[1],"bloggingforbooks.com":[1,12,3],"blogher.com":[1,12],"blogilates.com":[1,3],"bloginfluent.fr":[1,12],"bloglines.com":[7],"bloglovin.com":[1],"blogmeetsbrand.com":[1],"blogmint.com":[1],"blogmura.com":[1,12,3],"blogmutt.com":[1],"blogninja.com":[1,12,5],"blogram.jp":[1,12,3],"blogs.com":[1],"blogsky.com":[1,12],"blogsoft.no":[1],"blogspot.ca":[7],"blogspot.co.uk":[7],"blogspot.com":[7],"blogspot.com.br":[12],"blogspot.de":[7],"blogspot.es":[7,1,12],"blogspot.fr":[7],"blogster.com":[1,3],"blogsvertise.com":[1],"blogsyte.com":[1,5],"blogtalkradio.com":[3,7,3],"blogtoplist.com":[1],"blogtopsites.com":[1,12,7],"blogtrottr.com":[1],"blogtruyen.com":[3],"blogtv.com":[3],"blogueur-pro.com":[1,12],"blogun.ru":[12],"blogvault.net":[1,5],"blokker.be":[9],"blokker.nl":[9],"blomand.net":[1],"blombank.com":[1,2],"blomming.com":[1],"blomqvist.no":[1,12,9],"bloochat.com":[1],"blood.ca":[1,12],"blood.co.uk":[12],"blood4life.org":[1,12],"bloodcenterimpact.org":[1,12],"bloodhero.com":[1,12],"bloodheroes.com":[1,12],"bloodinfo.net":[1,12],"bloodjournal.org":[12,4],"bloodlinechampions.com":[12],"bloodpressuredb.com":[12],"bloodpressuresolution.com":[1,12,4],"bloodsafelearning.org.au":[1,12],"bloodsource.org":[1,12,4],"bloodstoneonline.com":[1,12,3],"bloodsuckerz.net":[3],"bloodsymphony.com":[1,3],"bloodwars.net":[12],"bloodworksnw.org":[12],"bloodybattle.net":[3],"bloodymine.eu":[12],"blookup.com":[1],"bloom.com":[1,12],"bloomandwild.com":[1,9],"bloomberg.com":[1,7],"bloomberg.net":[1],"bloombergforeducation.com":[1],"bloomberginstitute.com":[1],"bloomberglaw.com":[1],"bloombex-options.com":[1,2,12],"bloomboard.com":[1,12],"bloomerang.co":[1],"bloomex.ca":[1,9],"bloomex.com.au":[1,9],"bloomfire.com":[1],"bloominbrandscareers.com":[1],"bloomingdales.com":[9],"bloomizon.com":[1,12]}