{"aventus.nl":[1,12],"avenue-privee.com":[12,9],"avenue.com":[9],"avenuedelaglisse.com":[9],"avenuedesjeux.com":[9],"avenuedusol.com":[1,9],"avenza.com":[1],"avenzamaps.com":[1,12],"avepargne.fr":[1,5],"avepoint.com":[1,5],"aveprize.com":[1],"averachart.org":[1,12],"averahealthplans.com":[1,12],"averfight.fr":[12],"averia.ws":[1,12,3],"averittexpress.com":[1],"avero.nl":[1,2],"averoinc.com":[1],"averta.net":[1],"avertinoo.fr":[12],"avery-zweckform.com":[1],"avery.ca":[1,9],"avery.co.uk":[1],"avery.com":[1,9],"avery.eu":[1],"averys.com":[12,9],"avesis.com":[1,12],"avetorrents.com":[12],"avetta.com":[1],"avevewinkels.be":[1,12,9],"avex.jp":[1,12,3],"avfc.co.uk":[1,3],"avforums.com":[1,3],"avg.club":[12],"avg.com":[1,5],"avg.com.au":[1,5],"avgcloud.net":[1,12],"avgle.com":[12],"avgmobilation.com":[1,5],"avhsd.org":[12],"avi-international.com":[1],"avia.ch":[1],"aviall.com":[1,9],"avianca.com":[1,12,11],"avianca.com.br":[1,12,11],"aviary.com":[1,10],"aviationconsumer.com":[1,12,9],"aviationcv.com":[1,6],"aviationexam.com":[1,12],"aviationhub.aero":[1],"aviationinterviews.com":[12],"aviationjobsearch.com":[1,12,6],"aviationmegastore.com":[1,9],"aviationweather.gov":[1,12,7],"aviationweek.com":[1,12],"aviatorbusinesscard.com":[12],"aviatormastercard.com":[1],"avic411.com":[12,10],"avid.com":[1],"avid.org":[1,12],"avidid.com":[1,12],"avidvaper.com":[1,9],"avidweekly.org":[12],"avidxchange.net":[1,12],"avignonleoff.com":[1,12],"avilar.com":[1,12],"avilog.com":[12],"avinc.com":[1],"avinode.com":[1],"avinor.no":[1,12],"avionte.com":[1,5],"aviontego.com":[1],"avios.com":[1,3,9],"avira.com":[1,5],"avira.de":[1,5],"avirtualhorse.com":[3],"avis-de-deces.net":[1,12,3],"avis-europe.com":[1,12],"avis-immobilier.fr":[1,8],"avis-verifies.com":[1],"avis.be":[1,12],"avis.ca":[1],"avis.ch":[1,12],"avis.co.nz":[1],"avis.co.uk":[1,12,3],"avis.co.za":[1,12],"avis.com":[1],"avis.com.au":[1],"avis.de":[1,12],"avis.dk":[1,12,9],"avis.es":[1,12,3],"avis.fr":[1,12],"avis.ie":[1,12],"avis.nl":[1,12],"avis.no":[1,12,9],"avis.se":[1,12],"avisautonoleggio.it":[1,12,3],"avisbudgetgroup.com":[1,12],"avisbudgetgroupcareers.com":[1]}