{"samsungipolis.com":[12],"samsungknox.com":[1,5],"samsungmobile.com":[1,5,9],"samsungparts.com":[5,9],"samsungsmartcam.com":[12],"samsungstore.com.br":[1,5,9],"samsungsv.com":[1,12],"samsungsvc.co.kr":[1,9],"samsungtelecom.com":[1,9],"samsungvn.com":[5,7],"samsungvr.com":[3],"samtec.com":[1,5],"samtrygg.se":[1,12],"samuel-windsor.co.uk":[9],"samuelandsons.com":[1,9],"samuelfrench.co.uk":[1,12,3],"samuelfrench.com":[1,12,3],"samuelhubbard.com":[1,9],"samurai-games.net":[1],"samuraibuyer.jp":[9],"samuraioflegend.com":[1,12],"samuraiseller.com":[1],"samutale.com":[1,12,3],"samygo.tv":[5],"samys.com":[9],"sanagate.ch":[1],"sanalika.com":[12],"sanalmarket.com.tr":[3,9],"sanalmarketim.com":[1,9],"sanalpazar.com":[1,9],"sanantonio.gov":[1,12],"sanarti.it":[1,12],"sanborns.com.mx":[9],"sanchurro.com":[1,3],"sancorsalud.com.ar":[1,12,4],"sanctuary-students.com":[1,12],"sandals.com":[1,9,11],"sandalsselect.com":[1,9],"sandawe.com":[1,12,3],"sandaysoft.com":[1,12],"sandberg.it":[1,5,9],"sandboxie.com":[1,5],"sandcastlefs.com":[1],"sandcloudtowels.com":[1,9],"sanderscandy.com":[9],"sandglaz.com":[1,5],"sandhills.com":[1],"sandhills.edu":[1,12],"sandhillstech.com":[12],"sandi.net":[12],"sandia.gov":[1,12],"sandia.org":[1,2],"sandicor.com":[1,12],"sandiego.edu":[12],"sandiego.gov":[1,12],"sandiegoreader.com":[1,3],"sandiegosymphony.org":[1,12,3],"sandiegouniontribune.com":[1,12,7],"sandiegozoo.org":[12],"sandisk.com":[1,5],"sandler.com":[1],"sandlerportal.com":[1],"sandmanhotels.com":[1,11],"sandro-paris.com":[9],"sandromoscoloni.com.br":[1,9],"sands.com":[1],"sandswept.net":[1,12],"sandvik.com":[1],"sandviks.com":[9],"sandwell.gov.uk":[1,12],"sandwichbaronstore.co.za":[1],"sandyspringbank.com":[1,2],"sanebox.com":[1,5],"sanef.com":[12],"sanefgroupe.com":[1,12],"saneftolling.co.uk":[12],"sanego.de":[12,4],"sanepar.com.br":[1,12],"sanet.cd":[12],"sanet.me":[12],"sanfordguide.com":[1,12,4],"sanfordhealth.org":[1,12,4],"sanfranciscofcu.com":[1,2],"sanger.ac.uk":[1,12],"sangoma.com":[1,5],"sanguosha.com":[1,12,3],"sanicare.de":[9],"saniesnelliclub.com":[1,12,4],"saninforma.it":[12,4,9],"sanistaal.com":[1],"sanita.it":[12],"sanitaire-distribution.fr":[1,9],"sanitaire.fr":[1,9],"sanitas-online.de":[1,12,9],"sanitas.com":[1],"sanitas.es":[1,4],"sanity.com.au":[3,9],"sanityscore.com":[1,12,4],"sanjac.edu":[12]}