{"outback.com":[1],"outback.com.br":[1,3],"outbackonlineordering.com":[12],"outbank.de":[1,5],"outbankapp.com":[1,5],"outboundengine.com":[1],"outbounders.com":[1],"outbrain.com":[12,1],"outcomesmtm.com":[1,12],"outdoor-broker.de":[9],"outdoor-exclusive.com":[12],"outdooraction.co.uk":[9],"outdooractive.com":[1,12],"outdoorandcountry.co.uk":[9],"outdoorcap.com":[9],"outdoorcentral.us":[12],"outdoorkit.co.uk":[9],"outdoorlimited.com":[9,12],"outdoorphotographer.com":[1,12,3],"outdoorphotographyguide.com":[1,12],"outdoorprive.com":[1,9],"outdoorproject.com":[1,12,3],"outdoorprolink.com":[9],"outdoorresearch.com":[9],"outdoors.org":[1,12],"outdoorsgps.com":[1,12],"outdoorsmagic.com":[9],"outdoorsmart.com":[1,12],"outdoorsmenforum.ca":[10],"outdoorsports24.com":[9],"outdoorsy.co":[1],"outdoortrends.de":[9],"outdoorvoices.com":[9],"outerwall.com":[1],"outeverywhere.com":[12,1],"outfitter.de":[1,9],"outfittery.at":[9],"outfittery.ch":[9],"outfittery.com":[9],"outfittery.de":[9],"outfittery.nl":[9],"outgoing.co.uk":[1,12],"outgrow.co":[1,12],"outhousetickets.com":[1,3],"outillage-btp.com":[9],"outillage-online.fr":[9],"outillage2000.com":[1,9],"outilonline.com":[1,9],"outiror.com":[1,9],"outitgoes.com":[12],"outix.net":[1],"outiz.fr":[1,9],"outlet46.de":[9],"outletciclismo.com":[1,9],"outletcity.com":[1,9],"outletic.com":[12],"outletinn.com":[1,9],"outletpc.com":[5,9],"outletsigarettaelettronica.it":[12,9],"outlier.cc":[9],"outlier.nyc":[9],"outlinedepot.com":[1,12],"outlook.com":[1,10,5],"outlook.de":[1,5],"outlook.fr":[1,5],"outlook.it":[1,5],"outlookfreeware.com":[5],"outlookmail.com":[12],"outnorth.no":[9],"outnorth.se":[9],"outnow.ch":[3],"outofeden.co.uk":[1,9],"outofmilk.com":[1,9],"outofmilkapp.com":[1,9],"outofprintclothing.com":[9],"outofthefog.net":[1,12],"outpan.com":[1,5],"outpersonals.com":[10],"outpost.com":[9],"outpostfirewall.com":[10],"outpostgames.com":[12],"output-online.nl":[1,7,9],"output.com":[1],"outreach.com":[1,12,9],"outreach.io":[1],"outrigger.com":[1,11],"outright.com":[1],"outside.co.uk":[9],"outsideagents.com":[1],"outsideonline.com":[1,12,9],"outsideoutfitters.com":[9],"outsidepride.com":[12],"outsiderclub.com":[1,12],"outskirtspress.com":[1,12,3],"outsource.com":[1],"outsourcedatarecovery.com":[1,12,5],"outsourcely.com":[1,5],"outspark.com":[12],"outstand.com":[1]}