{"storageunitsoftware.com":[1,5],"storagewest.com":[1,9],"store-3d-blurayrental.com":[3,9],"store-express.com":[1,9],"store.bg":[9],"store2door.com":[1],"storeapps.org":[1],"storeboard.com":[1,12],"storebox.com":[1],"storebrand.no":[1,2],"storecoach.com":[1],"storecommander.com":[1],"storedge.com":[1],"storedgefms.com":[12],"storedj.com.au":[9],"storedvalue.com":[1],"storefront-solutions.com":[1,12],"storefrontremote.com":[12],"storegate.com":[1,5],"storejextensions.org":[1,5],"storenvy.com":[9],"stores-discount.com":[1,9],"stores-et-rideaux.com":[9],"stores.jp":[1,9],"storesecure.com":[12],"storesecured.com":[1],"storesonlinepro.com":[1,9],"storesupply.com":[9],"storets.com":[9],"storevantage.com":[1],"storex.fr":[1,9],"storeya.com":[1],"stories.com":[9],"storiesonboard.com":[1,12,5],"storiesonline.net":[12,3],"storify.com":[1,12,3],"storipass.com":[1],"storiqa.com":[1,12],"storium.com":[1,12],"storj.io":[1,5],"storjstat.com":[12,5],"storm8.com":[1],"stormberg.com":[9],"stormboard.com":[1,5],"stormfront.org":[12,3,10],"stormgeo.com":[1],"stormheim.com":[10],"stormondemand.com":[1,5],"stormontvail.org":[1,12,4],"stormpath.com":[1,5],"stormproxies.com":[1,5,12],"stormspire.net":[10],"stormware.cz":[1,12],"stormwind.com":[1,12,5],"stormwindstudios.com":[1,12,5],"storyandheart.com":[1,3],"storybase.com":[1],"storybird.com":[1,12],"storyblocks.com":[12],"storyboardthat.com":[1,12],"storybooth.com":[12,1,3],"storybots.com":[1,12,3],"storybrand.com":[12],"storybundle.com":[3],"storycartel.com":[1,12,3],"storycorps.me":[1,12],"storyfire.com":[1,12,3],"storyfluence.com":[1,12],"storyful.com":[1],"storyhunter.com":[1,5],"storyjumper.com":[1,12],"storylinecreator.com":[12],"storynexus.com":[1],"storypark.com":[1,12],"storypeople.com":[1,3],"storytel.dk":[1,12],"storytel.nl":[1,12,3],"storytel.no":[1,12],"storytel.pl":[1,12],"storytel.se":[1,12,3],"storz-bickel.com":[1,12],"stouffers-rewards.ca":[1,3],"stouffers.com":[1,3],"stouse.com":[1,9],"stove-parts-unlimited.com":[9,12],"stox.com":[1,12],"stoxmarket.com":[1,2,12],"stpaulcenter.com":[12,3,12],"stpaulsschool.org.uk":[12],"stpay.info":[1,12],"stpete.org":[1,12],"stpetes.org":[1,12,4],"stph.org":[1,4],"stpmoodle.net":[1,12],"stpsb.org":[12],"str.com":[1],"str.it":[1],"str.se":[1,12],"str3ssed.me":[1,5]}