{"donorpoint.org":[1,12],"donorsaves.org":[1,12],"donorschoose.org":[1,12],"donorshops.com":[1],"donorsiblingregistry.com":[1,12],"donorsnap.com":[1],"donorsphere.org":[1,12],"donortools.com":[1,12,5],"donorview.com":[1],"donotcall.gov":[1,12],"donotpay.co.uk":[12],"donpepe.hu":[12],"dons-recherche.net":[1,12],"dontbebroke.net":[1],"dontbreakme.com":[12],"dontbreakthechain.com":[1,12],"dontcrack.com":[3],"dontforgetyourtoothbrush.com":[12],"dontpayfull.com":[1,9],"donweb.com":[1],"donya.jp":[1,9],"doo.net":[1],"doodle.com":[1],"doodle.de":[1],"doodlekit.com":[1],"doodlemaths.com":[1,12],"doodleordie.com":[12,3],"doofinder.com":[1,5],"dooliz.com":[1],"doom-serveur.com":[12],"doom9.org":[5],"dooney.com":[1,9],"doorbell.io":[1,5],"doorbird.com":[1,12],"doordash.com":[1,3],"doorentrydirect.com":[1,9],"doorhandlecompany.co.uk":[1,9],"doorkeeper.jp":[1,12,5],"doornroosje.nl":[1,3,10],"doorout.com":[9],"doorstepdelivery.com":[1,3],"doorsteporganics.com.au":[1,3,9],"doorsteps.com":[1,8],"doorswap.com":[1,5],"doortodoororganics.com":[1,12],"doorware.com":[1,9],"doosanpassport.com":[1],"doostang.com":[1,6],"dootalk.com":[1,3,9],"dootv.com":[1],"dooyoo.co.uk":[1,9],"dooyoo.de":[1,5,9],"doozycards.com":[1,3],"dopefile.pk":[5,10],"dopekeys.com":[12],"dopopoco.ro":[1,3],"doppelme.com":[1],"dopplr.com":[1,12,7],"dopublicity.com":[1,5],"dopus.com":[1,5],"dorcelclub.com":[12],"dorcelstore.com":[12,9],"dorcelvision.com":[12,3],"dorcousa.com":[9],"doreenbeads.com":[9],"doridro.com":[3,12],"doritos.co.uk":[1],"doritos.com":[3],"doritos.com.br":[12],"doritos.com.mx":[3],"doritosbatmanvssuperman.com":[3],"doritoschooseyourguardian.com":[3,3],"doritosheatwave.com":[3],"doritosmix.com":[12],"doritosredvsblue.com":[3],"dormanaccounts.com":[1],"dormandirect.net":[1,12],"dormane.fr":[1,12],"dormanproducts.com":[1,9],"dormco.com":[9],"dormy.se":[9],"dornbracht-professional.com":[1,12],"doroexperience.com":[12],"doroob.sa":[1,12],"dorotheum.com":[1,12,9],"dorothyperkins.com":[9],"dorset.sch.uk":[12],"dorsetcereals.co.uk":[1],"dorsetforyou.com":[1,12],"dorsethomechoice.org":[1],"dorseywright.com":[1,2],"dortfcuonline.org":[12],"dortonline.org":[1,2],"dorubako.jp":[12],"doruk.net.tr":[1,5],"dosenbach.ch":[1,9],"dosfarma.com":[9],"dosomething.org":[1,12],"dospara.co.jp":[1,5,9]}