{"sewsweetly.com":[1,9],"sex-amigo.com":[12],"sex-mich.com":[12],"sex.com":[12],"sex8.cc":[12],"sexandglory.com":[12],"sexarena.tv":[12],"sexart.com":[12,1,3],"sexartgold.com":[12],"sexcamly.com":[12],"sexchat.hu":[12,1,3],"sexdategeheimnis.com":[10],"sexdategesucht.com":[10],"sexdating.dk":[12],"sexdirect.co":[10],"sexefemmemure.com":[10],"sexemodel.com":[12],"sexencounters.com":[12,1,3],"sexetag.com":[12],"sexfetishforum.com":[12,10],"sexfinder.com":[10],"sexforums.com":[12],"sexgangsters.com":[12],"sexhistorier.se":[12,7],"sexier.com":[12,9],"sexinsex.net":[12,1],"sexintouch.com":[10],"sexinyourcity.com":[12],"sexix.net":[12],"sexjobs.nl":[12],"sexkey.com":[12],"sexkiste.com":[12,1],"sexklasa.net":[10],"sexkontakt.com":[10],"sexkontaktgeheimnis.com":[10],"sexlikereal.com":[12,1],"sexlog.com":[10],"sexmarkt.nl":[12],"sexmatchbook.com":[10],"sexole.com":[12,3],"sexomercadobcn.com":[12],"sexosemamor.com":[10],"sexosintabues.com":[12],"sexpartner.nl":[1],"sexpartnerclub.de":[12,1],"sexplaycam.com":[12],"sexprofielen.nl":[10],"sexsearchcom.com":[10],"sexshop-ilxelle.com":[12,9],"sexsim.com":[12],"sexstories.com":[12],"sexstoriespost.com":[12],"sextapetube.com":[12],"sextingforum.net":[12,10],"sextoyclub.com":[12,1,9],"sextoydistributing.com":[1,9],"sextpanther.com":[12,1],"sextubespot.com":[12],"sextvx.com":[12],"sexwithnostrings.com":[10],"sexy-city.fr":[1,12,3],"sexy-date.net":[10],"sexy-geschichten.at":[12],"sexy-tipp.to":[12,10],"sexyads.com":[12],"sexyandfunny.com":[12],"sexyasiancams.com":[12],"sexyavenue.com":[12,9],"sexyblackpeople.com":[10],"sexycommunity.it":[12,1],"sexydating.com":[10],"sexyescortads.com":[12],"sexyhub.com":[12],"sexyid.com":[12,1],"sexyjobs.com":[12,1,6],"sexyono.com":[12,1,3],"sexypumas.net":[12],"sexysims.info":[1],"sexysims2.com":[1],"seymourcentre.com":[1,12],"seymourduncan.com":[1,9],"sezane.com":[1,9],"seznam.cz":[1,12],"seznamka.cz":[10],"seznamte.se":[10],"sf-express.com":[1],"sf.se":[1,3],"sf.tv":[1,3,7],"sf2midi.com":[12],"sfacg.com":[12,3],"sfanytime.com":[1,12,3],"sfaonline.com":[12],"sfasu.edu":[12],"sfaxme.com":[1],"sfb-net.nl":[1,12],"sfbags.com":[9],"sfballet.org":[1,12],"sfbc.com":[3,9],"sfbio.se":[12]}