{"fairyseason.com":[9],"faisco.cn":[1],"fait-maison.com":[12],"faithbox.com":[1,12],"faithclipart.com":[1,12,12],"faithdirect.net":[1,12],"faithful-to-nature.co.za":[9],"faithfulmc.com":[1],"faithgateway.com":[1,12,3],"faithlife.com":[1,12],"faithlifetv.com":[12],"faithstreet.com":[1,12],"fajn-brigady.cz":[1,12],"fakaheda.eu":[1,12,5],"fakedoor.store":[12],"fakehub.com":[12,1],"fakings.com":[12],"fakirdebrid.net":[12],"fakirpresse.info":[1,12,3],"fakku.net":[12,3],"faktortel.com.au":[1],"faktura.ru":[12],"fakturan.nu":[1],"fakturoid.cz":[1,5],"fakturownia.pl":[1],"falabella.cl":[9],"falabella.com":[9],"falabella.com.ar":[1,9],"falabella.com.co":[1,9],"falabella.com.pe":[1,9],"falatozz.hu":[1,3],"falbala-luminaires.com":[1,9],"falck.com":[1,12],"falcon-nw.com":[1,5],"falcon.io":[1],"falconcoin.co":[1,2],"falconsocial.com":[1],"falconstudios.com":[12],"falemaisvoip.com.br":[1],"falevono.com.br":[1],"falk-ross.eu":[1,9],"falk.de":[1,12],"falke.com":[9],"falkemedia-abo.de":[1],"falkemedia-shop.de":[1,9],"falkensteiner.com":[1,11],"falkorstudios.com":[12],"fallcoweb.it":[1,12],"fallenearth.com":[12],"fallenlondon.com":[1,12],"fallout3nexus.com":[1,12,3],"fallout4map.com":[1,12],"fallsviewcasinoresort.com":[1,3],"falmouth.ac.uk":[12],"falter.at":[1,12,3],"faltour.com":[1],"famanice.de":[1,12,5],"famberry.com":[1,12],"famchomeloan.com":[12],"famebit.com":[1],"famecinemas.com":[12],"famed.nl":[1],"famedigital.com":[12,3],"fameonme.de":[1,3],"famestreet.com":[1,12,3],"famesupport.com":[1],"fameswap.com":[1,9],"famethemes.com":[1,5],"famicity.com":[1],"famihero.com":[1,12],"famila.it":[1],"famileo.com":[1,12],"famili.fr":[12],"familiaextra.com.br":[1,9],"familiafacil.es":[1],"familie.de":[12],"familienet.nl":[1,12],"familiesonline.co.uk":[1,12],"familiprix.com":[1,12],"familiscope.fr":[1,12,3],"familjeliv.se":[1,12],"famillechretienne.fr":[12,12],"famillemary.fr":[1,3,9],"familles-a-energie-positive.fr":[1,12],"family-announcements.co.uk":[1,12],"family-wifi.jp":[12],"family.com.tw":[1],"familyandfriends-railcard.co.uk":[1],"familybtc.com":[1,12],"familychristian.com":[9],"familycircle.com":[1,12,3],"familyclix.com":[1],"familycookbookproject.com":[1,3],"familycredit.org":[1],"familydollar.com":[1,9],"familyecho.com":[1,12],"familyfriendpoems.com":[1,12,3],"familyfund.org.uk":[1,12],"familyhandyman.com":[1,9]}