{"open-e.com":[1,5],"open-groupe.com":[1],"open-hide.biz":[1,12,3],"open-mesh.com":[1,5],"open-ministry.org":[1,12],"open-pro.fr":[1,12],"open-sky.it":[1],"open-store.net":[1,12],"open.ac.uk":[1,12],"open.church":[12,12],"open.edu.au":[12],"open.ru":[1,2],"open24.ie":[1,2],"open2study.com":[1,12],"open2view.com":[1,8],"open365.io":[1,5],"opena.tv":[12,5,10],"openagenda.com":[1,12],"openagent.com.au":[1,8],"openair.com":[1],"openalpr.com":[1],"openaparty.com":[1,9],"openapply.com":[1,12],"openarch.nl":[1,12],"openask.com":[1,12,3],"openathens.net":[1,12],"openbadges.org":[1,12],"openbank.es":[1,2],"openbay.com":[1],"openbc.com":[1],"openbenefit.pl":[1,5],"openbrand.com":[1],"openbucks.com":[1],"openbuilds.com":[1,12,5],"openbuilds.org":[1,12,5],"openbuildspartstore.com":[9],"opencaching.com":[1,12,9],"opencaching.de":[1,12,3],"opencaching.pl":[1,12],"opencalais.com":[1],"opencare.com":[1,4],"opencart.com":[1,5],"opencart.ws":[1,5],"opencartforum.com":[1,5,10],"openccc.net":[1,12],"opencccapply.net":[12],"opence.fr":[12],"openclass.com":[1,12],"openclassrooms.com":[1,12],"openclipart.org":[12,3],"opencnam.com":[1],"opencolleges.edu.au":[1,12],"opencompanies.nl":[1],"openconf.org":[1,12,5],"opencongress.org":[12],"openconnect.com.au":[5],"opencores.org":[1,5],"opencorporates.com":[1,12,5],"opencre.fr":[1,9],"opencustomerportal.co.uk":[12],"opendatasoft.com":[1,5],"opendayz.net":[5,10],"opendesk.cc":[1,9],"opendesktop.org":[3,5],"opendigitaleducation.com":[1,12,5],"opendining.net":[1],"opendns.com":[1],"opendocman.com":[1,12,5],"opendoctor.it":[1,12],"opendoor.com":[1],"opendotcom.it":[1],"opendr.com":[1],"opendrive.com":[1,5],"openecry.com":[1,2],"opened.com":[12],"openedition.org":[12],"openedu.ru":[1,12],"openelec.tv":[1,5],"openenglish.com":[1,12],"openerp.com":[1],"openeventnetwork.de":[1,12],"openexchangerates.org":[1],"openflights.org":[1,12],"openflyers.com":[1],"openflyers.fr":[1],"openfolio.com":[1,2],"openfoodfacts.org":[1,12],"openfuture.org":[1],"opengameart.org":[12,3],"opengamepanel.org":[1,5],"opengarden.com":[1,12,5],"opengroup.org":[1,12],"openhab.org":[1,5],"openhire.com":[12],"openhomepro.com":[1,12],"openhost.net.nz":[1,5],"openhub.net":[1,5],"openideo.com":[1,12],"openingceremony.com":[9]}