{"marksandspencer.fr":[9],"marksandspencer.ie":[9],"marksandspencerins.co.uk":[12],"marksandspencerlondon.com":[9],"marksdailyapple.com":[1,12,4],"markskousen.com":[1,12],"markspace.com":[1,12,5],"markspace.io":[1],"markt.de":[1,9],"markten.com":[1,12,9],"marktnet.nl":[1,9],"marktplaats.nl":[1],"marktplatz-mittelstand.de":[1],"marktplaza.nl":[12],"marlboro.ch":[12],"marlboro.com":[12,1],"marlboro.jp":[12,1,12],"marleylilly.com":[9],"marleyspoon.com":[1,3],"marleyspoon.com.au":[1,3],"marleyspoon.de":[1,3],"marleyspoon.nl":[1,3],"marliesdekkers.com":[12,9],"marlinbank.com":[1],"marlinowners.com":[10],"marlive.com":[12],"marlobeauty.com":[9],"marlowetheatrebookings.com":[12],"marlowwhite.com":[1,9],"marma.io":[1],"marmalead.com":[1],"marmara.com":[1,12,11],"marmara.edu.tr":[12],"marmeladies.com":[12,1],"marmishoes.com":[9],"marmiton.org":[1,3],"marmosetmusic.com":[1],"marmot.com":[9],"marmot.org":[1,12],"marne.fr":[1,12],"maroc-campingcar.com":[1,12,3],"maroc-dating.com":[10],"marocannonces.com":[1,9],"maroccommerce.com":[1],"maroctorrent.net":[12],"maroon5sin.com":[1,12,3],"maropost.com":[1],"marqueed.com":[12],"marqueerewards.com":[1],"marquette.edu":[12],"marqueur.com":[3],"marquiswhoswho.com":[1],"marram.co.nz":[1,12],"marriagemindedpeoplemeet.com":[10],"marriedbutplaying.com":[10],"marriedseniordating.com":[10],"marriedwantingsex.com":[10],"marriland.com":[12,3],"marriot.com":[1,11],"marriott.co.jp":[1,11],"marriott.co.uk":[1,11],"marriott.com":[1,11],"marriott.com.au":[11],"marriott.com.cn":[1,11],"marriott.de":[1,12,11],"marriott.fr":[1,12,11],"marriottrewards.com":[1,11],"marriottvacationclub.com":[1],"marrow.org":[1,12,4],"mars-media-elektronik.de":[1,9],"mars-one.com":[1,12],"mars.com":[1,12],"marseille-provence.fr":[1,12],"marseille.fr":[1,12],"marseilleservices.fr":[12],"marsh-ars.com":[1,5],"marsh-professionisti.it":[12],"marsh.com":[1,12],"marsh.net":[12],"marshaffinity.it":[12],"marshall.com":[12],"marshall.edu":[12],"marshallheadphones.com":[12],"marshalls-seeds.co.uk":[3,9],"marshalls.co.uk":[1],"marshconnect.eu":[12],"marshfieldclinic.org":[1,12,4],"marshillaudio.org":[1,12,3],"marshpm.com":[12],"martcoin.io":[1],"marthapullen.com":[1,12,9],"marthastewart.com":[1,3],"marthastewartclosets.com":[12],"marthastewartweddings.com":[1],"marthastewartwine.com":[12,9],"martianwatches.com":[1,5,9],"martin-media.fr":[12],"martin.com":[1,12,9],"martindale.com":[1,12]}