{"ggesports.com":[12],"gggolf.ca":[1],"ggl.com":[12],"ggmgastro.com":[1,9,11],"ggn.com":[12],"ggn.nl":[1],"ggnome.com":[1,12],"ggservers.com":[1,5],"ggservers.net":[1,5],"ggtracker.com":[12],"ggu.edu":[1,12],"ggusd.us":[12],"gha.com":[1,3,11],"ghacks.net":[1,5],"ghanamart.com":[1,9],"ghanaweb.com":[1,12,7],"ghbass.com":[9],"ghbi.ir":[12],"ghbsys.net":[12],"ghc.org":[1,12,4],"ghcmychart.com":[1,12,4],"ghcscw.com":[1,12,4],"ghdc.be":[12],"ghdhair.com":[12,3,9],"ghettopain.com":[12],"ghettotube.com":[12],"ghg.com":[12],"ghi.com":[1],"ghin.com":[1],"ghinclub.com":[12],"ghintpp.com":[12],"ghirardelli.com":[12],"ghiseul.ro":[1],"ghisler.ch":[12],"ghm.de":[12],"ghn.vn":[1],"ghost-armor.com":[9],"ghost-of-usenet.org":[12],"ghost-tracker.hu":[12],"ghost.io":[12],"ghost.org":[1],"ghostbin.com":[12],"ghostbrowser.com":[1,5],"ghostcraft.net":[12],"ghostery.com":[1,5],"ghostforchat.com":[1],"ghostinspector.com":[1,5],"ghostlifestyle.com":[1,9],"ghostmail.com":[1,5],"ghostmonitor.com":[1],"ghostproxies.com":[5,12],"ghoststop.com":[9],"ghosttunes.com":[1],"ghostviet.com":[12],"ghrr.com":[1],"ghs.org":[1,12,4],"ghsa.net":[1,3],"ghx.com":[1],"gi.org":[1,12],"gia.edu":[1,12,6],"giac.org":[1,5],"giact.com":[1],"giadzy.com":[1,3],"giae.pt":[12],"giaiphapexcel.com":[1,12,5],"giallozafferano.it":[3],"giamusic.com":[12],"giannaxxx.com":[12],"giantbomb.com":[3,7],"giantcinema.com":[12],"gianteagle.com":[1,9],"gianteaglerx.com":[12],"giantesscity.com":[12,1],"giantfood.com":[1,9],"giantfoodstores.com":[1,9],"giantitp.com":[1,12,3],"giantlottos.com":[1,3],"giantonline.com.sg":[9],"giants-software.com":[1,3],"giants.com":[7,3],"giantstrongbox.com":[12],"gianttiger.com":[9],"giantvapes.com":[12,9],"giaohangtietkiem.vn":[1],"giaothonghocduong.com.vn":[1,12],"giaxaydung.vn":[1,12],"gib-life.co.jp":[1],"gib.gov.tr":[1,12],"gibbon.co":[1],"gibertjeune.fr":[1,12],"gibertjoseph.com":[3,9],"gibson.com":[1,9],"gic.fr":[12],"giclub.tv":[1,3,5],"gicunderwriters.com":[1],"gideons.org":[12],"gidepark.ru":[1,12,3],"gidonline.club":[3],"gie-afer.fr":[12]}