{"provideup.com":[1,5,6],"providian.com":[1],"providianservices.com":[12],"provigis.com":[1,12],"provigo.ca":[3],"provincedeliege.be":[1,12],"provincial.com":[1,2],"provincianet.com.ar":[1,3,3],"provinet.net":[12],"provinzial-online.de":[1,2],"provinzial.com":[1,2],"provis.es":[1],"provisio.com":[1,5],"provisors.com":[1],"provo.edu":[1,12],"provo.org":[1,12],"provogue.com":[9],"provu.co.uk":[1,5],"prowaregolf.nl":[1],"prowin-intranet.net":[1],"prowin-shop.net":[1,9],"prowise.com":[1,12],"prowlapp.com":[1],"prowler.co.uk":[12,9],"proword.net":[9],"proworkflow.com":[1],"proworkflow.net":[1],"proworkflow4.net":[1,5],"proworkflow6.net":[1,5],"proworldinc.com":[1,9],"prowritingaid.com":[1,12],"proxad.net":[1,12,5],"proxer.me":[3],"proxfree.com":[12],"proxgroup.fr":[1,5],"proxibid.com":[1,9],"proxies.online":[12],"proxify.com":[12],"proxim.com":[1,5],"proximaati.com":[1,12,9],"proximeety.com":[12],"proxims.com":[1],"proximum-events.com":[1,12],"proximus.be":[1],"proximus11.be":[12],"proximusgoformusic.be":[1,12,3],"proximusnewdecoder.be":[1],"proximustv.be":[12,3,7],"proxiopro.com":[1],"proxipedia.io":[1,12],"proxis.com":[1,9],"proxisante.ca":[1],"proxisazur.be":[1,9],"proxmox.com":[1,5],"proxpn.biz":[1,5],"proxpn.com":[1,5],"proxpn.me":[1,5],"proxy.sh":[1,5,12],"proxybonanza.com":[1,5,12],"proxyclick.com":[1],"proxyconsent.com":[1],"proxylistpro.com":[12],"proxymesh.com":[5,12],"proxypush.com":[12],"proxyrack.com":[5,12],"proxyrx.com":[12],"proxyserver.com":[1,5,12],"proxysite.com":[12],"proxyunblocker.org":[12],"proxyvote.com":[1,12],"proyectolibertadlatina.com":[1,12],"proyectoluzdigital.info":[12],"proyectomapear.com.ar":[1,12],"proz.com":[1,12],"proza.ru":[1,12,3],"prozic.com":[9],"prozis.com":[9],"prsa.org":[1,12],"prsformusic.com":[1,12],"prshots.com":[7,3],"prsmedia.fr":[12],"prtb.ie":[1,12],"prtimes.jp":[1,12,3],"prtls.jp":[1,12],"pru.co.uk":[1,2],"pruc.org":[3,12],"prudential.co.id":[1],"prudential.co.jp":[1,12],"prudential.com":[1,2],"prudential.com.hk":[1],"prudential.com.my":[1],"prudential.com.sg":[1,2],"prudentialannuities.com":[1,2,12],"prudentialdobrasil.com.br":[1,2],"prudentialproperties.com":[1,8],"prudentialridelondon.co.uk":[1,12],"prudentplus.in":[12],"pruffme.com":[1,12,3],"pruhealth.co.uk":[1]}