{"reeleezee.nl":[1],"reelgood.com":[1,3],"reelhd.com":[3],"reelhouse.org":[1,3],"reelio.com":[1],"reelisland.com":[3],"reelport.com":[1,12,3],"reelvidz.com":[3],"reelzhot.com":[1],"reembed.com":[1,3],"reesio.com":[1],"reevio.com":[1],"reexpedition-colis.fr":[1,9],"reezocar.com":[1],"ref4bux.com":[1],"refban.com":[1,12],"refbit.net":[1],"refcentre.com":[1],"refdesk.com":[12,7],"refdirect.fr":[1],"refdoc.fr":[1,12],"refer.com":[1],"referbitcoin.com":[1,3,3],"reference-gaming.com":[3,5,9],"reference.com":[12],"referencepieces.fr":[1,3,9],"references.be":[1,6],"referenceusa.com":[1,12],"referencing.com":[1],"refereum.com":[1],"referhire.com":[1,6],"referlocal.com":[1],"refero.de":[12],"referralcandy.com":[1,12],"referralexchange.com":[1],"referralfrenzy.com":[1],"referralkey.com":[1],"referralmaker.com":[1],"referralrock.com":[1],"referralswapper.com":[1],"refersion.com":[1],"refersoftware.com":[1],"reffeed.net":[10,3],"refillbay.com":[9],"refillrx.com":[1,9],"refillwise.com":[1,9],"refinery29.com":[1,3,7],"reflectapp.io":[1,12],"reflektive.com":[1],"refletclient.com":[1,3,9],"reflex-central.com":[1],"reflexcash.com":[12,1],"reflexion.net":[1,5],"reflexisinc.com":[1],"reflexmath.com":[1,12],"reflexpro.co.uk":[12],"reflik.com":[1,6],"refline.ch":[12],"refme.com":[12],"refog.com":[1,5],"reforma.com":[1,12],"reformal.ru":[1,12],"refpay.com":[1,12],"refreshcartridges.co.uk":[1,9],"refrigeration-engineer.com":[12,3,10],"refrigiwear.com":[9],"reftown.com":[1,12,5],"refund-advantage.com":[1],"refundadministrator.com":[1],"refunder.se":[1,9],"refundmyticket.net":[1,11],"refundselection.com":[1],"refundsmanager.com":[1,9],"refurbees.com":[1,9],"refurbstore.com":[1,9],"refworks.com":[12],"refx.com":[1],"reg-box.co.uk":[1,12],"reg.buzz":[12],"reg.ru":[1,5],"rega.ch":[1,12],"regain.us":[1],"regal.com":[1],"regal.es":[1],"regalcinemas.com":[1,3],"regalcoin.co":[3],"regalgift.com":[1,9],"regalissimi.it":[1],"regalraum.com":[1,9],"regard.ru":[5,9],"regardemonsejour.com":[1,12],"regatta.com":[9],"regattacentral.com":[1,12,3],"regattaoutlet.co.uk":[9],"regberry.ru":[1,12,5],"reged.com":[1],"regel.it":[1,12],"regence.com":[1],"regencyhampers.com":[12,1,9]}