{"justeat.co.uk":[1,3],"justeat.com":[1],"justeat.in":[1,3],"justeat.it":[1],"justeat.nl":[1,3],"justenergy.com":[1,12],"justenergydeals.com":[1],"justengineers.net":[1],"justetf.com":[1,2],"justfab.ca":[9],"justfab.co.uk":[9],"justfab.com":[9],"justfab.de":[9],"justfab.dk":[9],"justfab.es":[9],"justfab.fr":[9],"justfab.nl":[9],"justfab.se":[9],"justfans.co.uk":[1,9],"justfashionnow.com":[9],"justflight.com":[1,9],"justfly.com":[11],"justforex.com":[1,2],"justforfunsoftware.com":[1,3],"justforgames.com":[3],"justforkix.com":[1,3,9],"justformen.com":[1,12,9],"justformenselect.com":[1,9],"justgetflux.com":[1,5],"justgetnaughty.com":[10],"justgive.org":[1,12],"justgiving.com":[1,12],"justgloves.co.uk":[9],"justgoodtraffic.com":[1],"justgoride.co.uk":[1],"justguys.net":[10],"justhookup.com":[10],"justhost.com":[1,5],"justhype.co.uk":[9],"justia.com":[1,12],"justice.com":[1,12],"justice.fr":[1,12],"justice.gov":[1,12],"justice.org":[1,12],"justicexchange.com":[1,5],"justin.tv":[3],"justinfideles.fr":[1],"justinforce.info":[1],"justingredients.co.uk":[1,3],"justinguitarcommunity.com":[7,12,3],"justinkandpaper.com":[1,9],"justinmind.com":[1,5],"justinter.net":[1],"justintimberlake.com":[1],"justinwine.com":[12,1,9],"justiz-auktion.de":[1,9],"justjeans.com.au":[9],"justkampers.com":[9],"justlamps.net":[1],"justlanded.com":[1,12],"justlastseason.co.uk":[9],"justlenses.com":[1,9],"justlo.de":[1,12],"justmaths.co.uk":[1,12],"justmusic.de":[1,9],"justmylook.co.uk":[9],"justmyshop.com":[1,9],"justmysize.com":[9],"justnebulizers.com":[9],"justneuf.com":[12],"justnutritive.com":[12,9],"justonenightstands.com":[10],"justonline.com.br":[1,2],"justpark.com":[1],"justpaste.it":[5],"justplay.co.za":[1,3],"justporno.tv":[12],"justpremium.com":[12,1],"justproxy.co.uk":[12],"justpruvit.com":[1,12,9],"justreachout.io":[1],"justrechargeit.com":[1],"justride.com":[1],"justrub.pro":[1],"justseed.it":[1],"justseniorsingles.com":[10],"justserve.org":[1,12],"justsingles.com":[10],"justsnipe.com":[1,5],"juststrings.com":[12],"justsurvive.com":[1,12],"justsystems.com":[1,12,5],"justtag.com":[1],"justtheanswer.co.uk":[1,12,9],"justthejob.co.za":[1,6],"justtires.com":[1,9],"justtrains.net":[1,12,9],"justuno.com":[1],"justusboys.com":[12]}