{"hostinger.es":[1,5],"hostinger.fr":[1,5],"hostinger.hu":[1,5],"hostinger.in":[1,5],"hostinger.it":[1,5],"hostinger.mx":[1,5],"hostinger.nl":[1,5],"hostinger.ph":[1,5],"hostinger.pl":[1,5],"hostinger.pt":[1,5],"hostinger.ro":[1,5],"hostinger.ru":[1,5],"hostinger.se":[1,5],"hostinger.vn":[1,5],"hostinggratis.it":[1,5],"hostinghood.com":[12],"hostingireland.ie":[1,5],"hostingpalvelu.fi":[1,5],"hostingpics.net":[1,10],"hostingplatform.com":[12],"hostingprod.com":[12],"hostingraja.in":[1,5],"hostingserver.nl":[12],"hostingsolutions.it":[1,5],"hostinguk.net":[1,5],"hostiq.ua":[1,5],"hostiran.net":[12],"hostkda.com":[1,5],"hostland.ru":[1,5],"hostmantis.com":[1,5],"hostmetro.com":[1,5],"hostmonster.com":[1,5],"hostmyservers.fr":[1,5],"hostmysite.com":[1,5],"hostnet.com.br":[1,5],"hostnet.nl":[1,5],"hostnine.com":[1,5],"hostoi.com":[7,1,12],"hostpapa.ca":[1,5],"hostpapa.co.nz":[1,5],"hostpapa.co.uk":[1,5],"hostpapa.com":[1,5],"hostpapa.com.au":[1,5],"hostpapa.eu":[1,5],"hostpapa.fr":[1,5],"hostparallel.com":[1],"hostpark.net":[12],"hostpilot.com":[12],"hostplus.com.au":[1,2],"hostpoint.ch":[1,5],"hostpoint.com":[12],"hostpresto.com":[1,5],"hostpro.ua":[1,5],"hostprofis.com":[5],"hostr.co":[1,5,10],"hosts.net.nz":[12],"hostsailor.com":[1,5],"hoststar.at":[1,5],"hoststar.ch":[1,5],"hosttech.ch":[1,5],"hosttech.eu":[1,5],"hostuje.net":[1,5,10],"hostupon.com":[1,5],"hostus.us":[1,5],"hostway.com":[1,5],"hostwinds.com":[1,5],"hostzilla.com":[1,5],"hot-chilli.net":[1,12,5],"hot-coin.com":[12],"hot.at":[1,9],"hot.net.il":[12],"hotbarebacking.com":[12],"hotbody.com":[12,1],"hotcandyland.com":[12,3,3],"hotcha.co.uk":[1],"hotcity.lu":[1],"hotcopper.com.au":[2],"hotcouponworld.com":[1,9],"hotcourses.ae":[1,12],"hotcoursesabroad.com":[12],"hotcrp.com":[1,12,5],"hotcrypto.com":[1,5],"hotdates18.com":[10],"hotdates18.com.au":[10],"hotdeal.vn":[1,9],"hotdoc.com.au":[1,4],"hotdocs.ca":[1,12],"hotdocs.com":[12],"hotdocsmarket.com":[1],"hotdog.hu":[1],"hotdogcollars.com":[12,9],"hoteis.com":[11],"hotel-bb.com":[1,11],"hotel-economici-daydreams.it":[1,9,11],"hotel-express.com":[11],"hotel.com":[11],"hotel.de":[1,11],"hotel.info":[1,11],"hotelandbook.com":[1,12,11]}