{"inetmafia.ru":[3,3],"inetmenue.de":[1,12],"inetpsa.com":[12],"inetu.net":[1],"inetvl.ru":[1,12,5],"inetwork.com":[12],"inexchange.se":[1],"inexfinance.com":[1,2],"inexflow.fr":[12],"inextenso.fr":[1],"inexweb.fr":[12],"inf.br":[12],"infacta.com":[1],"infagames.com":[12,3],"infakt.pl":[1,5],"infamouscheats.cc":[1,12],"infamouspapertrail.com":[12],"infarmbureau.com":[1,2],"infd.edu.ar":[12],"infectz.com":[12],"infellowship.com":[1],"infernum.com":[1,12,3],"infestationmmo.com":[12],"infibeam.com":[9],"infideles.com":[1,12],"infineon.com":[1],"infiniepassion.com":[9],"infinii.com":[1],"infinisource.com":[1],"infinit-i.net":[1,12],"infinit.io":[1,5],"infinite-flight.com":[1,3],"infinite-prosperity.com":[1,12],"infiniteaion.com":[12],"infinitecampus.com":[1,12],"infinitecampus.org":[1,12],"infinitecrisis.com":[12],"infiniteenergy.com":[1],"infinitekind.com":[1,5],"infinitemassage.com":[1],"infiniterewards.com.au":[1,12],"infiniteskills.com":[1,12],"infinitesource.ca":[1],"infinitesource.com":[1],"infinitesweeps.com":[1,3],"infinitewp.com":[1,5],"infiniti.com":[1,12],"infinitifinance.com":[1],"infinitihelp.com":[1,12],"infinitiusa.com":[1,12],"infinitnutrition.us":[1,9],"infinito.it":[1],"infinitummail.com":[12],"infinitummovil.net":[12],"infinity-box.com":[9],"infinity-economics.org":[12],"infinity-t.org":[1],"infinity.com":[12],"infinityads.com":[12,1],"infinityagents.com":[1],"infinityauto.com":[1,2],"infinitybtc.com":[2],"infinitycloud.com":[1],"infinitycoin.exchange":[1],"infinitycrates.co.uk":[1],"infinitydream.com":[9],"infinityeasystreet.com":[1],"infinityfree.net":[1,5],"infinityhr.com":[12],"infinitymetin.net":[1,12],"infinitymotorcycles.com":[9],"infinitymu.net":[1,12,3],"infinitynewtab.com":[1,5],"infinityprofitsystem.com":[1],"infinitypush.com":[1,12],"infinitysocks.com":[1,12,5],"infinitytools.com":[1,9],"infinitytrafficboost.com":[1,2],"infinitytv.it":[3],"infinityward.com":[1,12],"infinitywarsgame.com":[3],"infinixmobility.com":[1,12,9],"infinyy.com":[1],"infiplay.com":[1],"infirmiers.com":[1,12],"infistar.de":[1],"inflatableoffice.com":[1],"inflowinventory.com":[1],"influence-central.com":[1],"influence4brands.com":[1],"influencerdb.net":[1],"influencerdiscovery.com":[1],"influenster.com":[9],"influential.co":[1],"influicity.com":[1],"influitive.com":[1],"influxdata.com":[1,12,5],"influxsocial.com":[1],"inflyteapp.com":[1]}