{"ekeystone.com":[1,9],"ekfluidgaming.com":[1,9],"ekhanei.com":[1,9],"ekhartyoga.com":[12],"eki-net.biz":[12],"eki-net.com":[1,11],"ekiga.im":[1,5],"ekino-tv.pl":[3],"ekino.tv":[3],"ekinova.de":[1,9],"ekit.com":[1,5,9],"ekiten.jp":[1,12,9],"ekivita.eu":[12],"eklablog.com":[1],"eklablog.fr":[1],"ekmsecure.co.uk":[12],"ekmsecure.com":[1],"eko.com.ua":[1],"ekoclix.com":[1,12],"ekodefi.com":[1,12],"ekoi.fr":[9],"ekom21.de":[1,12],"ekomi.de":[1],"ekomi.fr":[1],"ekool.ee":[12],"ekool.eu":[12],"ekoplaza.nl":[1],"ekornferry.com":[1,5],"ekosport.co.uk":[9],"ekosport.fr":[9],"ekoya.fr":[1,9],"ekphost.nl":[12],"eksisozluk.com":[7,1,12],"eksperten.dk":[1,12,5],"ekspresskonto.ee":[1],"ekstrabladet.dk":[1,12,5],"ekt.gr":[1,12],"eku.edu":[1,12],"ekupi.hr":[9],"ekura.cz":[1,12,3],"ekvittering.dk":[1],"ekwateur.fr":[1,9],"ekwb.com":[1,9],"ekyog.com":[9],"ekz.ch":[1],"el-badia.com":[12,9],"el-foro.net":[12,3,10],"el-gaming.net":[12],"el-hacker.com":[1,5],"elabcorp.com":[12],"elac.edu":[12],"elakiri.com":[3],"elal-matmid.com":[12],"elal.co.il":[1,12,11],"elal.com":[1,11],"elaleph.com":[1,12],"elama.ru":[1],"elance.com":[1,5],"elancers.net":[1],"elancoreminders.com":[1],"elanfinancialservices.com":[12],"elann.com":[1,9],"elara.ie":[5,9],"elastic.co":[1,5],"elastic.com":[1,2],"elastica.net":[1,5],"elasticbeanstalk.com":[1,5],"elasticemail.com":[1],"elasticgrid.com":[1],"elastichosts.com":[1,5],"elastix.org":[1,5],"elationemr.com":[1,4],"elationpassport.com":[1,12],"elationsys.com":[1],"elavon.co.uk":[1],"elavon.com":[1],"elavonsecuritymanager.com":[12],"elaw.com":[1,12],"elb.com":[5],"elbenwald.de":[1,9],"elbilforum.no":[1,12],"elbphilharmonie.de":[1,12],"elbruto.es":[1,12],"elc.co.uk":[9],"elca.org":[12,12],"elcajondelauned.com":[12],"elcajontecnologico.com":[5],"elcamino.edu":[12],"elcaminohospital.org":[1,12],"elcanaldelfutbol.com":[1,3],"elcat.kg":[1],"elcats.ru":[12],"elchapuzasinformatico.com":[1,5,7],"elcia.com":[1],"elcinema.com":[1,12,3],"elclasificado.com":[1,12],"elcomercio.pe":[12,3,7],"elcompanies.com":[1,5],"elconfidencial.com":[12,3,7]}