{"supervielle.com.ar":[1,2],"superwarehouse.com":[9],"superwinkel.nl":[9],"supgame.net":[1,3,3],"supinfo.com":[12],"supinterim.fr":[1,12],"suplinx.com":[1,9],"supload.com":[1,10],"supplay.fr":[12],"supplementalhealthcare.com":[1,12],"supplementler.com":[9],"supplementreviews.com":[7,1,12],"supplements.co.nz":[1,9],"supplementsource.ca":[12,9],"supplementwarehouse.com":[9],"supplier-connection.net":[1,12],"suppliergateway.com":[1],"supplieroasis.com":[1],"supplierriskmanager.com":[1],"supplierwercs.com":[1],"supplies24.it":[1],"suppliesguys.com":[9],"suppliesnetwork.com":[1,9],"suppliesonthefly.com":[1,9],"suppliesoutlet.com":[1,9],"supply.com":[1,9],"supplychain247.com":[1],"supplychainwebcenter.com":[1,12],"supplycontracts.co.uk":[1],"supplyhouse.com":[1,9],"supplyon.com":[1],"supplystore.com.au":[9],"supplyworks.com":[1,9],"support-billing.com":[1,5],"support-desk.ru":[1,5],"support-fransat.com":[12],"support-rt.com":[1],"support.com":[1],"support.tm":[12],"supportbee.com":[1],"supportcbcf.com":[1,12],"supportcenteronline.com":[1],"supportduweb.com":[12,5],"supportgroups.com":[4],"supportgroupscentral.com":[1,12,4],"supportindeed.com":[1,12],"supportportal.com":[12],"supportsync.com":[1],"supportsystem.com":[1],"supportxmr.com":[1],"suppsrus.com.au":[1,9],"supr.com":[1,9],"supra-space.com":[1],"supra-space.de":[1],"supracam.net":[12],"supraekey.com":[1],"suprafootwear.com":[9],"supraforums.com":[12],"supraphonline.cz":[1,3,9],"suprbay.org":[12],"supre.com.au":[9],"supremacy1914.com":[3],"supremacy1914.de":[3],"supremacy1914.es":[3],"supremacy1914.fr":[3],"supremacy1914.it":[3],"supreme-manager.com":[1,12],"supreme.de":[1,9],"supremeaccess.com":[1],"supremecard.se":[1,2,9],"supremecenter.com":[1],"supremecouncil.org":[1,12],"supremelending.com":[1,2],"supremenewyork.com":[12],"suprnova.cc":[12],"supsystic.com":[1,5],"sur-la-toile.com":[12,3],"sur.ly":[1,5],"sura.com":[1],"suralink.com":[1],"suramexico.com":[1,2],"surancebay.com":[1],"surbitcoin.com":[1,2],"surbtc.com":[1,2],"surclaro.com":[1,9],"surdoc.com":[1],"surdyke.com":[9],"sure-green.com":[1],"sure.com":[1],"sure401k.com":[1,2,12],"sureai.net":[12,3,3],"surebet.com":[3],"surebet247.com":[3],"surebridgeinsurance.com":[1,2],"sureclose.com":[12],"sureclosetm.com":[1,12,5],"surecloud.com":[1,5],"suredocs.com":[1],"surefire.com":[1,9,12]}