{"pantherpremium.com":[1,9],"panthur.com.au":[1,5],"pantip.com":[1,12,3],"pantipmarket.com":[1,9],"pantone.com":[1,9],"pantsu.cat":[3],"pantydeal.com":[9],"panvel.com":[1,12,9],"panynj.gov":[1,12],"panzani.fr":[1,3],"panzar.com":[1,3,9],"panzar.ru":[1,3,3],"panzergeneral.com":[1],"panzoid.com":[1],"paodeacucar.com":[9],"paodeacucar.com.br":[9],"paodeacucarmais.com.br":[1,12],"paom.com":[1,9],"paoson.com":[1,12,9],"pap.fr":[1,8],"papaginos.com":[12],"papajohns.ae":[1],"papajohns.cl":[1],"papajohns.co.uk":[1],"papajohns.com":[12],"papajohns.com.cy":[12],"papajohns.ie":[1],"papajohns.ru":[1,3],"papajohnsonline.com":[12],"papaki.com":[1,5],"papaki.gr":[1,5],"papalink.net":[12],"papaly.com":[1],"papamurphys.com":[1,3,9],"papapiqueetmamancoud.fr":[9],"papara.com":[1],"paparazziaccessories.com":[1,3,9],"papayaclothing.com":[9],"papayaplay.com":[3],"paper-shaker.com":[1,9],"paper.li":[1],"paperandmore.com":[1,9],"paperbackswap.com":[3,9],"paperblog.com":[1],"paperblog.fr":[1,12,3],"paperc.de":[12,9],"papercamp.com":[1],"papercept.net":[12],"paperchase.co.uk":[1,9],"paperconcierge.com":[1,9],"paperculture.com":[1,9],"papercut.com":[1,5],"paperdirect.com":[1,9],"paperdl.com":[1,12,5],"paperform.co":[1],"paperfree.cn":[1,12],"paperkarma.com":[1],"paperlanternstore.com":[9],"paperlessemployee.com":[1],"paperlesspipeline.com":[1],"paperlesspost.com":[1],"papermart.com":[1,9],"papermodelers.com":[3,10],"paperout.com":[12],"paperpass.com":[1,12,5],"paperpk.com":[12,6],"paperplaza.net":[1],"paperplus.co.nz":[1,12,9],"paperport.com":[1,12],"paperpumpkin.com":[12,1,9],"papersapp.com":[1,12],"papershift.com":[1],"papersource.com":[1,9],"paperspace.com":[1,5],"paperspace.io":[1,5],"paperstone.co.uk":[1,9],"paperstyle.com":[1,9],"paperton.com":[12],"papertrailapp.com":[1,5],"papertreyink.com":[1,9],"paperturn.com":[1,12],"paperwishes.com":[1,9],"paperworks.com":[1,9],"papgamez.com":[1,3],"papier.com":[1,9],"papierkram.de":[1,5],"papka24.com.ua":[1,12],"papoquente.com.br":[10],"paprika-worldwide.com":[12],"paprikaapp.com":[1,3],"paptap.com":[1],"papvacances.fr":[1,12,11],"papy.co.jp":[1,12,3],"papyrefb2.com":[12],"papyrefb2.net":[12],"papyrs.com":[1],"papyrus.com":[1],"papyrus.de":[1,12],"papyrusonline.com":[1,9]}