{"smarshmail.com":[5],"smart-c.jp":[1,12,9],"smart-deal.de":[1,9],"smart-hsa.com":[1,2],"smart-mail.de":[1],"smart-net.co.il":[12],"smart-pig.com":[1,2,12],"smart-square.com":[1],"smart-stb.net":[1,5],"smart-torrent.org":[12],"smart-tv-home.ru":[1,5],"smart.com":[1,12],"smart.com.ph":[1],"smart.ly":[1,12],"smart24.net":[12,9],"smart401k.com":[1,2],"smart911.com":[1,12],"smarta.com":[1],"smartaddons.com":[1,5],"smartadsbuilder.co":[12],"smartadserver.com":[12,1],"smartagenda.fr":[1,12,5],"smartagents.com":[1],"smartaidforparents.com":[12],"smartandfinal.com":[1,9],"smartangels.fr":[1,2,12],"smartapartmentdata.com":[1],"smartape.ru":[1,5],"smartapp.com":[1],"smartapp1003.com":[12],"smartassessor.co.uk":[12],"smartauctionlogin.com":[1],"smartbacc.com":[1],"smartbalance.com":[1,3],"smartbargains.com":[9],"smartbear.com":[1,5],"smartben.com":[1,5],"smartbid.co":[1],"smartbidnet.com":[1],"smartbill.ro":[1],"smartbillcorp.com":[12],"smartbizloans.com":[1,2],"smartbox.com":[1],"smartbpapp.com":[12],"smartbrief.com":[1,12],"smartbrosettings.net":[12],"smartbudget.se":[1],"smartbuses.co.uk":[1],"smartbusiness.ae":[1,12],"smartbusinessplan.de":[1],"smartbusinessreports.com":[1,2],"smartbuyglasses.ca":[9],"smartbuyglasses.co.uk":[9],"smartbuyglasses.com":[9],"smartcanucks.ca":[9],"smartcardlaunch.com":[12],"smartcarofamerica.com":[1,12],"smartcash.cc":[1,12,5],"smartcat.ai":[1,5],"smartcat.pro":[1,12,5],"smartchatbox.com":[1,12],"smartchildsupport.com":[12],"smartchoiceagents.com":[1],"smartcity.com":[1],"smartclinicapp.com":[1,12,4],"smartcloudpt.pt":[1,5],"smartcockpit.com":[1,12],"smartcoin.fr":[1,2],"smartcom.vn":[1,12],"smartcomputing.com":[12],"smartcontract.com":[1,5],"smartcoverletter.com":[1,6],"smartcredit.com":[1,2],"smartcruiser.com":[1,9,11],"smartcu.org":[1,2],"smartdate.com":[10],"smartdeploy.com":[1],"smartdeposit.com":[1,12],"smartdnsproxy.com":[1,5,12],"smartdollar.com":[1,12],"smartdots.com":[1],"smartdraw.com":[1,5],"smartdreamers.ro":[1,5],"smarteca.es":[1,12],"smartemailing.cz":[1],"smarteragent.com":[1],"smarterasp.net":[5],"smarterbalanced.org":[1,12],"smarterentry.com":[1],"smarterer.com":[1],"smarterlessons.com":[1],"smartermeasure.com":[1,12],"smarternetworker.com":[1],"smarterqueue.com":[1],"smarterselect.com":[1,12],"smartertakeout.net":[1],"smartertools.com":[1],"smarteru.com":[1],"smartervegas.com":[1,9,11]}