{"diapason-conciergerie.fr":[1],"diaper-bois.com":[12,1],"diaperedanime.com":[1,12],"diapermates.com":[12,3],"diapers.com":[9],"diaperswappers.com":[1,12,9],"diariomedico.com":[1,12,4],"diariste.fr":[1,12,3],"diaroapp.com":[1,12],"diary.com":[12],"diary.ru":[1,12,3],"diasend.com":[1],"diashop.de":[4],"diasite.fr":[1,5],"diasp.eu":[1,12,5],"diasp.org":[1,12,5],"diawi.com":[1,12,5],"dib.ae":[1,2],"diba.cat":[1,12],"diba.de":[1,2],"dibels.net":[1,12],"dibiost.ch":[1,12],"dibizentral.ch":[1,12],"dibt.de":[12],"dicarlocoaching.com":[12],"dicas.org":[12],"dice.com":[1,5],"dicentral.com":[1],"dichvusocks.us":[1,12,9],"dick.net":[12],"dickblick.com":[9],"dickdorm.com":[1],"dickerdata.com.au":[1,5],"dickflash.com":[10],"dickies.com":[9],"dickiesstore.co.uk":[9],"dickinson.edu":[12],"dicksmith.co.nz":[9],"dicksmith.com.au":[9],"dickssportinggoods.com":[9],"dickssportinggoods.jobs":[1,12,9],"dicoding.com":[1,12,5],"dicom.com":[1],"dicomgrid.com":[1],"dict.cc":[1,12],"dictanote.co":[1,12],"dictionary.com":[12],"dictionaryapi.com":[1,12],"dictum.com":[9],"did.ie":[9],"dida365.com":[1,12],"didaktorika.gr":[1,12],"didanet.eu":[1,12],"didasko-online.com":[12],"didasystem.com":[1,12],"didata.com":[1],"didata.com.au":[12],"didlogic.com":[1],"didsoft.com":[5,12],"didtheyreadit.com":[1],"diduenjoy.com":[1],"didww.com":[1],"didx.net":[1],"die-beraterapotheke.de":[9],"die-bibel.de":[12,12],"die-glocke.de":[1,12],"die-patrone.de":[1,9],"die-staemme.de":[1,12,3],"die-werbeplattform.com":[1],"die2nite.com":[1,12,3],"diebank.de":[1],"diebinaregeldmaschine.co":[12],"dieboerse.de":[12,1],"diebold.com":[1],"diecastmodelswholesale.com":[9,12],"dieci.ch":[1,3],"diedinhouse.com":[1,12],"diedruckerei.de":[1],"dieffematic.com":[1],"diehl.com":[1],"diekeure.be":[1,12],"diem25.org":[1,12,3],"dienstencheque.brussels":[1,12],"dienstencheques-vlaanderen.be":[1,12],"dienstleistungszentrum.de":[1,12],"dientuvietnam.net":[12],"dieplattform.at":[1],"diepresse.com":[1,12,7],"dierapotheker.nl":[1,12,9],"dierbergs.com":[1,9],"diercke.de":[1,12],"dierenbescherming.nl":[1,12],"dierotenbullen.com":[1,12,3],"dieschmids.at":[1,12,5],"diesel-ebooks.com":[1,9],"diesel.com":[9],"dieselaccess.com":[12],"dieselbombers.com":[10,9,12],"dieselkino.at":[12]}