{"timeinvestment1.com":[1,12],"timekit.io":[1],"timelessintegrity.com":[1],"timelife.com":[1,9],"timelog.com":[1],"timelog.dk":[1],"timelyapp.com":[1],"timenews.me":[1],"timeneye.com":[1,5],"timeoffmanager.com":[1],"timeonegroup.com":[1],"timeout.com":[12,11],"timepad.ru":[1,12],"timepayment.com":[1],"timeplay.com":[1],"timeplus.com":[1],"timerewards.com":[1],"timerime.com":[1,12],"timesascent.com":[1,6],"timesavers.com":[1,9],"timescar.jp":[1,12],"timesclub.jp":[1,12],"timesdispatch.com":[1,12,7],"timesfreepress.com":[1,7],"timesgroup.com":[12],"timesheetplus.net":[1],"timesheetportal.com":[1],"timesheets.com":[1],"timesheets.com.au":[1],"timesheetsareeasy.com":[12],"timesheetz.net":[12],"timeshighereducation.com":[12],"timesjobs.com":[6],"timeslive.co.za":[1,7],"timesofindia.com":[7],"timesofmalta.com":[1,12,7],"timesofmoney.com":[12],"timesolv.com":[1],"timesonline.co.uk":[1,12,7],"timesonline.com":[1,7],"timespace.com":[1,9],"timesplus.co.uk":[1,5],"timestudy.co.uk":[1,12],"timesummit.com":[1],"timesunion.com":[1,7],"timetac.com":[1],"timetap.com":[1],"timetask.com":[1,5],"timetastic.co.uk":[1],"timetex.de":[1,12,9],"timetoast.com":[1,12],"timetoeat.com.mt":[1,3],"timetopet.com":[1],"timetosignup.com":[1,12],"timetospa.co.uk":[1,9],"timetospa.com":[9],"timetotrade.eu":[2],"timetrade.com":[1],"timetreeapp.com":[1,12],"timetrex.com":[1],"timeular.com":[1],"timewarner.com":[1,3],"timewarnercable.com":[1,9],"timewarnercableconnect.com":[1,9],"timewatch.co.il":[1,12],"timewax.com":[1,5],"timeweb.com":[1],"timeweb.ru":[1,5],"timewisejobs.co.uk":[1,6],"timex.com":[9],"timezone.com":[1,12,3],"timezone.io":[1,5],"timezonedb.com":[1,12,5],"timfuck.com":[12,1,3],"timgagnon.com":[1,12],"timhortons.com":[12],"timico.co.uk":[1,5],"timify.com":[1],"timing.nl":[1],"timios.com":[1],"timken.com":[1],"timmusic.it":[1,12,3],"timo.vn":[1,2],"timolia.de":[1,3,3],"timothysykes.com":[12],"timoviez1.net":[1,12],"timoviez2.net":[12,3],"timpierceguitar.com":[1,12,3],"timpik.com":[1,12],"timr.com":[1],"timsuck.com":[12],"timtailieu.vn":[1,12],"timtales.com":[12],"timtang.com":[12],"timtec.com.br":[1,12,5],"timus.ru":[1,12],"timviecnhanh.com":[1,12],"timvision.it":[1,3],"tin.it":[1]}