{"bigbit.me":[12],"bigbluetruck.org":[1,12,9],"bigboibets.com":[1,3],"bigbox.com.ar":[1,9],"bigbox.lt":[9],"bigboygames.com.br":[3,9],"bigbrainz.com":[1,12],"bigbrands.cz":[1,9],"bigbrandtreasure.com":[1],"bigbuy.eu":[1,9],"bigby.com":[1],"bigc.co.th":[9],"bigcartel.com":[1],"bigcatcoffees.com":[12,1,9],"bigceramicstore.com":[1,9],"bigchalk.com":[1,12],"bigcinema.tv":[3],"bigcity.com":[12],"bigcommerce.com":[1],"bigcontacts.com":[1],"bigcontentsearch.com":[1],"bigcrumbs.com":[1],"bigdatauniversity.com":[1,12],"bigdeal.co.il":[1,9],"bigdeal.com":[12],"bigdeal.tn":[1,9],"bigdealsmedia.net":[1],"bigdennis.com":[1],"bigdicksmallteens.com":[12,1],"bigdogs.com":[9],"bigduckcanvas.com":[9],"bigdug.co.uk":[12],"bigdweb.com":[9],"bigelowchemists.com":[4,9],"bigfangroup.org":[3],"bigfarm-goodgame.com":[1],"bigfile.co.kr":[12],"bigfile.to":[1,5,10],"bigfilm.tv":[3],"bigfinish.com":[1,3],"bigfishaudio.com":[1],"bigfishgames.com":[3],"bigfishgames.de":[3],"bigfishgames.es":[3],"bigfishgames.fr":[3],"bigfishgames.it":[3],"bigfishgames.nl":[3],"bigflix.com":[3,12],"bigfollow.net":[1],"bigfoodie.co.uk":[1,3],"bigfoot.com":[1,3],"bigfoot.net":[1,5],"bigfooty.com":[3,3],"bigfreelotto.com":[1,3,3],"biggby.com":[1,3],"biggerbolderbaking.com":[1,3],"biggerbooks.com":[12,9],"biggerbras.com":[9],"biggercity.com":[12,3],"biggerplate.com":[1,12],"biggerpockets.com":[1,12],"biggestloser.com":[1,12],"biggestloserclub.com":[12],"biggiveaway.com.au":[1,3],"biggreensmile.com":[9],"bighammer.com":[1],"bighistoryproject.com":[12],"bighits4u.com":[1],"bigholler.com":[1],"bighugelabs.com":[1,12,3],"bighunter.net":[12],"bigideamastermind.com":[12],"bigideasmath.com":[12],"biginjap.com":[3,9],"biginterview.com":[1,12,6],"bigiron.com":[1,9],"bigislandcandies.com":[1,9],"bigjohnsbeefjerky.com":[1,9],"bigkabang.com":[12],"bigl.ua":[9],"bigliettoveloce.it":[1,12,3],"biglion.ru":[1,9],"biglist.com":[1,5],"biglots.com":[9],"bigmachines.com":[1,5],"bigmagie.com":[3,9],"bigmamaspizza.com":[1],"bigmarker.com":[1,12],"bigmiketrading.com":[1,2],"bigmir.net":[12,3,7],"bigml.com":[1,12,5],"bigmoneyarcade.com":[3],"bigmoneyptc.com":[1],"bigmountaindrugs.com":[9],"bigmoustache.com":[1,9],"bigmoviescinema.com":[1,3],"bigmuscle.com":[12,1],"bigmusclebears.com":[12,1],"bignerdranch.com":[1,12,5]}