{"sausagemaker.com":[3,9],"sauspiel.de":[1],"sautershop.de":[1,9],"sauvequiveut.fr":[1,12],"sav-motoculture.com":[9],"sav-pem.eu":[9],"sav03.fr":[1,9],"savage.games":[1,12],"savage2.com":[1,3],"savagejerky.com":[12],"savagelovecast.com":[1,3],"savagerace.com":[1,12,3],"savana.cz":[1,5],"savannahbee.com":[9],"savannahcandy.com":[1,3,9],"savannahnow.com":[1,12],"savannahstate.edu":[12],"savannahtech.edu":[12],"savant.com":[1],"save-a-lot.com":[1,9],"save.ca":[1,9],"save.com":[1,9],"save.tv":[1,3],"savearound.com":[1,9],"saved.io":[1,5],"savedo.de":[1,2],"savedroid.com":[1,12],"savee.it":[1],"saveexpress.de":[9],"savegnago.com.br":[1,9],"saveinstore.com":[1,9],"saveinter.net":[1,12,7],"saveland.ca":[1,9],"savelovegive.com":[1],"savelys.fr":[1],"savemart.com":[1,3],"savemore.com":[12],"saveol.com":[1,3],"saveology.com":[12],"saveonbrands.com.au":[9],"saveonfoods.com":[1,9],"saveonit.com.au":[5,9],"saveonlaptops.co.uk":[5,9],"saveonlens.com":[1,9],"saveonscents.com":[12,1,9],"savers.com":[1,12,9],"saverscity.ca":[1],"saversguide.com":[1,9],"saverstore.com":[9],"savesafe.com.tw":[9],"savethechildren.org":[1,12],"savethechildren.org.uk":[1,12],"saveup.com":[12],"saveur-biere.com":[12,1],"saveur.com":[12,1,3],"saveursdenfants.com":[1,3],"savewraps.com":[1],"savey.co":[1],"saveya.com":[1,9],"saviadigital.com":[1,12,5],"savilerowco.com":[9],"savills.co.uk":[1,8],"savills.com":[1],"savingdinner.com":[1,3],"savingforcollege.com":[1,12],"savings.com":[9],"savingsangel.com":[1,9],"savingsbank.com":[1,2],"savingsbonds.com":[2],"savingschampion.co.uk":[1,2,9],"savingshighway.com":[1],"savingsplusnow.com":[1,12],"savingstar.com":[1,9],"savingstream.co.uk":[1,2],"savoie.fr":[1,12],"savoirsnumeriques5962.fr":[1,12],"savoirsplus.fr":[12,9],"savon-de-marseille-boutique.com":[9],"savoo.co.uk":[1,12,9],"savoryspiceshop.com":[1,3,9],"savoy-filmtheater.de":[3],"savoysystems.co.uk":[1],"savp.com.br":[1],"savso.es":[1,2],"savvii.nl":[1,5],"savviihq.com":[1,5],"savvis.com":[1],"savvy.co.uk":[1],"savvyanalysis.com":[1,5],"savvyatnmb-t.com":[1],"savvyatwisconsinbankandtrust.com":[12],"savvycard.com":[1],"savvyinvestor.net":[1,2,5],"savvymoney.com":[1,2],"savvysocialsecurity.com":[1,12],"sawater.com.au":[1],"sawdays.co.uk":[1,12],"sawgrassink.com":[1],"sawmillcreek.org":[10]}