{"abacus.coop":[1,12],"abacus.net":[1],"abacuscity.ch":[1,5],"abacuspub.com":[9],"abadata.ca":[1,12],"abaenglish.com":[1,12],"abainternational.org":[1,12],"abakus.nl":[1,12,3],"abakus.no":[1,12],"abalone-interim.com":[12],"abanca.com":[1,2],"abandonia.com":[1,12,3],"abandonware-france.org":[1,12,3],"abandonware-utopia.com":[1],"abanet.org":[1,12],"abanka.si":[1,2],"abantecart.com":[1,5],"abax.cloud":[1,9],"abb.com":[1,12],"abbanoa.it":[1,5],"abbconcise.com":[1],"abbeynational.co.uk":[1,2],"abbeytheatre.ie":[1,12,3],"abbonamenti.it":[12,9],"abbonamentircs.it":[1,5],"abbonamentiunicocampania.it":[12],"abbonamentomusei.it":[1,12],"abbott.com":[1,12],"abbottdiabetestore.fr":[1],"abbottstore.com":[1,9],"abboud-serveur.com":[12],"abbproxy.com":[12],"abbsolarinverters.com":[12],"abbvie.com":[1,12],"abbylawson.com":[12],"abbywinters.com":[12],"abbyy.com":[1],"abbyyeu.com":[1],"abbyyonline.com":[1,12],"abbyyusa.com":[1],"abc-arznei.de":[12],"abc-clio.com":[1,12],"abc-free-machine-embroidery-designs.com":[1,9],"abc-marquage.com":[1,12,9],"abc-mart.net":[9],"abc-tabs.com":[1,12,3],"abc.com":[3,7,3],"abc.es":[7],"abc.gov.ar":[12],"abc.net.au":[3,7,3],"abcam.com":[1,12],"abcb.gov.au":[1,12],"abcbac.com":[1,12],"abcbourse.com":[1,2],"abcbrevet.com":[12],"abcbullion.com.au":[1],"abcdelanature.com":[1],"abcdent.pro":[1,12],"abcdin.cl":[9],"abcdistributing.com":[9],"abcdkey.com":[3],"abcdotecnico.com.br":[3],"abcelectronique.com":[1,12,5],"abcfeminin.com":[1,12,9],"abcfinancial.com":[1],"abcfws.com":[12,9],"abcgames.cz":[3,3],"abcgames.sk":[3,3],"abcgiftcards.com":[1,9],"abchome.com":[9],"abcmart.co.kr":[9],"abcmouse.com":[12],"abcoeur.com":[10],"abcol.ac.uk":[1,12],"abconcerts.be":[1],"abcouncil.ab.ca":[1,12],"abcpest.com":[1],"abcsalles.com":[1,12],"abcsignup.com":[1,12,5],"abcsmartcookies.com":[1],"abcsnap.com":[1,12],"abcstores.com":[9],"abcstudy.com.au":[1,12],"abcsupply.com":[1,12],"abcteach.com":[1,12],"abcvisiteurs.com":[1],"abcwarehouse.com":[9],"abcwua.org":[1],"abcya.com":[12],"abcyourspace.net.au":[1],"abdlmatch.com":[10],"abdn.ac.uk":[12],"abdosenaccelere.com":[1,12],"abeasy.de":[1,12],"abeautifulmess.com":[1,9],"abebooks.co.uk":[1,12,9],"abebooks.com":[1,12,9],"abebooks.de":[1,12,9],"abebooks.fr":[1,12,9]}