{"videocopilot.net":[1,12,5],"videodesk.com":[1],"videoeta.com":[3],"videofruit.com":[1,5],"videofutur.fr":[3],"videogamegeek.com":[12,3,3],"videogamesawesome.com":[3,3],"videogamespaymybills.com":[1,5],"videogamesplus.ca":[3],"videograbber.net":[3,3],"videoguys.com.au":[1,9],"videohelp.com":[3,5],"videohive.net":[1],"videojug.com":[1,3],"videolan.org":[1,3,5],"videoland.com":[3],"videolean.com":[1],"videolicious.com":[1],"videolink2.me":[1],"videomaker.com":[1,12],"videomakerfx.com":[1],"videomarket.jp":[3],"videomaut.at":[1],"videomega.tv":[7,3],"videopalapp.com":[12],"videopoker.com":[3,3],"videopremium.tv":[12],"videoprojecteur24.fr":[1,9],"videoremix.io":[1],"videorevolver.com":[1],"videosalesblueprint.com":[12],"videoscribe.co":[1],"videoscript.io":[10],"videoslots.com":[3,3],"videosmile.ru":[1,12,3],"videosprout.com":[1,10],"videostar.pl":[3],"videostripe.com":[1,5],"videosz.com":[12,3],"videoszoofilia.org":[12,3,3],"videotilehost.co.uk":[1,12],"videotoolbox.com":[1,3,5],"videotour24.com":[1],"videotrafficacademy.com":[12],"videotrafficgenie.com":[12],"videotrainer.com":[1,12],"videotron.ca":[1,5],"videotron.com":[1],"videowaveapp.com":[12],"videoweed.es":[1],"videowhisper.com":[1,5],"videowood.tv":[5,10],"videozer.com":[12],"videvo.net":[1,12,3],"videxio.com":[1],"vidhaze.com":[1],"vidigami.com":[1,12],"vidio.com":[3,3],"vidiojacksoftware.com":[12],"vidiq.com":[1],"vidlox.tv":[12],"vidneos.com":[1],"vidon.me":[1,5],"vidonn.com":[1,9],"vidooly.com":[1],"vidoza.net":[12,1],"vidrealm.com":[1],"vids.io":[1],"vidskippy.co":[12],"vidspot.net":[12],"vidswap.com":[3],"vidto.me":[3,3],"vidup.me":[3,3],"vidxden.com":[1,5],"vidyalakshmi.co.in":[12],"vidyamandir.com":[12],"vidyard.com":[1],"vidyo.com":[1],"vidyocloud.com":[12],"vidzbin.com":[1,3],"vidzi.tv":[1,10],"vidzplay.com":[1],"vidzstar.com":[3],"vieauto.com":[1,10],"vieclam24h.vn":[1,6],"viedemerde.fr":[1,12,3],"viele-schaffen-mehr.de":[1,2],"vielfliegertreff.de":[12],"vienasaskaita.lt":[1,5],"vieple.com":[1,12],"vier.be":[1,3],"viescolaire.net":[1,12],"viesearch.com":[1,12],"viesgoclientes.com":[1,9],"viespar.ro":[1],"viessmann.com":[12],"viessmann.de":[1,12],"viessmann.fr":[1,12],"vietbf.com":[12,3]}