{"rabota.ru":[1,9],"rabota.ua":[1,6],"rabota66.ru":[1,6],"rabotavgorode.ru":[1,6],"rac.ca":[1,12],"rac.co.uk":[1,2],"rac.com.au":[1,2],"rac.gov.in":[1,12],"racacaxtv.ga":[3],"racc.cat":[1],"racc.es":[1],"raccars.co.uk":[1,12],"raccoonbot.com":[12],"race.es":[1],"raceacrosstexas.com":[12,3,3],"raceadvisor.co.uk":[12,3,3],"raceatlas.com":[1],"racebets.com":[3],"racebets.de":[3],"racecaller.com":[3,3,3],"racechip.de":[1,9,12],"racedepartment.com":[1,12],"raceentry.com":[1,12],"raceforlifesponsorme.org":[1,12,3],"raceit.com":[1],"racemenu.com":[1],"racemine.com":[1],"racenet.com.au":[1],"racepartner.com":[1],"racephotonetwork.com":[1,12],"raceplanner.com":[1],"raceqs.com":[1,12],"racereach.com":[1],"raceresult.com":[1,12],"raceroom.com":[1,3],"raceroomstore.com":[1,9],"raceroster.com":[1],"racesonline.com":[1,12,3],"racetickets.com":[1,3],"racetools.fr":[9],"racewire.com":[3],"racgp.org.au":[1,12],"rach.io":[1],"rachaelraymag.com":[1,3],"rachaelrayshow.com":[1,3],"rachaelraystore.com":[1,3,9],"rachio.com":[1],"racing-planet.de":[9],"racing.com":[3],"racingandsports.com.au":[3,3],"racingelectronics.com":[1,9],"racingfor.me":[12],"racingfr.com":[1],"racingitalia.com":[1,12],"racingjunk.com":[12],"racinglubes.fr":[3,9],"racingpost.com":[1,3,3],"racinguk.com":[3,3],"racius.com":[1,12],"rackattack.com":[1,9],"rackcdn.com":[12],"rackroomshoes.com":[9],"racksolutions.com":[1,5,9],"rackspace.co.uk":[1,5],"rackspace.com":[1,5],"rackspacecloud.com":[1,5],"racktables.org":[1,12],"racp.edu.au":[1,12],"racq.com.au":[1,2],"racquetballwarehouse.com":[9],"racquetworld.com":[9],"racsgroup.com":[1],"ract.com.au":[1],"racv.com.au":[1],"racvsal.com.au":[1],"rad.co":[9],"rad.eu":[1,9],"radalerte.fr":[12,7],"radarbox24.com":[1,7,11],"radaris.com":[1,12],"radartestpanel.nl":[1,12],"radbag.de":[1,9],"radboudnet.nl":[1,12],"radboudumc.nl":[1,12],"raddios.com":[12,3,3],"radford.edu":[12],"radian6.com":[1],"radiantcash.com":[1,2],"radiantcms.org":[1,12,5],"radiatemedia.com":[12],"radiateurplus.com":[1,9],"radical.co.jp":[1],"radicalexploits.com":[1],"radicalfirearms.com":[9,12],"radikal-gamez.net":[1],"radikal.ru":[1,3,10],"radiko.jp":[1,3],"radin.ch":[12],"radins.com":[1,9]}