{"xel.nl":[1,5],"xelya.io":[1,5],"xempire.com":[12],"xen-orchestra.com":[1,5],"xen.do":[1],"xenassur.fr":[12],"xencall.com":[1],"xend.com.ph":[1],"xendpay.com":[1],"xenegrade.com":[1,12],"xenforo.com":[1,5],"xenforo.rocks":[10],"xenfrench.com":[10],"xeniaplay.com":[1,3],"xenium.pro":[9],"xenmenu.com":[1,5],"xennews.com":[1,5],"xeno-canto.org":[1,12],"xenobot.net":[1,12,3],"xenondepot.com":[1,9,12],"xenonservers.com":[1,5],"xenos.nl":[9],"xenosgaming.co.uk":[12],"xenoversemods.com":[3],"xentax.com":[1,12,5],"xenzuu.com":[1],"xeory.jp":[1],"xeptor.nl":[5,9],"xercise4less.co.uk":[1],"xerfi.com":[1],"xero.com":[1],"xeroneit.net":[1],"xeroshoes.com":[9],"xerotica.com":[12],"xerox.com":[12],"xertonline.com":[1],"xexec.com":[1],"xfcu.org":[1,2],"xferrecords.com":[12],"xfers.io":[1],"xfig.net":[12],"xfinity.com":[1,9],"xfinity.net":[1],"xfinityhomesecurity.com":[12],"xfinityinsightscommunity.com":[1],"xfinityoffers.com":[1],"xfinityprepaid.net":[12],"xfire.com":[12],"xflag.com":[1,3],"xflightplanner.net":[1,12,5],"xflirt.com":[10],"xfm.co.uk":[3,3],"xfobo.com":[12,3],"xforex.com":[2],"xfreehd.com":[12],"xfrog.com":[7,1,12],"xfusionmembers.com":[12],"xfxforce.com":[1,9],"xfxproducts.com":[12],"xfxsupport.com":[1],"xfyun.cn":[1,5],"xgenstudios.com":[3],"xgn.gg":[12],"xgody.com":[9],"xhamster.com":[12],"xhamstercams.com":[12],"xhamsterpremiumpass.com":[12],"xhendra.com.ar":[1],"xhibitsignage.com":[1,12],"xhtmlchop.com":[1,12,5],"xhunter.me":[1,12],"xiachufang.com":[3],"xiamenair.com":[1,12,11],"xiami.com":[3,3],"xianguo.com":[12],"xiaojukeji.com":[12],"xiaomi-france.com":[1,9],"xiaomi-miui.gr":[1,12,5],"xiaomi.com":[1,9],"xiaomi.eu":[1,5,10],"xiaomidevice.com":[1,9],"xiaomiforsale.com":[1,9],"xiaopan.co":[5],"xiclassadmission.gov.bd":[12],"xidax.com":[1,5,9],"xider.be":[12],"xignite.com":[1,2],"xikar.com":[12,9],"xiledgaming.com":[1,3,10],"xilinx.com":[1,5],"xillimite.com":[12],"xilo.net":[1,5],"xim3.com":[1,3,5],"xim4.com":[1,3,5],"ximalaya.com":[1,12,3],"ximble.com":[1],"xineurope.com":[1,12],"xing-events.com":[1],"xing.com":[1]}