{"edqm.eu":[1,12],"edraak.org":[1,12],"edready.org":[12],"edreams.ch":[11],"edreams.co.uk":[11],"edreams.com":[11],"edreams.com.ar":[11],"edreams.com.au":[11],"edreams.de":[11],"edreams.es":[11],"edreams.fr":[11],"edreams.it":[11],"edreams.net":[11],"edreams.pt":[11],"edreflect.com":[1],"edrive.co.nz":[1],"edriving.com":[1,12],"edrnet.com":[1],"edrolo.com.au":[12],"edrugtest.com":[1,12],"eds.com":[1],"edsby.com":[1,12],"edshelf.com":[12],"edsm.net":[12],"edsp.co.jp":[1,2],"edstem.com.au":[12],"edstem.org":[1,12],"edsurge.com":[1,12],"edsystem.sk":[5,9],"edt.it":[12],"edt.pf":[1,12],"edtell.com":[1],"edtheatres.com":[1,12,3],"edtpa.com":[1,12],"edu-actief.nl":[1,12],"edu-sante.com":[12],"edu.com.pl":[12],"edu.gov.il":[12],"edu.on.ca":[12],"edu20.com":[1,12],"edu20.org":[1,12],"eduard.com":[1,9],"edubirdie.com":[1,12],"edublogs.org":[1,12,5],"edubox.pt":[1,12],"edubrite.com":[1],"edubs.ch":[12],"educ.ar":[1,12],"educ40.net":[12],"educa.ch":[1,12],"educa.co.nz":[1,12],"educa.com.au":[1,12],"educacaoadventista.org.br":[12],"educacion.es":[1,12],"educacional.com.br":[1,12],"educacionbc.edu.mx":[12],"educacionit.com":[1,12,5],"educadium.com":[1,12],"educagri.fr":[1,12],"educake.co.uk":[1,12],"educalab.es":[1,12],"educamaisbrasil.com.br":[12],"educamos.com":[1,12],"educanet2.ch":[12],"educanon.com":[1,12],"educantabria.es":[12],"educaplay.com":[1,12],"educapoker.com":[1,3,3],"educare.co.uk":[1,12],"educareforeducation.com":[1,12],"educaretrainingonline.com":[12],"educarex.es":[1,12],"educarriere.ci":[1,12],"educastream.com":[1,12],"educat1x1.cat":[1,12],"educatec-educatice.com":[12],"educatecard.com":[12],"educatel.education":[12],"educatel.fr":[1,12],"educatina.com":[12],"education-portal.com":[12],"education-siemens.com":[1,12],"education.com":[12],"education.fr":[12],"education.gov.au":[12],"education.gov.dz":[12],"education.gov.il":[12],"education.gov.ng":[1,12],"education.gov.uk":[12],"education.lu":[12],"education.qa":[1,12],"education2020.com":[1,12],"educationaltravel.com":[1,12],"educationamerica.net":[12,6],"educationcanada.com":[6],"educationcity.com":[1,12],"educationfirstfcu.org":[1,2],"educationgalaxy.com":[12],"educationobserver.com":[1,12]}