{"myob.co.nz":[1],"myob.com":[1],"myob.com.au":[1],"myoccu.org":[1,2],"myoebb.org":[1,12],"myoffers.co.uk":[1,3,9],"myofficeinmotion.com":[1,5],"myofficeproducts.com":[1],"myogepower.com":[1],"myogwallet.com":[1,9],"myohsaa.org":[1,12],"myoliocarli.com":[3],"myollie.com":[1,12],"myomers.com":[1],"myomnistar.com":[1],"myomron.com":[1,12,5],"myon.com":[12],"myoncenter.com":[12],"myone.ch":[1,9],"myonefp.com":[1,9],"myonemoney.com":[1],"myonlineaccount.net":[1,12],"myonlineaha.org":[1,12],"myonlinebankruptcyclass.com":[1,12],"myonlinebill.com":[1],"myonlinebooking.co.uk":[1,12],"myonlinechart.org":[1,12],"myonlinepanel.de":[1],"myonlineportal.net":[5],"myonlineportraits.com":[12],"myonlinereports.com":[1],"myonlineresourcecenter.com":[1],"myonlineservices.ch":[1,2],"myonlinetraininghub.com":[12],"myonplanhealth.com":[1],"myonplanu.com":[1,12],"myooma.com":[1],"myop4g.com":[12],"myopel.be":[1],"myopelservice.com":[1],"myopenhab.org":[1],"myopenip.fr":[1],"myopenmath.com":[12],"myopenrouter.com":[1,12,5],"myopinionnow.com":[1,12],"myopinions.co.nz":[1,9],"myopinions.com.au":[1],"myopportunity.com":[1,6],"myoptimizerplus.com":[1,2],"myoptplussecure.com":[1,2],"myoptumhealth.com":[1,12],"myoptumhealthphysicalhealth.com":[1,12,4],"myorangeclerk.com":[1,12],"myorderbox.com":[12],"myorderdesk.com":[1],"myoriginalworld.es":[1],"myotcstore.com":[4,9],"myotherdrive.com":[1,5],"myoumedicine.com":[1,4],"myoutbackrewards.com":[1],"myoutdesk.com":[1],"myoutdoorbox.com":[12,9],"myoutdoortv.com":[1,3,9],"myoutlookonline.com":[12],"myownbusiness.org":[1,12],"myownconference.ru":[1,5],"myownfreehost.net":[1,5],"myowngiving.com":[1,12],"myownmusic.de":[1,12,3],"myownrewards.com":[1,12,9],"myows.com":[1],"myoxfordcorp.com":[1,12],"myoxfordenglish.com":[1,12],"myp2p.eu":[12],"mypa529gspaccount.com":[1,2,12],"mypa529ipaccount.com":[1,2,12],"mypack.us":[1,12],"mypaga.com":[12],"mypage-keieikagakupub.com":[1,12],"mypaidtube.com":[12],"mypakage.com":[1,9],"mypalmbeachclerk.com":[1,12],"mypalmbeachpost.com":[1,7],"mypanda.ie":[1],"mypandaplanner.com":[1],"mypanelhub.com":[12],"mypanelshub.com":[12],"mypanera.com":[1,9],"mypaperpumpkin.com":[1],"myparamount.org":[1,12],"myparasol.co.uk":[1],"myparcel.nl":[1],"myparceldelivery.com":[1],"myparcels.ru":[1,9],"myparissaintgermain.fr":[1],"myparking.it":[1,11],"myparkingsign.com":[1,3],"myparkingworld.com":[12],"myparkinsonsteam.com":[1,12]}