{"thejewelhut.co.uk":[9],"thejewellershop.com":[1,9],"thejigsawpuzzles.com":[3],"thejmiacademy.com":[1,12],"thejobnetwork.com":[1,6],"thejockeyclub.co.uk":[1],"thekase.com":[9],"thekey.co.uk":[1],"thekey.me":[12],"thekey.vip":[1,12],"thekeysupport.com":[1,12],"thekeywordtitan.com":[12],"thekingoflimbs.com":[12],"thekitchn.com":[1,3],"theknot.com":[1,9],"theknotpro.com":[1],"theknow.tv":[1,12,3],"theknowledgeacademy.com":[1,12,5],"theknowledgeonline.com":[1,12,3],"theknowledgeroundtable.com":[12],"thekooples.co.uk":[9],"thekooples.com":[9],"thekrazycouponlady.com":[9],"thektog.org":[12,10],"thekure.com":[1,12,5],"thekyliejenner.com":[12],"thelab.gg":[1,12],"thelab.gr":[3,5,7],"theladders.com":[1,6],"thelancet.com":[12,4],"thelastdoor.com":[1,12,3],"thelastfrontiergame.com":[12],"thelasthunt.com":[9],"thelaundress.com":[9],"thelawofattraction.com":[1,12],"thelawpages.com":[1,12],"thelawyer.com":[1,12],"thelazy.net":[12],"theleaderinmeonline.org":[5],"theleadershipcircle.com":[1,12],"theleadmagnet.com":[1],"thelearningodyssey.com":[1],"theleesshop.com":[9],"thelem-assurances.fr":[1],"thelevelup.com":[1],"thelibrarystore.com":[1,9],"thelifecoachschool.com":[1,12],"thelifeerotic.com":[1,3],"thelifeguardstore.com":[9],"thelifestylevoucher.co.uk":[1,9],"thelightbulb.co.uk":[1,9],"thelightbulbshop.co.uk":[9],"thelightingsuperstore.co.uk":[1,9],"thelimited.com":[9],"theliquorbarn.com":[12],"thelistauction.com":[1],"thelistonline.com":[1],"thelit.com":[1],"thelittlegreenbag.nl":[9],"thelittlegym.com":[1,12],"thelittlememory.com":[7,1,12],"theliverugby.com":[1],"thelocal.se":[1,12],"theloop.com.au":[1],"thelooploft.com":[1,3,9],"theloopyewe.com":[1,9],"thelotent.com":[1,3],"thelott.com":[1,3],"thelotter.com":[1,3],"thelounge.com":[1,9],"thelowcarbgrocery.com":[3],"thelowry.com":[1,3],"themac.com":[1,12],"themadeco.fr":[1,9],"themagiccafe.com":[1],"themagickalcat.com":[9],"themagicplatform.com":[1],"themagneticlifestyle.com":[1],"themahaffey.com":[1,12],"themail.cz":[1],"themailbox.com":[1,12],"themaleform.net":[12],"themaltmiller.co.uk":[12,9],"themanaworld.org":[3],"themanchallenge.com.au":[1],"themanchestercollege.ac.uk":[12],"themandarin.com.au":[1,12],"themanshake.com.au":[1,3],"themarker.com":[1,12,3],"themattressunderground.com":[1,9],"themaxpass.com":[1,9,11],"thembatour.com":[12],"themdu.com":[1,12],"theme-fusion.com":[1],"theme-junkie.com":[1,5],"theme.co":[1,5],"themebeans.com":[1,5],"themebeta.com":[1,3],"themeboy.com":[1,3]}