{"way-of-elendil.fr":[1,3],"way.com":[1],"way2likes.com":[1,5],"way2ride.com":[1],"way2sms.com":[1],"wayalife.com":[10],"waycom.net":[1],"wayfair.ca":[9],"wayfair.co.uk":[9],"wayfair.com":[9],"wayfair.com.au":[9],"wayfair.de":[9],"wayfairsupply.com":[9],"wayforpay.com":[1],"waygook.org":[1,12],"wayi.com.tw":[12],"waylandgames.co.uk":[3,3,9],"waymarking.com":[1,12],"wayn.com":[12],"wayne.edu":[12],"waynecountylandrecords.com":[12],"waypointhomes.com":[1],"waypointoutcomes.com":[1,12],"wayport.net":[1,5],"waysidegardens.com":[1,9],"waysofhistory.com":[12,3],"wayspa.com":[1],"waytekwire.com":[1],"waytogulf.com":[1,6],"waytopay.nl":[12],"waytoserve.org":[1,12],"wayup.com":[1,6],"waywedo.com":[1,5],"waywithwordsjobs.com":[1,12],"waz.com.br":[9],"waz.de":[1,12,3],"waze.com":[1,12],"wb-online-campus.de":[12],"wb.gov.in":[12],"wb21.com":[1,2],"wba-listcommunity.com":[12],"wbat.org":[1,12],"wbatickets.co.uk":[1],"wbconnect.com":[1,5],"wbeer.com.br":[12,1],"wbenclink.org":[1],"wbg-wissenverbindet.de":[1,9],"wbgames.com":[1],"wbmason.com":[9],"wbplay.com":[12],"wbprx.com":[12],"wbs.ac.uk":[1,12],"wbsedcl.in":[1,12],"wbshop.com":[9],"wbstool.com":[5],"wbstraining.de":[1,12],"wbstudiotour.co.uk":[1,3],"wbtickets.com":[1],"wbtrain.com":[1],"wbu.edu":[12],"wbwmysavings.com":[1,9],"wc.edu":[12],"wc.lt":[1],"wcad.org":[1,12],"wcasd.net":[12],"wcb.ab.ca":[1,12],"wcbsask.com":[1,12],"wccc.edu":[12],"wcccd.edu":[12],"wccftech.com":[3,5,7],"wccls.org":[1,12],"wccnet.edu":[12],"wcctrainingcenter.com":[1],"wcea.education":[1,12],"wcex.co":[1,2,5],"wcf.com":[1],"wcgclinical.com":[1,12],"wcicustomer.com":[1],"wcirb.com":[1,12],"wcjc.edu":[12],"wclc.com":[3],"wcn.co.uk":[1],"wcon.io":[12],"wcpos.com":[1],"wcpss.net":[1,12],"wcr.org":[1,12],"wcs.edu":[12],"wcs.org":[1,12],"wcsu.edu":[12],"wctc.edu":[1,12],"wcu.com":[1,2],"wcu.edu":[12],"wcupa.edu":[12],"wcvendors.com":[1,5],"wcvt.com":[1],"wd.com":[1,5],"wd2go.com":[12],"wdc.com":[1,5,9],"wddty.com":[12,4]}