{"acs-education.com":[12],"acs-inc.com":[1],"acs.org":[1,12],"acs.org.au":[1,12],"acsa-safety.org":[1,12],"acsalaska.net":[1,12],"acsathletics.com":[1,12],"acscourier.net":[1,12],"acsevents.org":[12],"acsi.eu":[1,9],"acsi.org":[12],"acsm.org":[12],"acstechnologies.com":[1,12],"acsto.org":[12],"act-1.com":[1],"act-sf.org":[1,12],"act.com":[1],"act.gov.au":[1,12],"act.org":[12],"act2.com":[1,5,9],"actalis.it":[1],"actapublica.eu":[12],"actaspire.org":[12],"actavia.de":[9],"actblue.com":[1,12],"actcorp.in":[1],"acte-collectivites.com":[1,12,3],"actebis.com":[12],"actebis.fr":[1],"actes52.fr":[12],"acteurspublics.com":[1,12],"acteva.com":[1],"actewagl.com.au":[1],"actfl.org":[12],"acti-labs.com":[1,9],"acti.com":[1],"actian.com":[1,5],"actic.se":[1,12],"actieforum.com":[1,12,10],"actiesite-kpn.nl":[12],"actievandedag.be":[1],"actievandedag.nl":[1],"actifforum.com":[12,3,10],"actiforces.com":[1,12],"actil.com":[1],"actimonda.de":[1,12,4],"actinver.com":[12],"action-media.ru":[1],"action.be":[1],"action.fr":[1],"action.nl":[1,9],"action.pl":[1],"actionairliquide.com":[12],"actionbound.com":[1,12],"actioncertification.org":[1],"actioncoin.io":[1],"actioncontrelafaim.org":[1,12],"actiondimension.com":[1],"actionenvelope.com":[1,9],"actionkit.com":[1],"actionlink.com":[1],"actionlogement.fr":[1,12],"actionlogementnord.fr":[12],"actionmethod.com":[1],"actionnetwork.org":[1,12],"actiononhearingloss.org.uk":[12],"actionpay.net":[1],"actionpay.ru":[1],"actionrewards.net":[1,3,9],"actionsignup.com":[12],"actionsports.de":[9],"actionsprout.com":[1,12],"actionstep.com":[1],"actiontarget.com":[1,9,12],"actiontiles.com":[12],"actionvfx.com":[1,9],"actionvoip.com":[1,5],"actiprosoftware.com":[1,5],"actiris.be":[12],"actitime.com":[1,5],"activ-emploi.net":[12],"activ.kz":[1,9],"activ8.net.au":[1,5],"activ8me.net.au":[1,5],"activabsence.co.uk":[1],"activant.com":[1],"activare3dsecure.ro":[12],"activate-here.com":[1],"activate-here.us":[1,12],"activatemycfonecard.com":[12],"activaterewards.com":[12],"active-domain.com":[1,5],"active.by":[1,5],"active.com":[1,12,9],"active24.com":[1],"active24.cz":[1,5],"active8pos.com":[1],"active911.com":[1,12],"activeandfit.com":[1,12]}