{"rwpoll.com":[1],"rws.nl":[1],"rwsentosa.com":[1,3,11],"rwsol.com":[12],"rwth-aachen.de":[12],"rwu.edu":[12],"rx-oil.com":[12],"rx-safety.com":[1,9],"rx7club.com":[1,10,9],"rxbar.com":[1,9],"rxlocal.com":[1],"rxmuscle.com":[3],"rxnt.com":[1],"rxoutreach.org":[1,12,4],"rxpads.com":[1,9],"rxpgonline.com":[1,12,3],"rxprep.com":[1,12],"rxsavingssolutions.com":[1],"rxschool.com":[1,12],"rxsmartgear.com":[1,9],"rxsport.co.uk":[9],"rxtouch.com":[1],"rxvantage.com":[1],"ry.com.au":[9],"rya.org.uk":[1,12],"ryainteractive.org":[1],"ryanair.com":[11],"ryanleech.com":[1,12],"ryanspet.com":[9],"ryanuniversity.net":[1],"ryda.com.au":[9],"ryder.com":[1],"rydercup.com":[3],"rydercupeurope.com":[3],"ryderfleetproducts.com":[1,9],"rydges.com":[1],"ryebrookwines.com":[12,9],"ryerson.ca":[12],"rylik.ru":[12,10],"ryman.co.uk":[9],"rymes.com":[1,9],"rynga.com":[1,5],"ryobi.com.au":[1,9],"ryobitools.com":[1,9],"ryobitools.eu":[1,9],"ryte.com":[1],"rythmefm.com":[1],"ryushare.com":[12],"ryver.com":[1,5],"ryviu.com":[1,5,9],"ryze.com":[1],"ryzer.com":[1,12],"ryzom.com":[1,12],"rz-kiru.de":[1,12],"rzb.ir":[1,12,5],"rzd-bonus.ru":[1,12],"rzd.ru":[1,12],"rzeszow.pl":[1,12],"rzimacademy.org":[1,12],"rzonline.ru":[12,3,3],"rzrforums.net":[1,9,12],"rzsthh.de":[1],"s-a.be":[1,12],"s-ajfan.com":[12],"s-bahn-berlin.de":[1,11],"s-bb.nl":[1,12],"s-change-the-world.com":[12],"s-cool.co.uk":[1,12],"s-court.me":[12],"s-haendlerservice-sp.de":[1],"s-investor.de":[2],"s-jena.de":[1,2],"s-kanava.fi":[1],"s-klub.pl":[10],"s-kukc.de":[1,2],"s-max-club.de":[12],"s-mobilgeraeteschutz.de":[1],"s-money.fr":[1],"s-oman.net":[10],"s-os.de":[1,2],"s-pankki.fi":[1,2],"s-points.de":[12],"s-rekry.fi":[1],"s-trip.com":[1,12],"s-ul.eu":[1,12,5],"s-verein.de":[1],"s04-shop.de":[9],"s04.tv":[1,3],"s10forum.com":[1,3],"s1jobs.com":[1,6],"s2i33.com":[9],"s2ki.com":[1],"s2member.com":[1,5],"s2s.net":[1,12],"s2sys.com":[1,5],"s3.com.tw":[1,9],"s3alpha.net":[12,3],"s3licensing.com":[1,12],"s4-league.com":[3,3]}