{"spaceship.com.au":[1,2],"spacetimestudios.com":[3],"spacetoon.com":[10,3],"spacetorrent.pw":[12],"spaceweb.ru":[1,5],"spacex.com":[1],"spacial.com":[1,3],"spacialnet.com":[1,3],"spadepot.com":[1,9],"spaetzlesuche.de":[1],"spafinder.com":[1,9],"spag.com":[1,12],"spaggiari.eu":[1,12],"spagrandprix.com":[1],"spahunters.com":[1,3],"spain-holiday.com":[1,8,11],"spainhouses.net":[8],"spainpvp.com":[1,12,10],"spalding-labs.com":[1,12],"spaldingbulb.co.uk":[1,9],"spalumi.com":[1,12,10],"spamarrest.com":[1,3,5],"spamcop.net":[1,5],"spamdrain.com":[1,5],"spamdrain.net":[1,5],"spamenmoins.com":[1,5],"spamex.com":[1,5],"spamexperts.com":[1,5],"spamfighter.com":[1,5],"spamgourmet.com":[1,5],"spamhero.com":[1,5],"spamlogin.com":[1,5],"spamsoap.com":[1,5],"spamtitan.com":[1,5],"span.com":[1,5,9],"spandex.com":[1],"spandexguys.com":[12],"spandexparty.com":[12],"spandexworld.com":[1,9],"spaniards.es":[7,1,12],"spanishdict.com":[1,12],"spanishpod101.com":[1,12],"spanishspanish.com":[12],"spanishtracker.com":[12],"spankbang.com":[12,3],"spankingtube.com":[12],"spankthishookups.com":[12],"spankwire.com":[12],"spanx.com":[9],"spaoa.org":[1,12],"spar.at":[1],"spar.si":[3],"sparakvittot.se":[1],"sparcc.org":[1,12],"sparcofashion.com":[9],"sparcretail.com":[1],"sparda-a.de":[1],"sparda-b.de":[1,2],"sparda-bank-hamburg.de":[1,2],"sparda-bw.de":[1,2],"sparda-h.de":[1,2],"sparda-hessen.de":[1,2],"sparda-m.de":[1,2],"sparda-ms.de":[1,2],"sparda-n.de":[1,2],"sparda-ostbayern.de":[1,2],"sparda-sw.de":[1,2],"sparda-west.de":[1,2],"sparda.de":[1],"spare5.com":[1,12,5],"sparebank1.no":[1,2],"sparefoot.com":[1],"sparehire.com":[1],"spareka.fr":[1,9],"sparepartswarehouse.com":[5,9],"spareroom.co.uk":[3,11],"spareroom.com":[12],"spareroom.mobi":[1],"sparesbox.com.au":[9,12],"spareslg.com":[9],"sparex.com":[9],"sparfoto.de":[1,9],"sparhandy.de":[1,5,9],"sparinc.com":[1],"spark-interfax.ru":[1,12,5],"spark.co.nz":[1],"spark.com":[10],"spark.io":[1,5],"spark.net":[1],"sparkasse-aachen.de":[1,2],"sparkasse-adl.de":[1,2],"sparkasse-allgaeu.de":[1,2],"sparkasse-am-niederrhein.de":[1,2],"sparkasse-ansbach.de":[1,2],"sparkasse-aurich-norden.de":[1,2],"sparkasse-badneustadt.de":[1,2],"sparkasse-bamberg.de":[1,2],"sparkasse-bensheim.de":[1,2],"sparkasse-bgl.de":[1,2]}