{"ca-egypt.com":[1,2,12],"ca-els.com":[1,2],"ca-financements.ch":[1,2],"ca-ifcam.fr":[1,12],"ca-immobilier.fr":[1,8],"ca-industries.com":[1],"ca-languedoc.fr":[1],"ca-leasing.fr":[1],"ca-nextbank.ch":[1,2],"ca-paris.fr":[1,2],"ca-pca.fr":[1,2],"ca-prestations-sante.fr":[1],"ca-recrute.fr":[12],"ca-sudrhonealpes.fr":[1],"ca-titres.fr":[12],"ca-usa.com":[1],"ca.com":[1],"ca.gov":[1,12],"ca.gov.sa":[12],"ca.us":[12],"caa.ca":[1],"caa.co.uk":[1,12],"caa.com":[1],"caagol.com":[1,3],"caamanitoba.com":[1],"caanberry.com":[1,12],"caaneo.on.ca":[1],"caaquebec.com":[1],"caasco.com":[1],"caask.ca":[1,2],"cabal.com":[12],"cabal.coop":[1],"cabalbg.com":[1,3],"caballerosdecalradia.net":[1,12,3],"caballow.com":[1,12],"cabalnexus.com":[12,3],"cabalonline.com":[12],"cabalpirata.com":[12],"cabane-chic.com":[1,5],"cabanova.com":[1],"cabconmodding.com":[3,10],"cabel.it":[1],"cabelas.ca":[9],"cabelas.com":[9],"cabelasclubvisa.com":[1],"cabestan.com":[1],"cabiclio.com":[1],"cabify.com":[1,12],"cabinet-lafont.com":[1,2],"cabinetjourdan.com":[12],"cabinetoffice.gov.uk":[1,12],"cabinetparts.com":[1,9],"cabinets.com":[1,9],"cabinweb.net":[1],"cabionline.com":[9],"cabishowmanager.com":[1],"cabl.com":[1,5],"cable-hdmi.eu":[1,9],"cableanytime.com":[12],"cablebahamas.com":[1],"cablechick.com.au":[1,9],"cablecom.ch":[1,5],"cablecom.com.mx":[1],"cablecutters.com":[12],"cablefon.de":[1,5,9],"cableforum.co.uk":[1],"cableguys.com":[1],"cableguys.de":[1],"cableleader.com":[5,9],"cablelink.at":[1,12],"cablematic.co.uk":[9],"cablematic.es":[9],"cablematic.fr":[9],"cablemod.com":[9],"cablemonkey.co.uk":[1,5,9],"cableonda.com":[1],"cableone.net":[1],"cableorganizer.com":[1,9],"cableorganizer.fr":[1,9],"cables2u.co.uk":[1,9],"cablesandkits.com":[1,5],"cablesforless.com":[9],"cablestogo.com":[9],"cablesuk.co.uk":[12],"cabletiesandmore.com":[1,9],"cablevision.com":[1,9],"cablevision.com.ar":[1,3,9],"cablevision.com.mx":[3],"cablevision.qc.ca":[12],"cablevisionfibertel.com.ar":[1,3,9],"cablevisionflow.com.ar":[12],"cablewholesale.com":[1,9],"cabling4less.co.uk":[1,9],"cabmaker32.com":[1,9],"caboki.com":[1,12,3],"caboodle.co.uk":[1,9],"cabot.net":[2],"cabotelecom.com.br":[1],"cabotfinancial.co.uk":[1]}