{"zer4u.co.il":[12,1,9],"zerbee.com":[1,12],"zercom.eu":[1,5],"zergid.com":[1,12,3],"zergnet.com":[12,3],"zerigo.com":[12],"zerista.com":[1],"zero-one.cc":[12],"zero.de":[9],"zero3games.com.br":[9],"zerobounce.net":[1,5],"zerocater.com":[1],"zerochan.net":[3],"zerochaos.com":[1],"zerocopy.be":[1,12],"zerodha.com":[1,2],"zeroforfait.fr":[12],"zerohedge.com":[12,3,7],"zeroin.co.uk":[12],"zerolag.com":[1,5],"zerolime.se":[1],"zerolossformula.com":[12],"zerooneairsoft.com":[9,12],"zeropaper.com.br":[1,2],"zeropark.com":[1,5],"zeropc.com":[1,5],"zerotier.com":[1,5],"zerouplab.com":[1],"zerowater.com":[1],"zerozero.pt":[3],"zerply.com":[1,3],"zerto.com":[1,5],"zervant.com":[1],"zerve.com":[1],"zerys.com":[1],"zest.co.th":[1,9],"zestanchors.com":[1],"zestbeauty.com":[9],"zestcarrental.com":[12],"zeste.coop":[1,12],"zestedesavoir.com":[12],"zestmeup.com":[1],"zestmoney.in":[1],"zesty.com":[1],"zeta-uploader.com":[1,10],"zetaboards.com":[1,12,10],"zetataualpha.org":[1,12],"zetland.dk":[1,12,7],"zetta.net":[1,5],"zettaneer.com":[1],"zeturf.com":[1,3,3],"zeturf.fr":[3,3,9],"zeusauction.com":[1],"zeusejuice.com":[12,1,9],"zeushash.com":[1,2,5],"zeusmos.com":[1,5],"zevera.com":[1,5,10],"zevisit.com":[1,12],"zewang.help":[1,12],"zezeniaonline.com":[1,12,3],"zf.com":[1],"zf.fm":[3,3],"zfafna.com":[12,3],"zfclan.org":[1],"zfco.com":[1,12],"zferral.com":[1],"zfilm-hd.net":[3],"zfshare.com":[12],"zgallerie.com":[9],"zgemma.com":[10],"zgk.de":[1],"zgonc.at":[1,9],"zh.ch":[1,12],"zhacker.net":[12],"zhaket.com":[1,5],"zhakkas.com":[12,1],"zhan.com":[1,12],"zhanqi.tv":[1,12,3],"zhaopin.com":[1,6],"zhavenoci.cz":[10],"zhaw.ch":[12],"zhdk.ch":[12],"zhihu.com":[1,12],"zhihuishu.com":[1,12],"zhiye.com":[1],"zhk.su":[12],"zhone.com":[1,5],"zhubajie.com":[1],"zhujiwu.com":[1,5],"zhyk.ru":[1,12,3],"zhypermu.com":[1,12,5],"zi-m.com":[3],"zibbet.com":[1,9],"zicasso.com":[1,11],"zichtadviseurs.nl":[1],"zicmama.com":[1],"zicmeup.com":[1,12],"ziddu.com":[1,2],"zidisha.org":[1,12]}