{"swann.com":[1,9],"swanndvr.com":[1,5],"swanndvr.net":[1,5],"swanneye.com":[1,9],"swanngalleries.com":[1,12],"swanninsurance.com.au":[12],"swannone.com":[1,9],"swansea.ac.uk":[12],"swansoneurope.com":[1,4,9],"swansonvitamins.com":[1,9],"swantaxis.com.au":[12],"swap-bot.com":[1,12],"swap-europe.com":[9],"swap.com":[9],"swapa.org":[1,12],"swapacd.com":[1,12,9],"swapadvd.com":[3,9],"swapalease.com":[1],"swapandmove.co.uk":[1],"swapcard.com":[1],"swappa.com":[5,9],"swappaccess.com":[12],"swapsmut.com":[12],"swaptree.com":[12],"swapz.co.uk":[1,9],"swarfarm.com":[1,12,5],"swarmapp.com":[1,12],"swarmcdn.com":[1],"swarmjam.com":[9],"swarovski.com":[9],"swarthmore.edu":[12],"swaselfservice.com":[12],"swat.co.uk":[1,12],"swatch.com":[1,12,9],"swattraffic.com":[1],"sway.com":[1,12,5],"swb-gruppe.de":[1,9],"swbc.com":[1,2],"swbno.org":[1],"swccd.edu":[12],"swcombine.com":[3],"swd-ag.de":[1],"swde.be":[1],"swdestinydb.com":[12,3,3],"swdteam.com":[12,3],"swe.org":[1,12],"swearnet.com":[3],"sweat.com":[1,12],"sweatshop.co.uk":[9],"sweatshop.com":[9],"sweatwiththebest.com":[12],"sweatybetty.com":[9],"sweb.ru":[1,5],"swebus.se":[1,12],"swec-payment.org":[12],"sweclockers.com":[1,3,5],"swedaviaparkering.se":[12],"swedbank.ee":[1,12,9],"swedbank.lt":[1,2],"swedbank.lv":[1,2],"swedbank.se":[1],"swedespeed.com":[1,12],"swedish.org":[1,12,4],"swedishamerican.org":[1,12],"swedishpod101.com":[1,12],"swedoffice.se":[9],"swedroid.se":[5,7],"sweek.com":[1,12],"sweeney-kincaid.com":[1,12],"sweepland.com":[1],"sweepo.com":[1,9],"sweepsadvantage.com":[1,3],"sweepsheet.com":[1,3],"sweepsking.com":[1,12],"sweepsouth.com":[1],"sweepstakesclearinghouse.com":[1],"sweepstakesplus.com":[12],"sweepstakestoday.com":[1,3,9],"sweet-vapes.com":[12,9],"sweet.ovh":[1,12],"sweetamoris.de":[1,12,3],"sweetcrush.co.uk":[12,3],"sweetdeal.dk":[1,9],"sweetdealscumulus.com":[1,9],"sweetdiscreet.com":[10],"sweetgreen.com":[1,3],"sweetheartvideo.com":[12],"sweethome3d.com":[1,12,5],"sweetiessecretsweeps.com":[1],"sweetiessweeps.com":[1,3],"sweetjack.com":[1,9],"sweetlegs.ca":[1,9],"sweetmarias.com":[1,3,9],"sweetmembers.com":[12,1],"sweetprocess.com":[1,12,5],"sweetshoppedesigns.com":[1],"sweetsundays.co.uk":[1,3],"sweetwater.com":[1,9],"sweetwaterschools.org":[1,12]}