{"belamionline.com":[12],"belancer.com":[1,5],"belapb.by":[1,2],"belasartes.br":[1,12],"belastingdienst.nl":[1,2,12],"belavia.by":[1,12,11],"belbios.nl":[1,12,3],"belbo.com":[1],"belboon.com":[1],"belcentrale.nl":[1],"belco.org":[1,2],"belcourt.org":[1],"belden.com":[1,5],"beleggersbelangen.nl":[1,2,12],"belegungskalender-kostenlos.de":[1,12,5],"belezanaweb.com.br":[9],"belfastmet.ac.uk":[1,12],"belfius.be":[1,12],"belgacom.be":[1],"belgard.com":[1],"belgianfootball.be":[12],"belgianrail.be":[1,12],"belgiqueloisirs.be":[12,3],"belgium.be":[12],"belgiumdigital.com":[1,12,3],"belgiuminabox.com":[12,9],"belgocontrol.be":[1,12],"beliefnet.com":[12,12],"believebackstage.com":[1],"believekids.com":[1,12],"believesupport.com":[1,12,4],"belin-education.com":[12],"belinvestbank.by":[1,2],"belk.com":[9],"belkapay.com":[1,2],"belkcareers.com":[1,12],"belkcredit.com":[1],"belkin.com":[1,9],"belkin.range":[12],"bell.ca":[1,5],"bell.co.uk":[1],"bell.net":[1],"bellababyphotography.com":[1,12],"bellabarista.co.uk":[1,3,9],"bellabeat.com":[1,9],"bellabox.com.au":[9],"bellabridesmaids.com":[1],"bellacanvas.com":[9],"bellacor.com":[9],"bellagio.com":[1],"bellahousewares.com":[1,3],"bellaitalia.co.uk":[1,3],"bellaliant.ca":[1,5],"bellaliant.net":[1,5],"bellamagazine.co.uk":[1,3],"bellapass.com":[12,1,3],"bellarmine.edu":[12],"bellasara.com":[12],"bellazon.com":[12,3],"bellbanks.com":[1,2],"bellco.org":[1,2],"belldirect.com.au":[1,2],"belleandclive.com":[9],"bellechic.com":[9],"belleetbio.com":[1],"bellelily.com":[9],"bellemaison.jp":[9],"bellevue.edu":[12],"bellevuecollege.edu":[1,12],"bellevuewa.gov":[1,12],"bellhosting.ca":[1],"bellicon.com":[1,12],"bellinghamherald.com":[1,12,7],"bellleadership.com":[1,12],"bellmedia.ca":[1],"bellmts.ca":[1,9],"bellnet.ca":[12],"bellonline.co.uk":[1],"bellpotter.com.au":[1,2],"bellross.com":[1,9],"bellsouth.com":[12],"bellsouth.net":[7,7],"belltreeforums.com":[10],"belluna-gourmet.com":[1,9],"belluna.jp":[9],"bellycard.com":[1],"belmondpro.com":[1],"belmont.edu":[1,12],"belmontvillagejobs.com":[1],"beload.cc":[12],"beload.ws":[12],"belong.com.au":[1,5],"belorusneft.by":[1,12],"belot.md":[1,3,3],"belote-en-ligne.fr":[1,12,9],"belote.com":[1,12,3],"beloteenligne.fr":[3],"belswing.com":[1,12,5],"beltelecom.by":[1]}