{"slotboss.co.uk":[3,3],"slotcrazy.com":[3,3],"slotjoint.com":[3,3],"slotland.eu":[1,3,3],"slotmadness.com":[3,3],"slotnuts.com":[1,3,3],"slotocash.im":[3,3],"slotoking.com":[1,3,3],"slotomania.com":[3,3],"slotplanet.com":[1,3],"slots.lv":[3,3],"slotsgarden.com":[3,3],"slotsheaven.com":[3,3],"slotsinferno.com":[3,3],"slotsmagic.co.uk":[1,3],"slotsmagic.com":[1,3],"slotsmillion.com":[3,3],"slotsofvegas.com":[3,3],"slotsplus.eu":[3,3],"slotsvillage.ag":[12],"slottyvegas.com":[1,3,3],"sloty.com":[3,3],"slotyes.it":[1,3,3],"slovakrail.sk":[1,12],"slow-cosmetique.com":[1,9],"slowtwitch.com":[1,12,3],"sloyalty.com":[1],"slpl.org":[1,12],"slrclub.com":[1,12,9],"slrlounge.com":[1],"sls-direkt.de":[1,2],"sls.com":[12,1],"sls.com.au":[1,12],"sls.net":[1],"slsknet.org":[1,12,5],"slsp.sk":[1,2],"slsystems.fi":[1],"slt.lk":[1],"sltnet.lk":[1],"slu.edu":[12],"slu.se":[12],"slub-dresden.de":[1,12],"slucare.edu":[1,4],"slugger.com":[9],"slugterra.com":[1],"sluitallesaan.nl":[1,9],"slunecnice.cz":[12,3,5],"slush.org":[1,12],"slushminer.com":[1,5],"slushpool.com":[1,5],"slutload.com":[12],"slutroulette.com":[12],"slutroulettelive.com":[12],"slutroulettelive.net":[12],"slutroulettelive.org":[12],"slutwives.com":[12,10],"sluzia.com.br":[1,12],"slybroadcast.com":[1],"slydial.com":[1],"slysoft.com":[12],"sm-advantage.com":[1,9],"sm64o.com":[12],"sma-service.com":[1,12],"smaato.com":[1],"smackcoders.com":[1,5],"smackdownonyou.com":[3],"smackjeeves.com":[3],"smacl.fr":[1,2],"smacss.com":[1,12,5],"smaf-touseau.com":[9],"smail.fr":[10],"small-games.info":[3,3],"small-improvements.com":[1],"smallable.com":[9],"smallbiz.com":[1],"smallbusinesssaturdayuk.com":[1],"smallcab.net":[9],"smallerearth.com":[1,12],"smallflower.com":[1,9],"smallgames.ws":[3,3],"smallgroup.com":[1,12],"smallgroups.com":[1,12],"smallinvoice.com":[1],"smallnetbuilder.com":[1,5],"smallpdf.com":[1],"smallrig.com":[1,9],"smallseotools.com":[1,5],"smallslive.com":[1,3],"smallvideosoft.com":[12,5],"smallworldfs.com":[1],"smallworlds.com":[1,12],"smalv.com":[1,12,4],"smam.fr":[1,2],"smanuals.ru":[1,5,9],"smaply.com":[1],"smappee.com":[1,12],"smaregi.jp":[1],"smarkets.com":[3],"smarsh.com":[1]}