{"turnkeylinux.org":[1,5],"turnosweb.com":[1],"turnover-it.com":[1],"turnstilesystems.com":[1,5],"turntable.fm":[12],"turntablelab.com":[9],"turo.com":[1],"turteori.dk":[12],"turtlebc.com":[1,2],"turtlebeach.com":[1,3],"turtlediary.com":[12],"turtlemat.co.uk":[1,9],"turtlerockstudios.com":[1],"turtlescripts.com":[1,12,5],"turyocio.es":[1],"tus.ac.jp":[12],"tusanuncios.com":[1],"tuscl.net":[12,1,3],"tusclasesparticulares.com":[1,12],"tusd.org":[1,12],"tusd1.org":[1,12],"tusfiles.net":[1,5,10],"tushy.com":[12,3],"tusseries.com":[12],"tusubtitulo.com":[12],"tut.ac.za":[12],"tut.by":[1,12,3],"tut.com":[1,12,3],"tut.fi":[1,12],"tutankemule.net":[1,12,3],"tutanota.com":[1,5],"tutanota.de":[1,5],"tutellus.com":[1,12],"tutkit.com":[1],"tuto.com":[1,12],"tutor.com":[12],"tutor24.ch":[1,12],"tutor2u.net":[1,12],"tutora.co.uk":[1,12],"tutorabc.com":[1,12],"tutorchatlive.org":[1,12],"tutorcruncher.com":[1],"tutordoctor.com":[1,12],"tutorfair.com":[12],"tutorfinder.com.au":[1,12],"tutorful.co.uk":[1,12],"tutorhunt.com":[1,12],"tutoria.de":[1,12],"tutorials.de":[1,12,5],"tutorialspoint.com":[1,12,5],"tutoriaux-excalibur.com":[5,10],"tutoriels-mao.com":[1,12,5],"tutorme.com":[1,12],"tutorpanel.com":[1,12],"tutorselect.com":[1,12],"tutortrac.com":[1,12],"tutoruniverse.com":[1],"tutoweb.org":[1,12],"tutrabajo.org":[1,12,3],"tuts4you.com":[12,5],"tutsplus.com":[1,12,5],"tutti-pizza.com":[1,3,9],"tutti.ch":[1],"tuttoandroid.net":[5,7],"tuttoannunci.org":[1,9],"tuttoautoricambi.it":[9,12],"tuttocampo.it":[12,3,3],"tuttocartucce.com":[1,9],"tuttocialde.it":[1],"tuttomille.org":[1,9],"tuttosport.com":[3,3],"tuttur.com":[3,3],"tutu.ru":[1],"tutum.co":[1,5],"tututix.com":[1],"tuv.com":[1],"tuvotacion.com":[1,3],"tuwien.ac.at":[1,12],"tuxedomoney.com":[1],"tuxexchange.com":[1,2],"tuxfamily.org":[1,12,5],"tuxguitar.com.ar":[12],"tuya.com":[1],"tuya.com.co":[1],"tuyaus.com":[12],"tuyaux-turf.com":[1,9],"tuyendung.com.vn":[1,6],"tuyensinh247.com":[12],"tv-ao-vivo.net":[12],"tv-asahi.co.jp":[12],"tv-links.eu":[3],"tv-msn.net":[12],"tv-replay.fr":[3],"tv-revolution.com":[1,3],"tv-tokyo.co.jp":[12,3,7],"tv-vault.me":[12],"tv-vlaanderen.be":[1,3,9],"tv.be":[1,5],"tv.br":[12]}