{"vmedia.ca":[1,9],"vmedu.com":[1],"vmf.com":[1,2],"vmfa.museum":[1,12],"vminnovations.com":[9],"vmix.com":[1,5],"vmlite.com":[12],"vmobapps.com":[12],"vmock.com":[1,6],"vmp.fi":[1],"vmpclient.com":[12],"vmsclientonline.com":[1,12],"vmscloud.co":[1],"vmtestdrive.com":[12],"vmturbo.com":[1],"vmug.com":[1],"vmus.co":[3],"vmusic.ir":[12,3,3],"vmware.com":[1,5],"vmwareidentity.com":[1,5],"vmwarelearningplatform.com":[12],"vmworld.com":[1],"vmzona.com":[9],"vn-zoom.com":[12,5,10],"vn.nl":[1,12],"vn.ua":[1],"vnav.vn":[3,10],"vnbconnect.com":[12],"vndb.org":[12,3],"vndirect.com.vn":[1,2],"vnedu.vn":[12],"vnet.link":[1],"vnexpress.net":[7],"vnexttech.com":[1,5],"vnf.fr":[1],"vnn.vn":[12],"vnnclub.com":[12],"vnnsports.net":[1],"vno.co.kr":[1,12],"vnphoto.net":[1,12,3],"vnpt.vn":[12],"vnptlongan.vn":[12],"vnsg.nl":[1,12,5],"vnsharing.site":[3],"vnu.edu.vn":[12],"vnwebgame.com":[12,3,9],"vnyl.org":[1,12],"vnz-leech.com":[12],"vo7.com":[9],"voanews.com":[12,7],"voat.co":[7],"voba-bigge-lenne.de":[1,12],"voba-breisgau-nord.de":[1],"voba-mg.de":[1,12],"voba-rheinahreifel.de":[1,12],"voba-sbh.de":[1],"voba-si.de":[1,12],"vobaworld.de":[1,12],"vobs.at":[1,12],"voca.vn":[1,12],"vocabexpress.com":[1,12],"vocabla.com":[1,12],"vocable.fr":[1,12],"vocabridge.com":[1],"vocabtest.com":[12],"vocabulary.com":[12],"vocabularya-z.com":[12],"vocal.media":[1,12,3],"vocalid.co":[1,12],"vocalizr.com":[1],"vocalocity.com":[1],"vocalpoint.com":[1],"vocalpointvoice.com":[1],"vocaltour.fr":[1],"vocareum.com":[1,12],"vocbox.com":[1,12],"voceaprendeagora.com":[1],"vocellipizza.com":[1,3],"voceopina.com.br":[1],"voclr.it":[1],"voconline.com":[1,5],"vocus.net":[1,5],"vocusgr.com":[12],"vocuspr.com":[1],"vod-plex.pl":[12],"vod.com":[3],"vodacom.co.za":[12],"vodacom.mobi":[1,9],"vodafon.de":[1,5,9],"vodafone-infoportal.de":[12],"vodafone-wifi.com":[12],"vodafone.co.nz":[1,5,9],"vodafone.co.uk":[12],"vodafone.com":[1,12],"vodafone.com.au":[1],"vodafone.com.eg":[1,9],"vodafone.com.gh":[1],"vodafone.com.mt":[1],"vodafone.com.tr":[1]}