{"hdsmith.com":[1,9],"hdsupply.com":[1],"hdsupplysolutions.com":[1],"hdtime.org":[1],"hdtorrents.it":[12],"hdtracks.co.uk":[12,3],"hdtracks.com":[12,3],"hdtracks.de":[12,3],"hdts.ru":[12],"hdtshare.com":[12,3],"hdturk.org":[1,12],"hdtv.com.pl":[1,5,9],"hdtv.ru":[3],"hdtvpolska.com":[1,3,5],"hdtvshows.net":[3],"hdu.edu.cn":[1,12],"hdvest.com":[1,2,12],"hdviet.com":[12,3],"hdvietnam.com":[1,12,5],"hdvlink.com":[1,5],"hdvnbits.org":[1],"hdwallpapers.net":[3,10],"hdzion.com":[1],"hdzog.com":[12,3,3],"hdzone.org":[1,12,10],"he.net":[1,5],"heacademy.ac.uk":[1,12],"head-fi.org":[1],"head-shop.de":[9],"head-shop.fr":[9],"head-trick.com":[1,12,3],"head.com":[9],"headblade.com":[1,9],"headbox.com":[1],"headcountry.com":[1],"headcovers.com":[9],"headfirst.nl":[1],"headhonchos.com":[1,6],"headhunter.com":[1,6],"headict.com":[1,9],"headliner.fm":[12],"headlineshirts.net":[9],"headphonezone.in":[1,9],"headreach.com":[1],"headspace.com":[1,12,4],"headsprout.com":[1,12],"headsuphealth.com":[1,12,4],"headwayapp.co":[1,5],"headwaycapital.com":[1,2],"headwaythemes.com":[1,5],"headweb.com":[12],"heaj.be":[12],"heal.com":[1,12,4],"healcode.com":[1],"healerslibrary.com":[1,12],"healingcrystals.com":[1,9],"healingwell.com":[12,4],"healingwiththemasters.com":[12],"healint.com":[1],"healio.com":[4],"healow.com":[1],"heals.com":[9],"health-eheartstudy.org":[1,12,4],"health-first.org":[1,12,4],"health-on-line.co.uk":[1],"health-partners.org":[1],"health.com":[12,4],"health.com.au":[1],"health.nz":[12],"health365.co.nz":[1],"healthadvantage-hmo.com":[1],"healthadvocate.com":[1,12,4],"healthaffairs.org":[1,12,4],"healthalliance.org":[1,12],"healthandcare.co.uk":[1,9],"healthassuredeap.co.uk":[1,12],"healthaxis.com":[1],"healthbingo.co.uk":[1,3],"healthboards.com":[12,4],"healthcabin.net":[12,9],"healthcallings.com":[6],"healthcare.gov":[1],"healthcareacademy.com":[1,12],"healthcareaustralia.com.au":[1,12],"healthcarebillpay.com":[1],"healthcareerweb.com":[1,6],"healthcareexecutivesnetwork.org":[12],"healthcarefirst.com":[1],"healthcarejobsite.com":[1,6],"healthcaremagic.com":[12,4],"healthcaresource.com":[1],"healthcentral.com":[4],"healthclubsystems.com":[1],"healthcoachinstitute.com":[1,12],"healthcode.co.uk":[1],"healthcomp.com":[1,12],"healthcompanion.com":[1,4],"healthconnect.com":[12],"healthconnectsystems.com":[1]}