{"commonkey.com":[1],"commonkindness.com":[1,12],"commonlit.org":[12],"commonsense.org":[1,12],"commonsensemedia.org":[1,12],"commonsware.com":[1,12,5],"commonwealmagazine.org":[12],"commonwealth.com":[1],"commonwealthcatalog.org":[12],"commonwealthcu.org":[1,2],"commpartners.com":[1],"comms-express.com":[1,9],"commscope.com":[1,9],"commscopetraining.com":[1,12,5],"commsec.com.au":[1,2],"commsecadviserservices.com.au":[1,2],"commsviewer.com":[1,5],"commufa.jp":[1],"commun.it":[1],"communauto.com":[1],"communication-agefice.fr":[1,12],"communifire.com":[1],"communique-de-presse-gratuit.com":[1,12],"communispace.com":[1,12],"community.tm":[1,12],"communityamerica.com":[1,2],"communityarchives.com":[1,12],"communitybankna.com":[1,2],"communitybiblestudy.org":[12,12],"communitybuyinggroup.com":[1],"communitycare.co.uk":[1,12],"communitycares.com":[1],"communitychoicecu.com":[1,2],"communitycoffee.com":[1],"communitycommons.org":[1,12],"communitye.com.au":[1,12],"communityfirst.com.au":[1,2],"communityfirstcu.org":[1],"communityfirstfl.org":[1,2],"communityforce.com":[1,12],"communityforge.net":[1,12],"communityhealthchoice.org":[1,12],"communityimpact.com":[1,12],"communitymatrimony.com":[1],"communitymedical.org":[1,4],"communitymgtportal.com":[1,12],"communityos.org":[1,12],"communitypass.net":[1],"communityresport.com":[1],"communityrewards.me":[1],"communityuse.com":[12],"communitywalk.com":[1,12],"commutercheckdirect.com":[1,12],"commuterclub.co.uk":[1],"commuterconnections.org":[1,12],"commuterdirect.com":[1],"commvault.com":[1],"como.com":[1],"comodo.com":[1,5],"comodo.net":[12],"comodosslstore.com":[1,5],"comoj.com":[1],"comon.ru":[1,2],"comoprint.com":[1,9],"comoyo.com":[12],"comp-tac.com":[9,12],"compacc.com":[9],"compactappliance.com":[1,9],"compactor.fr":[9],"compagnie-bicarbonate.com":[1,9],"compagnie-des-sens.fr":[1,9],"compagnie-des-uniformes.com":[1,9],"compagnons-du-devoir.com":[1,12],"compandsave.com":[12],"companeo.com":[1],"companieshouse.gov.uk":[1,12],"companiesmadesimple.com":[1],"companionlife.com":[1,2],"companisto.com":[1],"company.com":[1],"company.info":[1],"companybe.com":[1],"companycareersite.com":[12],"companycheck.co.uk":[1],"companycollege.com":[12],"companydirectors.com.au":[1,12],"companyfolders.com":[1,9],"companykitchen.com":[1],"companymileage.com":[1],"companyofheroes.com":[1],"companysearchesmadesimple.com":[1],"companysig.com":[1,5],"compaq.com":[5],"comparably.com":[1,6],"compare.com":[1,2],"comparecards.com":[1,2],"comparenow.com":[1,2],"comparethemanandvan.co.uk":[10],"comparethemarket.com":[1,2]}