{"wgt.com":[1,3],"wgu.edu":[12],"wgun.net":[1,12],"wgv-himmelblau.de":[1],"wgv.de":[1],"whaaky.com":[1,9],"whalar.com":[1],"whaleclub.co":[2],"whalereport.com":[3,3],"whalewisdom.com":[1,2],"whallc.com":[1,12,4],"whaller.com":[1],"whaou.com":[1],"what-song.com":[3,3],"what.cd":[12],"what3words.com":[1,12],"whataburger.com":[1],"whatagraph.com":[1],"whatbird.com":[1,12,3],"whatbox.ca":[1],"whatboyswant.com":[12,3],"whatcar.com":[12],"whatclinic.com":[1,12,4],"whatcom.edu":[12],"whatculture.com":[3],"whatdotheyknow.com":[1,12],"whatdropsnow.com":[9],"whateverworks.com":[9],"whatfontis.com":[1,12],"whatgoesaroundnyc.com":[9],"whathifi.com":[1,3,7],"whatifsports.com":[3],"whatimg.com":[12],"whatis-theplan.org":[12],"whatismyip.com":[5],"whatnext.eu":[3,9],"whatonearthcatalog.com":[9],"whatpeopleplay.com":[1,12,3],"whatpub.com":[1,12],"whatpulse.org":[1,12,5],"whatpumpkin.com":[12],"whatrecords.co.uk":[3,9],"whatrunswhere.com":[1],"whatsapp.com":[1,10],"whatsappsim.de":[1,12,5],"whatsbroadcast.com":[1],"whatscheaper.com":[11],"whatscloud.io":[12],"whatscookingaustralia.com.au":[1],"whatsinmyhandbag.com":[12],"whatsmyserp.com":[1,12,5],"whatsonindia.com":[12],"whatsontv.co.uk":[3,7],"whatsthecost.com":[1,2],"whatsyourprice.com":[10],"whatthemovie.com":[12,3],"whattoexpect.com":[12,4],"whatuni.com":[1,12],"whatusersdo.com":[1,12],"whc.ca":[1,5],"whcc.com":[1],"whccd.edu":[1,12],"whdsystem.com":[12,1],"whe.org":[1,12],"wheaton.edu":[12],"wheatonma.edu":[12],"wheatonmychart.org":[1,12,5],"wheelers.co":[12,3,9],"wheelies.co.uk":[9],"wheelofcoin.com":[12],"wheeloffortune.com":[1,3],"wheelpros.com":[9,12],"wheels.com":[1],"wheelspinmodels.co.uk":[9],"wheelsup.com":[1],"wheelwell.com":[1,3,12],"when2meet.com":[1,3],"whengirlsplay.com":[12],"whenisgood.net":[1],"wheniwork.com":[1,3,11],"whentai.com":[12,3],"whentomanage.com":[1],"whentowork.com":[1],"where2ride.com":[1],"whereareyougps.com":[1,5,9],"wherecanwego.com":[12],"wherecraft.fr":[1,3,5],"whereforeclosures.com":[1,8],"whereifoundlove.com":[10],"wheresgeorge.com":[12],"wheresmydroid.com":[1,5],"wheresthematch.com":[12],"wheretoenjoy.com":[1,9],"wheretoget.it":[9],"wheretraveler.com":[1,11],"wherever.tv":[1,5,3],"wherigo.com":[1,12],"whfreeman.com":[12],"whhs.com":[1,4]}