{"nextechweb.com":[1,12],"nextel.com":[12],"nextel.com.ar":[1,12,9],"nextel.com.br":[12],"nextel.com.mx":[1],"nextendweb.com":[1],"nextens.nl":[1],"nextep.com":[1],"nexteraenergy.com":[12],"nexterio.pl":[1,9],"nexternal.com":[1],"nextgearcapital.com":[1],"nextgen-gallery.com":[1,5],"nextgen.com":[1],"nextgenerationenrollment.com":[1,12],"nextgenleads.com":[1],"nextgennews.net":[1,5],"nextgenroms.com":[3,3,10],"nextgentel.com":[1],"nextgentel.no":[1,5],"nextgenupdate.com":[3],"nextguide.tv":[1,12],"nexths.it":[5,9],"nextinpact.com":[1,3,5],"nextissue.ca":[1,12,5],"nextissue.com":[9],"nextiva.com":[12],"nextivafax.com":[1],"nextjobathome.com":[1,5,6],"nextjump.com":[1,12],"nextlevelapparel.com":[12],"nextlevelexchange.com":[1,12],"nextlevelguitar.com":[1,12],"nextleveltraining.com":[1,12,12],"nextlevelwebcam.com":[1],"nextlimit.com":[1,12],"nextlms.com":[1,12],"nextloop.net":[1],"nextlot.com":[1],"nextmd.com":[1],"nextmedia.com":[1,12],"nextmp.net":[12],"nextmultilevel.com":[12],"nextnewsstand.com":[1],"nexto.pl":[1,12,9],"nextopiasoftware.com":[1],"nextorrent.biz":[12],"nextorrent.net":[12],"nextory.se":[1,12],"nextplans.com":[1],"nextplora.com":[12],"nextplus.me":[1,12],"nextproof.com":[1],"nextpvr.com":[1,5],"nextrade360.com":[1],"nextraq.com":[1],"nextravel.com":[1],"nextraworld.com":[1,5],"nextrep.com":[1],"nextrequest.com":[1],"nextrestaurant.com":[1],"nextscripts.com":[1,5],"nextsend.com":[1,5],"nextsource.com":[1],"nextstepmcat.com":[1,12],"nextstepu.com":[12],"nextthing.co":[1],"nextu.com":[1,12],"nextube.org":[1,3],"nextwab.com":[1,5],"nextwarehouse.com":[1,9],"nextway.ch":[12],"nextwindows.ru":[5],"nextworth.com":[1],"nexudus.com":[1],"nexus.social":[10],"nexusclient.com":[12],"nexusmagazine.com":[1,12,3],"nexusmods.com":[3,3],"nexusop.com":[12],"nexusradio.com":[1,3],"nexusvendorconnect.com":[12],"nexusws.net":[12],"nexuzhealth.be":[1,4],"nexvortex.com":[1],"nexway.com":[1],"nexweb.org":[12],"nexx.fr":[1,2],"nexxt-change.org":[1],"nexxt.com":[1,6],"nexxtmobile.de":[1],"nexxus.com":[9],"neznaika.pro":[1,12],"nfaap.org":[12],"nfadmin.net":[12],"nfb.ca":[3],"nfbio.dk":[1,12],"nfcu.com":[1,2,12],"nfcu.org":[1,2,12]}