{"publicmutualonline.com.my":[1,2],"publicmutualutcconnect.com.my":[1],"publico.es":[1,12,7],"publico.pt":[1,12,7],"publicpartnerships.com":[1,12],"publicpickups.com":[12],"publicprocurement.be":[1,12],"publicpurchase.com":[1,12],"publicradio.org":[1,12],"publicrecords.com":[1,12,7],"publicrecords360.com":[12],"publicsafetytesting.com":[1,12],"publicschoolworks.com":[1,12],"publicsectorjobseast.co.uk":[1],"publicstorage.com":[1,9],"publicstuff.com":[1],"publicsurplus.com":[1,12,9],"publictheater.org":[1,12,3],"publictransport.com.mt":[1,12],"publikations-plattform.de":[1,12],"publimaison.ca":[1,8],"publio.pl":[1,12,3],"publipt.com":[1],"publish2.me":[1,5],"publishersmarketplace.com":[1,12,3],"publishersweekly.com":[1,12,3],"publishme.se":[12],"publishpath.com":[12],"publishyourdesign.com":[1,5],"publisuites.com":[1],"publitas.com":[1,12],"publix.com":[1,9],"publix.org":[1,12],"publons.com":[1,12],"pubmatic.com":[1],"pubnub.com":[1,5],"pubooks.jp":[1],"pubovore.com":[1],"pubservice.com":[1],"pubu.com.tw":[1,12,3],"pubvn.net":[3],"pubvn.tv":[3],"pubyun.com":[12],"puc-campinas.edu.br":[1,12],"puc-rio.br":[12],"puc.cl":[12],"pucatrade.com":[12],"pucgoias.edu.br":[12],"puchd.ac.in":[12],"puckab.com":[12],"puckator-dropship.co.uk":[1,9],"puckator.co.uk":[1,9],"puckator.fr":[1,9],"pucminas.br":[12],"pucp.edu.pe":[12],"pucpr.br":[12],"pucrs.br":[12],"pucsp.br":[12],"pudn.com":[1,12,5],"pueblosecreto.com":[1,12],"puesc.gov.pl":[1,12],"puffinmailer.com":[1],"puffitup.com":[12,9],"puffpastry.com":[1],"puffynetwork.com":[12],"puget.fr":[1,3],"pugetsound.edu":[12],"pugetsystems.com":[1,5],"pugh-auctions.com":[1],"pugster.com":[9],"puhutv.com":[3],"pukawka.pl":[1,5],"pukkaherbs.com":[1,12],"pulaskitech.edu":[1,5],"pull-in.com":[1,9],"pull-ups.com":[1,12,9],"pullandbear.com":[12],"pullmanhotels.com":[1,11],"pullquote.com":[1],"pullsdirect.com":[1,9],"pullstrom.at":[1],"pulpower.com":[1,9],"pulsant.com":[1],"pulscen.ru":[1,9],"pulscoin.com":[1,5],"pulsd.com":[1],"pulse.me":[1,5],"pulseapp.com":[1],"pulsedmedia.com":[1,5],"pulseheberg.com":[1,5],"pulseheberg.net":[12],"pulseitmagazine.com.au":[1],"pulselocker.com":[12],"pulseoptionsweekly.com":[1,2],"pulsepanel.eu":[12],"pulsepoint.com":[1],"pulseportal.com":[1],"pulsesaude.com.br":[1,12],"pulsesecure.net":[1,5]}