{"radio-code.lt":[3,12],"radio.at":[3,3],"radio.co":[1,3],"radio.com":[3,7,3],"radio.de":[1,3,3],"radio.fr":[1,3,3],"radio.net":[3],"radioactivetrading.com":[1,2],"radioairplay.com":[1,3,3],"radioamateur.org":[1,12,3],"radioarchive.cc":[12],"radioclassique.fr":[3,3],"radiocloud.jp":[1,12,3],"radiocourtoisie.fr":[12,3,7],"radiocut.fm":[1,12,3],"radiodenon.com":[1],"radiodiary.co.uk":[1,12],"radiodj.ro":[1,12,5],"radioeins.de":[1,12,3],"radioflyer.com":[1,9],"radiofrance.com":[1,12,3],"radiofrance.fr":[1,12,3],"radioguide.fm":[3],"radiohamburg.de":[1,12,3],"radiohead.com":[12],"radioio.com":[1],"radioitalia.it":[1,3,3],"radiojavan.com":[3,3],"radioking.com":[1,3],"radioking.fr":[1,3],"radiokorea.com":[1,12],"radioline.co":[3,3],"radiolingua.com":[1,12],"radiologie-mis.fr":[12],"radiologyregional.com":[1,12,4],"radioloyalty.com":[1,3],"radiomarantz.com":[1],"radiomaria.it":[1,12,3],"radiomonitor.com":[1,12],"radiomuseum.org":[1,12],"radionomy.com":[1,3],"radiooooo.com":[12],"radiopaedia.org":[1,12],"radioparadise.com":[1],"radioparts.com.au":[9],"radiopilatus.ch":[1,12,3],"radiopirate.com":[12],"radioplay.se":[1,3],"radiopopular.pt":[9],"radioreference.com":[12,3,7],"radioshack.com":[9],"radiosity.sx":[1,5],"radiosure.com":[3],"radiosys.com":[12],"radiothermostat.com":[1],"radiotime.com":[3],"radiotimes.com":[3,7],"radiotjanst.se":[1,12,3],"radiotuna.com":[12],"radiotunes.com":[3,3],"radioways.fr":[3],"radioworld.ca":[9],"radiox.co.uk":[3,3],"radishbo-ya.co.jp":[12],"radislatoque.fr":[1,12,3],"radisson.com":[1,12],"radissonblu-edwardian.com":[1,11],"radissonblu.com":[1,11],"radiumtechnologies.com":[1],"radiusbank.com":[1,2],"radiusbob.com":[1],"radiusgateway.com":[12],"radiusnetworks.com":[1,12],"radiusworldwide.com":[1],"radley.co.uk":[9],"radmd.com":[1,12,4],"radmin.com":[1,5],"radore.com":[1,5],"radprimer.com":[1,12],"radron.se":[1,12,9],"radware.com":[1,5],"raeer.com":[1,12],"raetseltotal.de":[1],"rafaltomal.com":[7,1],"rafclub.org.uk":[1],"raffaello-network.com":[9],"raffaellodigitale.it":[1,12],"rafflecopter.com":[1,5],"rag-bone.com":[9],"ragazzeinvendita.com":[12],"ragbrai.com":[1,3],"rage.mp":[3],"ragebooter.net":[1,12],"rageon.com":[9],"ragepluginhook.net":[1,12],"ragesw.com":[1],"ragewar.com":[3],"ragezone.com":[3],"ragic.com":[1,5]}