{"interwetten.com":[3],"interxion.com":[1],"interzet.ru":[1],"intesasanpaolo.com":[1,12],"intesasanpaoloprivatebanking.com":[1,2,9],"intesasanpaolovita.it":[1,2],"intesishome.com":[1],"intex-service.fr":[1,9],"intexcorp.com":[1,9],"intgas.com":[1,12],"inthecompanyofdogs.com":[12,9],"inthecrack.com":[12],"inthehive.net":[12],"inthepicture.com":[1,3],"intherooms.com":[12],"inthestyle.com":[1,9],"intheswim.com":[1,9],"intility.no":[1],"intimategadgets.com":[12,9],"intimissimi.com":[9],"intjforum.com":[1],"intlfcstone.com":[1,2],"intocareers.org":[1,12],"intofilm.org":[12],"intos.de":[1,9],"intotheam.com":[9],"intouch.org":[1,12],"intouchapp.com":[1,5],"intouchcrm.co.uk":[1],"intouchgps.com":[1],"intouchk12.com":[1],"intouchnetworks.com":[1],"intouchondemand.com":[1],"intouchposonline.com":[12],"intouchreceipting.com":[1,12],"intovps.com":[1,5],"intoxalock.com":[1,12],"intporn.com":[12],"intporn.org":[12],"intra-focus.com":[12],"intra.net":[1],"intracen.org":[1,12],"intrade.com":[12],"intradel.be":[1,12],"intralinks.com":[1],"intralot.com.pe":[1,3,3],"intralot.it":[1,3,3],"intramed.net":[12,4],"intranetdashboard.com":[1],"intrapril.fr":[1],"intraship-dhl.co.uk":[12],"intraship.de":[12],"intratup.com":[1,12],"intraworlds.com":[1],"intrepidonline.co.uk":[1,12],"intrepidtravel.com":[11],"intrepidv10.co.uk":[1,12],"intrinio.com":[1,5],"intrinsicfs.com":[1],"intrinsiq.com":[1,12],"introlution.be":[1,12],"intromaps.com":[1,12],"intronics.nl":[1],"intronis.com":[1],"introversion.co.uk":[1,12],"intrum.com":[1],"intrustbank.com":[1,2],"inttek.net":[12],"inttra.com":[1,5],"intuilab.com":[1],"intuisphere.com":[1,12,5],"intuit.ca":[1,2],"intuit.co.uk":[1],"intuit.com":[1,2],"intuit.com.au":[1],"intuit.fr":[1,2],"intuit.net":[12],"intuit.ru":[1,12],"intuitext.ro":[12],"intuition-games.net":[1,12,5],"intuition.com":[1,12],"intuitwebsites.com":[1],"inube.com.co":[12],"inuit.com":[1,9],"inulogic.fr":[1,5],"inumbo.com":[1,5],"invadedlands.net":[1,12],"invadeit.co.th":[5,9],"invaluable.co.uk":[1,9],"invaluable.com":[9],"invanto.com":[1],"invast.jp":[1,2],"invelos.com":[5],"inven.co.kr":[3,3],"invenias.com":[1],"invensense.com":[1,5],"invensys.com":[1],"inventables.com":[1],"inventivhealth.com":[1,12]}