{"shieldthevulnerable.org":[12],"shift.ms":[1,12],"shiftadmin.com":[1],"shiftagent.org":[1],"shiftart.com":[1,12,3],"shiftboard.com":[1],"shiftdelete.net":[5,7],"shiftedit.net":[1,5],"shiftgig.com":[1],"shifthound.com":[1],"shiftingretail.com":[1],"shiftnote.com":[1],"shiftorganizer.com":[1],"shiftplanning.com":[1],"shiftsuite.com":[1],"shiftwise.net":[1],"shiftworship.com":[12],"shiftyjelly.com":[1,12],"shigotonavi.co.jp":[1,6],"shikimori.org":[3],"shiksha.com":[12],"shilladfs.com":[9],"shilton.fr":[1,9],"shimano-eu.com":[1,12],"shimano.com":[1,12],"shimo.im":[1,12,5],"shinden.pl":[3],"shindigz.com":[1,3,9],"shine.com":[1,6],"shinhan.com":[12],"shinhancard.com":[12],"shiningbizandlifeacademy.com":[1,12],"shinjiru.com":[1,5],"shink.in":[1,12],"shinobi.fr":[12,3,3],"shinobilifeonline.com":[1,12,3],"shinola.com":[9],"shinsegae.com":[1,12],"shinseibank.com":[1,2],"shinternet.ch":[1,12],"shinyapps.io":[1,5],"shinybbs.com":[3],"shinyloot.com":[3],"shinystat.com":[1,5],"shinywhitebox.com":[1],"ship.edu":[12],"shipbob.com":[1],"shipchung.vn":[1],"shipcloud.io":[1],"shipcsx.com":[12],"shipgooder.com":[12],"shipit.click":[1],"shipitapo.com":[1],"shipito.com":[1],"shiply.com":[1],"shipmateapp.com":[1,9],"shipme.me":[1],"shipnex.com":[1,9],"shipperhq.com":[1],"shippingcart.com":[1,9],"shippingeasy.com":[1,9],"shippingexplorer.net":[1,12,5],"shippit.com":[1],"shiprush.com":[1,5,9],"shipsim.com":[1,3,9],"shipsnostalgia.com":[1,12,10],"shipspotting.com":[12,3],"shipstation.com":[1,9],"shipsterusa.com":[1,9],"shipsticks.com":[1,9],"shipt.com":[1,9],"shiptime.com":[1],"shipton-mill.com":[1,3],"shipwebsource.com":[1],"shipwire.com":[1],"shipworks.com":[1],"shipwreckbeads.com":[1,9],"shipyourreptiles.com":[1,9],"shirai.cz":[12,3],"shirazu.ac.ir":[12],"shirt.co.jp":[1,12,9],"shirtbyhand.nl":[1,9],"shirtcity.com":[1,9],"shirtinator.co.uk":[1,9],"shirtinator.de":[1,9],"shirtinator.fr":[1,9],"shirtlabor.de":[1,9],"shirtpunch.com":[9],"shirtspace.com":[9],"shirtsupplier.com":[9],"shirttuning.de":[1,9],"shirtworks.co.uk":[1,9],"shiseido.co.jp":[1,12,3],"shiseido.com":[1,9],"shisha-nil.de":[12,9],"shisha-world.com":[12,9],"shitpostbot.com":[1,5],"shiva-rappelz.com":[1,12,3],"shiva.fr":[1]}