{"insiderlouisville.com":[1,12],"insidermonkey.com":[1,2],"insiderpages.com":[1],"insidersoftware.com":[1,5],"insidesales.com":[1],"insideselfstorage.com":[1,12],"insidesoccer.com":[1,12,3],"insidetracker.com":[1,12],"insidevaluation.com":[1],"insideview.com":[1],"insidewinston.com":[1],"insight-sb.com":[1,12],"insight.com":[1,5,9],"insight.ly":[1],"insight.org":[1,12,12],"insightbb.com":[12],"insightcards.com":[1,2],"insightcentral.net":[10,12],"insightcreditunion.com":[1,2],"insightglobal.net":[1],"insighthosted.com":[1],"insightiq.com.au":[1],"insightly.com":[1],"insightmaker.com":[1,12,5],"insights.com":[1,12],"insights.network":[1,5],"insightsc3m.com":[1],"insightsquared.com":[1],"insightsrcsurveys.com.au":[1,12],"insighttimer.com":[1,12],"insightvacations.com":[1,11],"insightvisa.com":[1],"insignia-enthusiast.org":[12],"insimadult.org":[1,12],"insimenator.org":[1,12],"insinity.eu":[9],"insinkerator.com":[1],"insitescommunities.com":[12],"insitessquare.com":[12],"insiteticketing.com":[1],"insliv.ru":[12],"insomnia.gr":[12],"insomnia.rest":[1,5],"insomniacookies.com":[1],"insomniagamingfestival.com":[1,12,3],"insomnihack.fr":[10],"insound.com":[1,9],"inspectiamuncii.ro":[1,12],"inspectionport.com":[1,12],"inspectlet.com":[1,12],"inspectorade.com":[1,5],"inspectrealestate.com.au":[1],"inspectvue.com":[1],"insper.edu.br":[12],"insperity.com":[1],"insphereis.net":[1,2],"inspiratiepentruacasa.ro":[1,3,9],"inspirationcruises.com":[1,12,11],"inspirato.com":[1],"inspire-orientation.org":[1,12],"inspire.com":[1,12,4],"inspire.net.nz":[1],"inspiredbyyou.com":[1],"inspiredlms.com":[1,12,5],"inspiredopinions.com":[1],"inspiredsilver.com":[9],"inspireeducation.edu.au":[12],"inspirepilots.com":[1,10],"inspireprepay.net.nz":[1],"inspiringfuture.pt":[12],"inspirock.com":[1,11],"inspirus.com":[12],"inspiruscu.org":[1,2],"inspirythemes.com":[1],"inss.gov.br":[1,12],"insse.ro":[1,12],"insta-member.com":[1],"insta-suite.com":[1],"insta-viral.com":[12],"insta360.com":[1,9],"instabang.com":[10],"instabang.me":[10],"instabayim.com":[1],"instabooter.com":[1,5],"instabug.com":[1,5],"instabuggy.com":[1],"instabuilder.com":[1],"instacart.com":[1,3],"instacasino.com":[3,3],"instacastcloud.com":[12],"instadebit.com":[1,12],"instadose.com":[1],"instaeasy.com":[12],"instaedu.com":[1,12],"instafenomeni.net":[1],"instaff.jobs":[1],"instaffiliate.net":[1],"instaffo.com":[1],"instafollow.com.br":[1]}