{"electronic-arts.de":[1,12,3],"electronic-star.fr":[9],"electronic-star.it":[9],"electronic4you.at":[1,9],"electronic4you.de":[9],"electronicarts.co.uk":[1,12,3],"electronicdesign.com":[1],"electronichouse.com":[1,9],"electronicsforless.ca":[9],"electronicsforu.com":[1,12,5],"electronicspoint.com":[1,12,9],"electronicstars.com":[3],"electronicwerkstatt.de":[12,3,5],"electronique-diffusion.fr":[9],"electroprecio.com":[9],"electroschematics.com":[1,12,5],"electroworld.cz":[9],"electroworld.se":[1,9],"electrum.com":[2],"electrum.org":[12],"electude.com":[1,12],"electude.eu":[1,12],"elefant.ro":[12],"elefriends.org.uk":[1,3],"elefun.no":[9],"elegant.be":[1],"elegant.school":[1,12,5],"elegantanal.com":[12],"elegantflyer.com":[1],"elegantmarketplace.com":[1],"elegantt.com":[1],"elegantthemes.com":[1,5],"elegomall.com":[3,9],"elekta.com":[1,12],"elektor-magazine.com":[1,12,5],"elektor.com":[1,9],"elektor.de":[1,12],"elektor.fr":[1,9],"elektor.nl":[1,9],"elektormagazine.com":[1,12,5],"elektormagazine.de":[12],"elektormagazine.fr":[1,5,9],"elektormagazine.nl":[1],"elektra.com.mx":[9],"elektracoin.com":[1,2],"elektro-energija.si":[1,12],"elektro-material.ch":[1,12],"elektro-online.de":[1,12],"elektro-plus.de":[9],"elektro-wandelt.de":[1,9],"elektro.com.br":[1,12],"elektroda.pl":[1,12,3],"elektroimportoren.no":[1,9],"elektroland24.de":[1,9],"elektron.se":[1,9],"elektronetshop.de":[1,9],"elektronik-lavpris.dk":[1,9],"elektronik-star.de":[9],"elektronikforumet.com":[1,12],"elektroradar.de":[1,9],"elektroshopwagner.de":[1,9],"elektroskandia.se":[9],"elektrotanya.com":[1,12,9],"elektrotresen.de":[1,12,3],"elektroweb.sk":[1,12],"elektrum.lv":[1,12],"eleman.net":[1,6],"elemanonline.com.tr":[1,6],"element14.com":[1,12,5],"element5.com":[1],"elemental.tv":[1,5],"elementalknives.com":[9],"elementaltechnologies.com":[1,5],"elementaryos.org":[1,5],"elementbrand.com":[9],"elementcase.com":[1,9],"elementevil.com":[10],"elementfleet.com":[1],"elementfx.com":[12],"elementgames.co.uk":[3,3,9],"elementk.com":[1],"elementool.com":[1,5],"elementor.com":[1],"elements.org":[1,2],"elementsbathandbody.com":[1,9],"elementsgaming.com":[12],"elementsvillage.com":[12],"elementvape.com":[9],"elemis.com":[1,9],"elempleo.com":[1,12,6],"elenasmodels.com":[10],"elendersolutions.com":[1],"elenia.fi":[1],"eleparts.co.kr":[1,5,9],"elephant.co.uk":[1,2],"elephant.com":[1,2],"elephantafiles.com":[1,10],"elephantdrive.com":[1,5],"elephantjournal.com":[1,12,3]}