{"unternehmenswelt.de":[1,12],"unterricht.de":[1,12],"unterrichtsmaterial.ch":[1,12],"unterwegs.biz":[9],"untoitpourlesabeilles.fr":[1,12],"untrue.com":[12,1,3],"untsystem.edu":[1,12],"untuckit.com":[9],"unturned-forum.com":[1,10],"unturned-servers.net":[1],"unturnedsl.com":[12],"unu.ai":[1,12],"unum.com":[1,12],"unumdental.com":[1,12],"unused-css.com":[12,5],"unusualporn.net":[12],"unv.org":[1,12],"unwins.co.uk":[9],"unwiredlabs.com":[1,12,5],"unwsp.edu":[12],"uny.edu.ve":[12],"unybook.com":[1,12],"unyk.com":[1,10],"uoa.gr":[12],"uob.com.my":[12],"uob.com.sg":[12],"uobgroup.com":[12],"uobkayhian.com":[1],"uoc.edu":[12],"uoc.gr":[12],"uod.edu.sa":[12],"uoduckstore.com":[9],"uofminn.org":[12],"uoftbookstore.com":[1,12,9],"uofthacks.com":[12],"uog.edu.gy":[12],"uoguelph.ca":[12],"uoit.ca":[12],"uol.com.br":[1],"uol.edu.pk":[12],"uolala.com":[1,12],"uolhost.com.br":[1,5],"uom.ac.mu":[12],"uom.gr":[12],"uonbi.ac.ke":[12],"uopeople.edu":[12],"uopxmarketplace.com":[9],"uoregon.edu":[12],"uos.ac.uk":[12],"uotdealer.com":[1,12],"uottawa.ca":[12],"uow.edu.au":[12],"up-00.com":[1],"up-4ever.com":[1,5],"up-campus.org":[1,12],"up.ac.mz":[1,12],"up.ac.pa":[12],"up.ac.za":[12],"up.com":[1,12],"up.com.br":[1,12],"up.edu":[12],"up.edu.br":[1,12],"up.edu.ph":[12],"up.jobs":[1,12],"up.pt":[12],"up2drive.com":[1,2],"upad.co.uk":[1],"upaid.pl":[1],"upaidui.com":[1],"upaknship.com":[1,9],"upandgo.com.au":[12],"upatras.gr":[1,12],"upay.co.uk":[1],"upayanaturals.com":[1,3,9],"upaycard.com":[1,2],"upaychilli.com":[1],"upb.de":[12],"upb.edu.co":[12],"upbasiceduboard.gov.in":[12],"upbitcoin.com":[1],"upc-cablecom.ch":[1,5],"upc-secure.com":[12],"upc.at":[1],"upc.biz":[12],"upc.ch":[1,5],"upc.cz":[1],"upc.edu":[12],"upc.edu.pe":[12],"upc.hu":[1,5],"upc.ie":[1],"upc.nl":[1],"upc.pl":[1],"upc.ro":[1],"upc.sk":[1,5],"upc.ua":[1,2],"upcall.com":[1],"upcbusiness.at":[1],"upcdatabase.com":[1,12,5],"upcity.com":[1]}