{"debtpaygateway.com":[1],"debtproofliving.com":[1,12],"debtwave.com":[1,2],"debtwire.com":[1,2],"debtx.com":[1],"debugle.com":[1,5],"deca.ca":[1,12],"decalgirl.com":[1,9],"decameron.com":[1,11],"decantalo.com":[12,9],"decaptcher.com":[1,5],"decasoftware.com":[1],"decathlon.be":[9],"decathlon.bg":[9],"decathlon.ch":[1,9],"decathlon.co.uk":[1,9],"decathlon.com":[1],"decathlon.com.au":[9],"decathlon.com.br":[9],"decathlon.com.cn":[9],"decathlon.com.tr":[9],"decathlon.cz":[9],"decathlon.de":[1],"decathlon.es":[1,9],"decathlon.fr":[1,9],"decathlon.hu":[1,12,9],"decathlon.in":[9],"decathlon.it":[1],"decathlon.ma":[9],"decathlon.nl":[9,3],"decathlon.pl":[1,9],"decathlon.pt":[9],"decathlon.ro":[9],"decathlon.ru":[12],"decathlon.se":[1,9],"decathlon.sg":[9],"decathlon.tw":[9],"decathloncreation.com":[1,12],"decathlonpro.fr":[1,9],"decclic.qc.ca":[1,12],"deceasedonline.com":[1],"decemuladores.com":[3],"decent.bet":[1,3],"decent.ch":[1,12],"decentgo.com":[12],"decentraland.org":[1,12],"decerto.fr":[1,12],"decerto.net":[1,3,7],"dechow.de":[1],"decibelinsight.com":[1],"decidatriunfar.net":[1,12],"decide.com":[1,9],"decideware.com":[1],"decidio.com":[1],"decidir.com":[1],"deciem.com":[1,9],"decipherinc.com":[1],"deciplus.pro":[12],"decision-achats.fr":[1,12],"decisiondesk.com":[1,12],"decisionlender.com":[12],"decisionlogic.com":[1],"decisionpro.biz":[1,12],"decisionresourcesgroup.com":[1],"decitre.fr":[12,3,9],"decjuba.com.au":[9],"deckbox.org":[1,9],"deckofscarlet.com":[9],"deckplay.net":[1,3],"decks.co.uk":[1,9],"decks.com":[1,12],"decks.de":[9],"decksagainstsociety.com":[12],"decksdirect.com":[1,9],"deckstats.net":[12,3],"decktutor.com":[1,9],"declaree.com":[1],"declikdeco.com":[1,9],"decluttr.com":[1,9],"deco-smart.com":[1],"deco.fr":[1,9],"decoart.com":[1,9],"decobb.com":[9],"decoclico.fr":[1,3,9],"decocuir.com":[1,9],"decodefete.com":[1,3,9],"decodeur-sat.com":[9],"decolar.com":[1,12,3],"decomaniacos.es":[1,12,3],"decomprasbbva.com":[9],"decopac.com":[1,3,9],"decorationsdemariage.fr":[1,9],"decorativefabricsdirect.com":[1,9],"decorativefilm.com":[9],"decore.com":[1],"decorglamour.com":[1,9],"decorilla.com":[1],"decorist.com":[1],"decorplanet.com":[1,9]}