{"akfiles.com":[12],"akhosiery.co.uk":[9],"akhtaboot.com":[1,6],"aki.es":[1,9],"aki.pt":[1,9],"akiba-online.com":[3,10],"akibaoo.co.jp":[9],"akibapass.de":[1,3,9],"akibento.com":[1,3,9],"akihabara.cz":[3],"akimbocard.com":[1,9],"akindo-sushiro.co.jp":[1,3],"akinformatica.it":[1,5],"akismet.com":[1,5],"akisnet.ch":[12],"akispetretzikis.com":[3],"akiwifi.es":[1],"akixi.com":[1],"akizukidenshi.com":[1,9],"akjl.co.uk":[1,5],"akka.eu":[1,12],"akken.com":[1],"akku-markt.com":[9],"akku500.de":[9],"akkuplus.de":[9],"akkushop.de":[9],"akkuteile.de":[9],"akky.mx":[1,5],"aklamio.com":[1,9],"aklautoi.live":[1],"akliz.net":[1,3,5],"akmall.com":[12],"akmembers.com":[12],"akmosclube.com.br":[1],"akmscholarship.com":[1,12],"ako.nl":[1,12,9],"akouashop.com":[1,9],"akoustik-online.com":[12,9],"akqa.com":[1],"akquisemanager.de":[1],"akronchildrens.org":[1,12,4],"akrongeneral.org":[1,12,4],"akronlibrary.org":[1,12],"aksesuarix.com":[9],"akta.ro":[1,12],"aktia.fi":[1,2],"aktiespararna.se":[1,12,3],"aktiesparinvest.se":[1,2],"aktiesport.nl":[9],"aktion-mensch.de":[1,12],"aktionis.ch":[1],"aktionsfinder.at":[9],"aktiv-forum.com":[12,3,10],"aktiva-info.hr":[1],"aktivshop.de":[9],"aktivwelt.de":[1,9],"aku-aalborg.dk":[1,12],"aku.edu":[12],"akuankka.fi":[1,12,3],"akutbolig.dk":[1,12,8],"akvis.com":[1,12,10],"akzonobel.com":[1,12],"al-anon.org":[1,12],"al-bank.dk":[1,2],"al-ko.co.uk":[12],"al-ko.com":[1,12],"al.com":[1,3,7],"al.gov.br":[12],"al.ly":[1,12],"al.to":[9],"al.us":[12],"al2c.de":[1,9],"ala.bs":[1],"ala.org":[1,12],"alabama.gov":[1,12],"alabamacu.com":[1,2],"alabamainteractive.org":[1],"alabamapower.com":[1],"alabamaservices.org":[12],"alabar.org":[1,12],"alabeo.com":[12],"alablaboratoria.pl":[1,12],"alacourt.com":[1],"alacourt.gov":[1,12],"alacrity.net":[1,12],"aladdinsgoldcasino.com":[3,3],"aladin.co.kr":[12],"aladom.fr":[1,12,9],"aladtec.com":[1,12],"aladwaa.com":[12],"alafdal.net":[12,10],"alaforveterans.org":[1,12],"alagasco.com":[1,12],"alahlionline.com":[12],"alahlynet.com.eg":[12],"alainafflelou.fr":[9],"alaisebreizh.com":[9],"alakazam.co.uk":[1,3,9],"alamancecc.edu":[12]}