{"forexbrokerinc.com":[12],"forexchief.com":[1,2],"forexduet.com":[12],"forexfactory.com":[2],"forexflexea.com":[1,2],"forexgrand.com":[12,11],"forexisbiz.com":[1,5],"forexmart.com":[1,2],"forexmt4indicators.com":[2],"forexop.com":[1,2],"forexparadise.biz":[12],"forexpeacearmy.com":[2],"forexprime.com":[2,3],"forexsignals.com":[1,2],"forexstart.org":[1,2],"forexsystems.ru":[2],"forexsystemsru.com":[2],"forextime.com":[2],"forextips.com":[1,2,12],"forextradersdaily.com":[1,2,12],"forextradingcentral.com":[1,2],"forextrendy.com":[2],"forexuseful.com":[1,2],"forexwinners.biz":[10],"forfree3d.com":[3],"forge.gg":[1],"forgeofempires.com":[1,3],"forgerock.com":[1],"forget.me":[1],"forgett.com":[1,12],"forgeworld.co.uk":[1,9],"forgottenbooks.com":[12],"forgottenbooks.org":[12],"forhims.com":[12],"forhumanpeoples.com":[9],"forio.com":[1,12],"foriou.fr":[1],"forit.ro":[1,9],"forjaty.com":[12,3],"fork-cms.com":[1],"forkable.com":[1],"forkplayer.tv":[1,5],"forksmealplanner.com":[12],"forksoverknives.com":[1,12,3],"forky.gr":[1],"form-mailer.jp":[1,12],"form.io":[1,5],"form990.org":[1,12],"formacarm.es":[1,12],"formalites-cartegrise.fr":[1,12],"formalites-export.com":[12],"formap.fr":[12],"formassembly.com":[1],"format.com":[1],"formataropc.com":[1,5],"formation-blogueur-pro.com":[1,12],"formation-informatique-avec-cedric.fr":[1,12,5],"formations-anacofi.fr":[1],"formations-permaculture.fr":[12],"formationsusa.com":[12],"formaturismo.com.br":[1,12,11],"formazionegiornalisti.it":[1,12],"formblitz.de":[1],"formcraft-wp.com":[1],"formcrafts.com":[1],"formdesigner.ru":[1],"formdesk.com":[1,5],"formed.org":[1],"formfire.com":[1],"formfonts.com":[1,9],"formforall.com":[1,5],"formget.com":[1],"formi9.com":[1,5],"formice.com":[1,12,3],"formidableforms.com":[1,12,5],"formidablepro.com":[1,12,5],"formido.nl":[1],"formilla.com":[1,5],"formistry.com":[1,12],"formkeep.com":[1],"formlabs.com":[1],"formlets.com":[1],"formmail-maker.com":[1,5],"formoid.net":[12],"formreleaf.com":[1],"forms.gov.il":[1,12],"formsfill.com":[1,12],"formsimplicity.com":[1],"formsite.com":[1],"formslibrary.com":[1,12],"formsmarts.com":[1],"formspree.io":[1,5],"formspring.me":[1,12,5],"formsrus.com":[1],"formstack.com":[1],"formswift.com":[1,2,12],"formsworkflow.com":[1,12],"formula1.com":[12],"formulanegocioonline.com":[1,12]}