{"ametsoc.org":[12],"amex.com":[1,2],"amexgbt.com":[1],"amexsafekey.com":[1,5],"amey.co.uk":[1,12],"amf-assurances.fr":[1,2],"amf-bowling.co.uk":[1,3],"amf-festival.com":[1,12,3],"amf-france.org":[1,2,12],"amf.bz":[12,10],"amf.com":[1],"amf.se":[1],"amfam.com":[1],"amfirst.org":[1,2],"amfostacolo.ro":[1,12,11],"amgen.com":[1,12],"amgh.us":[12],"amgpro.fr":[9],"amgreetings.com":[12],"amh.org":[1,12,4],"amherst.edu":[12],"amhfcu.org":[1,2],"ami.co.nz":[1,2],"amia.org":[1,12],"amiami.com":[1,12,3],"amiami.jp":[3],"amiando.com":[1],"amibay.com":[1,12,10],"amibroker.com":[1,5],"amica.com":[1,2],"amicacard.it":[1],"amicafarmacia.com":[9],"amicalolaemc.com":[1],"amicis.com":[1],"amiclubwear.com":[9],"amicollege.com":[12],"amicus.ch":[1,12],"amicusattorney.com":[1],"amideast.org":[12],"amiduos.com":[1,5],"amiez.org":[1,12,3],"amig.com":[1],"amigaosecreto.com.br":[1],"amigobingo.com":[3,3],"amigobulls.com":[1,2],"amigoenergy.com":[1],"amigoexpress.com":[1],"amigoindicaestacio.com.br":[12],"amigoloans.co.uk":[1,2],"amigos.com":[10],"amigosardientes.com":[10],"amigosbarcelona.com":[1,12],"amigoscalientes.com":[10],"amigosecreto.com.br":[1,3],"amigosjuanvaldez.com":[1],"amigospeugeot.com":[1,12],"amigurumipatterns.net":[1],"amikado.com":[1,9],"amikash.ca":[1],"amil.com.br":[1,12],"amildental.com.br":[1],"amilia.com":[1],"amilova.com":[3],"amimalin.com":[1,12],"amimembernet.com":[12],"amino.com":[4],"amino.dk":[1,5],"aminoapps.com":[1],"aminoz.com.au":[12,4,9],"amion.com":[1],"amis-assurance.fr":[12],"amis.net":[1],"amis.vn":[1],"amissexy.com":[12],"amitojobs.com":[1,6],"amitree.com":[1],"amity.edu":[12],"amivac.com":[1,11],"amizone.net":[12],"amjxt.com":[12],"amk.cool":[12],"amk.to":[3],"amkingdom.com":[12,3],"amleo.com":[1,9],"amli.com":[1,8],"amltoken.com":[1,12],"amm.com":[1],"ammado.com":[1,12],"ammancity.gov.jo":[1,12],"ammirati.org":[1,12],"ammofast.com":[9],"ammoguide.com":[3,9],"ammoliquidator.com":[9,12],"ammoman.com":[9,12],"ammomenllc.com":[9,12],"ammoseek.com":[9,12],"ammosupplywarehouse.com":[9],"ammunitiondepot.com":[9,12],"ammunitionstore.com":[9,12]}