{"arabloads.net":[5,10],"arablounge.com":[10],"arabmatchmaking.com":[10],"arabou.edu.kw":[12],"arabp2p.com":[12],"arabrec.com":[1,6],"arabscene.org":[12],"arabsgate.com":[12],"arabsh.com":[1,5,10],"aracajucard.com.br":[1,12],"arachnoboards.com":[12,10],"arafanelliwinery.com":[12,1,12],"arafonts.com":[12,3],"arag.es":[1],"araggroup.com":[1],"araglegal.com":[1],"araglegalcenter.com":[1,12],"aragon-advertising.com":[1],"aragon-erh.com":[1],"aragon.es":[12],"araiamericas.com":[9],"aral.de":[1,9],"arallegiance.com":[1],"aramark-uniform.com":[1,9],"aramark.com":[1,12],"aramark.net":[1],"aramarkrefreshments.com":[1],"aramarkuniform.com":[1,9],"aramco.com":[1,12],"aramco.jobs":[1,12],"aramex.com":[1],"aramexglobalshopper.com":[1,2],"aramisauto.com":[1,12],"aransweatermarket.com":[9],"araplgs.org":[1,12],"arario.jp":[3],"aravo.com":[1],"arazhul.de":[1,3],"arba.gov.ar":[1,2,12],"arbblanks.com":[1,9],"arbeit-von-zuhause-aus.com":[12],"arbeitnehmersteuererklaerung.de":[1,12],"arbeitsagentur.de":[1,12],"arbeitsmedizin.de":[1],"arbeitsschutz-express.de":[9],"arbella.com":[1,2],"arbenefits.org":[1,12],"arbetsformedlingen.se":[1,12,6],"arbico-organics.com":[1,9],"arbiterpay.com":[1,12],"arbitersports.com":[1],"arbitr.ru":[12],"arbitrageunderdogreloaded.com":[1],"arbitrcoin.com":[1],"arbo.org":[1,12],"arboe.at":[1,12],"arboned.nl":[1,12],"arbonne.ca":[1,12],"arbonne.com":[1,12],"arbor.edu":[12],"arborday.org":[1,12],"arboristsite.com":[1,10],"arborteas.com":[3],"arbounie.nl":[1,12],"arbrevert.fr":[1,12,9],"arbs.com":[1,12],"arc-copro.fr":[1,12],"arc-registres.com":[1,9],"arc.com.au":[1,5,9],"arc.gov.au":[1,12],"arca-enel.it":[12],"arca.am":[1],"arca24.com":[1,5],"arcade-museum.com":[1,12],"arcadecontrols.com":[12,3],"arcademics.com":[12],"arcadeprehacks.com":[3],"arcadetown.com":[3],"arcadewars.net":[12],"arcadeworlduk.com":[1,9],"arcadia.edu":[12],"arcadianmc.com":[1,12,10],"arcadiapower.com":[1,9],"arcadis.com":[1,12],"arcadja.com":[12],"arcai.com":[5],"arcalide.com":[9],"arcamax.com":[12,3,7],"arcaonline.it":[1,2,12],"arcaplanet.it":[9],"arcaplex.nl":[1,3,9],"arcb.com":[1],"arcblock.io":[1,5],"arccorp.com":[1],"arccosgolf.com":[1],"arcd.de":[1],"arcelormittal.com":[1,12],"arcelormittal.com.br":[1,12],"arceurotrade.co.uk":[1]}