{"tsbohemia.cz":[9],"tsc.com":[1,12],"tsc1099.com":[1,12],"tscapparel.com":[1,9],"tschibo.de":[1,9],"tscpa.com":[1,12],"tscpa.org":[1,12],"tscpl.org":[1,12],"tscstores.com":[9],"tsd-inc.com":[1],"tsdate.com":[10],"tsdates.com":[12,1],"tsdating.com":[10],"tsdm.me":[1,12,3],"tsdm.net":[1,12,3],"tsdrms.net":[12],"tserverhq.com":[1,5],"tsfl.com":[1,12],"tsforum3.com":[12,3,10],"tsfsportswear.com":[1],"tsheets.com":[1],"tshirtelephant.com":[1,9],"tshirtgang.com":[1,5],"tshirthell.com":[9],"tshirtstudio.com":[9],"tsia.com":[1,12],"tsicustomerservice.com":[1],"tsinetwork.ca":[1],"tsinghua.edu.cn":[12],"tsisports.ca":[1],"tsite.jp":[1,9],"tsjobs.net":[1],"tsmede.gr":[1,12],"tsmeet.com":[10],"tsn.at":[1,12,5],"tsn.ca":[3],"tso.ca":[1,12],"tsocorp.com":[12],"tsogosun.com":[1,11],"tsohost.com":[1,5],"tsonboard.com":[1],"tsoshop.co.uk":[1,12],"tsotesting.com":[12,9],"tsp.gov":[1,2,12],"tsp7.net":[1,12],"tspate.me":[1],"tsplayground.com":[12],"tsrtconline.in":[1],"tssouthernpower.com":[1,12],"tstartel.com":[1,12],"tstc.edu":[1,12],"tstore.co.kr":[9],"tstt.co.tt":[1,12],"tsu.co":[1],"tsu.edu":[12],"tsukuba.ac.jp":[12],"tsukumo.co.jp":[12],"tsukyo-web.jp":[12],"tsume-art.com":[1],"tsumino.com":[12,1,3],"tsutaya.co.jp":[12],"tsuyoshi2.eu":[1,5],"tsv1860-ticketing.de":[12],"tsviewer.com":[1,12,5],"tsw.com.au":[1],"tsys.com":[1],"tt-exchange.org":[1],"tt-forums.net":[10],"tt-news.de":[12,3,3],"tt-torrent.com":[7,1],"tt.com":[1,12,7],"tt1069.com":[12],"tt2.co.uk":[1],"ttacorp.com":[1,12],"ttbonline.gov":[1,12,5],"ttc.ca":[1],"ttconnect.gov.tt":[1,12],"ttcu.com":[1,2],"ttdconline.com":[1,12,11],"ttdsevaonline.com":[1],"ttec.co.tt":[1],"ttechu.com":[12],"ttesports.com":[1,9],"ttf-apps.com":[12],"ttforum.co.uk":[12],"tthfanfic.org":[1,12,3],"ttiadmin.com":[1,12],"ttigroup.eu":[12],"ttiinc.com":[1],"ttinteractive.com":[1],"ttk.ru":[1,12],"ttline.com":[12],"ttmeiju.com":[12,3],"ttmeiju.vip":[12],"ttnet.com.tr":[1,12,5],"ttnetwifi.com.tr":[1,5],"ttnetwififly.com":[1,5],"ttnlearning.com":[1],"ttpgame.com":[1,3,3]}