{"studiosuits.com":[9],"studiosweatondemand.com":[1,12],"studiosystem.com":[1],"studiotheatre.org":[1],"studis-online.de":[12],"studitemps.de":[1,12,6],"studivz.net":[12],"studiz.dk":[1,12],"studocu.com":[1,12],"studweb.no":[1,12],"studwork.org":[1,12],"study.com":[12],"study.jp":[12],"study.net":[12],"studyacer.com":[12],"studyadvisor.fr":[1,12],"studybass.com":[1,12],"studybay.com":[1,12],"studyblue.com":[12],"studyclix.ie":[1,12],"studydrive.net":[1,12],"studydroid.com":[12],"studyflow.nl":[1,12],"studygateway.com":[12,12],"studygroup.com":[12],"studyhouse.de":[1,12,5],"studyisland.com":[1,12],"studyladder.ca":[12],"studyladder.co.nz":[12],"studyladder.co.uk":[12],"studyladder.com":[12],"studyladder.com.au":[12],"studylease.com":[1,12],"studylight.org":[12],"studylink.com":[1,12],"studylondon.ac.uk":[12],"studymode.com":[12],"studynoteswiki.com":[1,12],"studyphim.vn":[12,3],"studypool.com":[1,12],"studypug.com":[12],"studyrama-emploi.com":[1,12,6],"studyrama.com":[1,12],"studysapuri.jp":[12],"studyskillshandbook.com.au":[1,12],"studysoup.com":[1,12],"studyspace.eu":[1],"studyspace.net":[1],"studyspanish.com":[1,12],"studystack.com":[1,12,5],"studystays.com.au":[1,12],"studystore.nl":[1,12,9],"studysync.com":[1,12],"studytemple.com":[12],"studytonight.com":[1,12,5],"stuff-uk.net":[9],"stuff.co.nz":[1,3,7],"stuff.tv":[1,7,9],"stuff4crafts.com":[9],"stuffalert.com":[1,9],"stuffbak.com":[1],"stuffedsafari.com":[12,9],"stuffpoint.com":[3],"stuffpoints.com":[1,9],"stuffstuff.com":[1,12],"stuk.io":[1,12,5],"stukent.com":[1,12],"stuller.com":[1,9],"stumbleupon.com":[12],"stummiforum.de":[1,12,10],"stumpsparty.com":[1,9],"stumptowncoffee.com":[1,3,9],"stunning.co":[1],"stunr.com":[10],"stupeflix.com":[1,3],"stupidsid.com":[12],"sturbridgeyankee.com":[1,9],"sturents.com":[1,12,3],"stussy.com":[9],"stuttgart.de":[1,12],"stuttgarter-nachrichten.de":[1,12,7],"stuttgarter-zeitung.de":[1,12],"stuttgarter.de":[1,2],"stuttgartmesseserviceportal.de":[1],"stuvia.com":[12],"stuvia.nl":[12],"stv.tv":[1,3],"stvincent.org":[1,12],"stw.at":[1],"stw.fr":[1,12],"stwater.co.uk":[1],"stxtickets.com":[1],"stylearc.com.au":[1,9],"stylebop.com":[9],"stylebot.me":[12],"stylecareers.com":[1],"stylechallenges.com":[1,9],"stylefile.de":[9],"stylefile.fr":[9]}