{"prodigy.net.mx":[12],"prodigyfinance.com":[1,2,12],"prodigygame.com":[12],"prodimex.ch":[5,9],"prodirectcricket.com":[9],"prodirectrugby.com":[9],"prodirectrunning.com":[9],"prodirectselect.com":[9],"prodirectsoccer.com":[9],"prodirecttennis.com":[9,3],"prodivnet.com":[1,6],"prodocefile.com":[1,12],"prodpad.com":[1],"prodpi.com":[1,9],"prodregister.com":[12],"prodrivers.com":[1],"produbanco.com":[12],"produceredge.com":[1],"producerloops.com":[12],"producersguild.org":[1,12],"producertech.com":[9],"product-key-kaufen.de":[1,9],"product-testing.com":[1],"productaftercare.co.uk":[12],"productassist.com":[1],"productboard.com":[1],"productdyno.com":[1],"producteev.com":[1],"productelf.com":[9],"production-scheduling.com":[1,12],"productionbase.co.uk":[1,3],"productioncrate.com":[1,3],"productionhub.com":[1],"productmadness.com":[1],"productplan.com":[1],"productreportcard.com":[1,9],"productreview.com.au":[1,12,9],"productsourcing.com":[1,9],"productsup.com":[1],"producttesting.com.au":[9],"producttestinggroup.com":[9],"producttestingusa.com":[9],"produhost.net":[12],"produit-antinuisible.com":[1,9],"produits-italiens.fr":[3,9],"produitsatester.fr":[1,9],"produitslaitiersetviandebio.com":[1,12,3],"produktwelt.de":[1,9],"produsat.com":[1,9],"produsport.com":[9],"produzionidalbasso.com":[1,12],"proeconomica.com":[12],"proedinc.com":[1,12],"proemprego.pt":[1,12],"proexam.org":[1,12],"proexamvault.com":[1,12],"profantasy.com":[1,12],"profedcu.org":[1,2],"profellow.com":[12],"profeo.pl":[1,6],"profesia.cz":[1,12],"profesia.sk":[1,6],"profesionalhosting.com":[1,5],"professeurfelyne.com":[12,3],"profession.hu":[1,5,6],"professional-gameserver.com":[1,5],"professionali.ru":[1,12,5],"professionalmatch.com":[10],"professionalmuscle.com":[12],"professionalpassport.com":[1],"professionalpetsitter.com":[1,12],"professionalplastics.com":[9],"professionalsaustralia.org.au":[1],"professionalsoccercoaching.com":[3],"professionalsupplementcenter.com":[1,4,9],"professionsante.ca":[1,12],"professor-oak.com":[1,12,9],"professormesser.com":[1,12,5],"professorpincushion.com":[1,12],"profexpress.com":[1,12],"proffice.se":[1,6],"proffsmagasinet.se":[9],"profi-druck.com":[9],"profibux.com":[12],"profihost.com":[1],"profilculture.com":[1,12],"profilecanada.com":[1],"profilegroup.com":[1,12],"profilehopper.com":[1],"profileplan.net":[1,12],"profilesac.com":[1,12,5],"profilesondemand.com":[1],"profilessc.com":[1,12,5],"profilestms.com":[1],"profilingonline.com":[12],"profils.org":[12],"profilsearch.com":[12],"profimail.info":[1],"profimailer.de":[12]}