{"dealhustl.com":[1,9],"dealjumbo.com":[1,9],"deallx-shopping.de":[9],"deallx.de":[9],"dealman.co.nz":[9],"dealmarket.com":[1],"dealmonster.co.uk":[9],"dealmoon.com":[9],"dealnews.com":[9],"dealogic.com":[1],"dealotto.com":[1],"dealoz.com":[9],"dealparrainage.fr":[1],"dealroom.co":[1],"dealrush.ie":[1,9],"deals.com.au":[1,9],"deals365.gr":[1,9],"deals99.com":[1,9],"dealsales.dk":[1,9],"dealsaver.com":[1,9],"dealscube.com":[9],"dealsdesiles.com":[1,9],"dealsdirect.com.au":[9],"dealsea.com":[9],"dealsformommy.com":[1,12,9],"dealsforreviews.com":[1,9],"dealshaker.com":[1,9],"dealsilove.com.au":[1,9],"dealsmachine.com":[9],"dealsncash.com":[1],"dealspl.us":[9],"dealsplus.com":[9],"dealspotr.com":[1,9],"dealstomeals.com":[1],"dealstream.com":[1],"dealzippy.co.uk":[1,9],"dealzon.com":[9],"deancare.com":[1,12,4],"deandeluca.com":[1,3,9],"deangraziosi.com":[1,12],"deansbeans.com":[1,9],"deanstreetsociety.com":[12],"deanza.edu":[12],"dear-lover.com":[9],"dearbornlibrary.org":[1,12],"dearbornnational.com":[1],"deardoctor.com":[1,12,4],"dearelder.com":[12],"dearsystems.com":[1],"deascuola.it":[12],"deathball.net":[12],"deathbycaptcha.com":[1,5],"deathbycaptcha.eu":[1,5],"deathfight.fr":[12],"deathlord.eu":[1],"deathnote-lejeu.com":[3],"deathtothestockphoto.com":[1,12,3],"deathwishcoffee.com":[1,3,9],"deathwishinc.com":[3,9],"deautos.com":[1,9,12],"deazoo.de":[1,9],"debal.fr":[1,12],"debate.org":[12,3,7],"debbimoore.co.uk":[1,9],"debeka.de":[1,2],"debenhams-jobs.com":[1],"debenhams.com":[9],"debenhams.ie":[9],"debenhamsflowers.com":[9],"debian-fr.org":[5],"debian.net":[1,5],"debian.org":[1,5],"debijbel.nl":[7,12,12],"debijenkorf.be":[1,9],"debijenkorf.nl":[1,9],"debit.com.br":[1,12],"debitel-light.de":[1,5,9],"debitel.de":[1,9],"debitize.com":[1,2],"debitoor.com":[1],"debitoor.de":[1],"debitoor.es":[1],"debitoor.fr":[1],"debitoor.it":[1],"debix.com":[1],"deblocage-facile.com":[5],"deboeck.com":[1,12],"deboecksuperieur.com":[1,12],"debonairspizza.co.za":[1,3],"debonix.fr":[1,9],"debrid-link.fr":[3,12],"debriditalia.com":[1],"debridmax.com":[12],"debshops.com":[9],"debtdomain.com":[1],"debthelper.com":[1,2,12],"debtorboards.com":[1,12],"debtorcc.org":[1,12],"debtordaddy.com":[1]}