{"historicaerials.com":[1],"historicmapworks.com":[12],"historio.us":[1,12],"historum.com":[12],"history.com":[12,3],"historybookclub.com":[12,9],"historycraft.fr":[1,12,3],"historygames.net":[12],"historylines.com":[1,12],"historystudycenter.com":[1,12],"historytoday.com":[1,12],"historyvault.com":[1,3],"hisupplier.com":[12],"hit.edu.cn":[12],"hit2hit.com":[1],"hit4hit.org":[1,12,5],"hitachiconsulting.com":[1],"hitachiconsulting.net":[12],"hitask.com":[1,5],"hitbliss.com":[1,3],"hitbox.tv":[3],"hitbtc.com":[1,2],"hitbullseye.com":[1,12],"hitchcock.org":[1,12,4],"hitched.co.uk":[1,9],"hitchswitch.com":[1],"hitcursos.com.br":[1,12],"hitech-gamer.com":[9],"hitechpros.com":[1,12],"hitechwms.com.au":[12],"hitek.fr":[3],"hitenergie.de":[1,5],"hites.com":[9],"hitfile.net":[5,10],"hitfilm.com":[1],"hitflip.de":[12],"hithere.com":[12],"hitimewine.net":[12],"hitleap.com":[1],"hitlink.com":[1],"hitmeister.de":[9],"hitnews.com":[1,5],"hitnews.eu":[1,5],"hitpoint.tv":[1,9],"hitpredictor.com":[1,12],"hitpromo.net":[9],"hitpxl.com":[1],"hitradio.ma":[12,3],"hitrecord.org":[1,12,3],"hitronhub.home":[12],"hits4pay.com":[1],"hits4pay2.com":[1],"hits4surfers.com":[1],"hitsa.ee":[12],"hitsafari.com":[1],"hitsboosterpro.com":[12],"hitseller.de":[9],"hitskin.com":[10],"hitslink.com":[1],"hitsmobile.es":[1],"hitsmonkey.com":[1],"hitsviral.com":[1],"hittail.com":[1,12,5],"hitthebreakroom.com":[9],"hittraxmidi.com":[1],"hitwe.com":[1,12],"hitwest.com":[1,12,3],"hitwise.com":[1],"hitzwarez.net":[12,10],"hive-project.net":[1],"hive.co":[1],"hive.co.uk":[3,9],"hive.com":[1],"hive4business.co.uk":[12],"hiveage.com":[1],"hivebrite.com":[1],"hivedesk.com":[1,5],"hivehome.com":[1],"hivejobs.com":[1,6],"hivelabs.solutions":[1,5],"hivelearning.com":[1,12],"hivelocity.net":[1,5],"hivemc.com":[1,3,3],"hivemicro.com":[1],"hivemodern.com":[1,9],"hivency.com":[1],"hiveos.farm":[1,5],"hivetracks.com":[1,12,5],"hivewire3d.com":[3,9],"hiveword.com":[1,12],"hiveworkshop.com":[1,12],"hiving.fr":[1,12],"hivyapp.com":[1],"hiway.org":[1,2],"hiweb.ir":[1,5],"hiwifi.com":[1,5],"hiworks.com":[1],"hiyamedia.net":[1,3],"hizlial.com":[9]}