{"rand.org":[1,12],"randa.org":[1,12,3],"randalls.com":[1,9],"randaris-anime.net":[3,3],"rande.cz":[1,12],"randfjourney.com":[1,12],"randimg.net":[1],"randivonal.hu":[10],"randkizmilfami.pl":[10],"randmcnally.com":[1],"randobel.be":[1,12],"randogps.net":[12],"random-spin.com":[1,5],"random.org":[12,5],"randomactsofkindness.org":[1,12],"randomcraft.org":[1,12,5],"randomhouse.com":[1,12,3],"randomhouse.de":[1,12,3],"randompicker.com":[1,12],"randstad.be":[1,6],"randstad.ca":[1,6],"randstad.ch":[1,12],"randstad.co.nz":[1,6],"randstad.co.uk":[1,6],"randstad.com":[1,6],"randstad.com.ar":[1,12],"randstad.com.au":[1,6],"randstad.com.br":[1],"randstad.com.sg":[1,6],"randstad.de":[1,12],"randstad.dk":[1,6],"randstad.es":[1,12],"randstad.fr":[1,6],"randstad.gr":[1,6],"randstad.hu":[1,12],"randstad.in":[1,6],"randstad.it":[1,12,6],"randstad.nl":[1,6],"randstad.pl":[1],"randstad.pt":[1,12],"randstad.se":[1,6],"randstadinhouseservices.fr":[1,12],"randstadprofessionals.be":[1,6],"randstadsearchandselection.fr":[1,12],"randstadusa.com":[1,6],"randstadworks.com":[1],"randyblue.com":[12],"randyrun.com":[1,9],"randyrun.de":[12],"randyssanitation.com":[1],"raneystruckparts.com":[9],"ranfighting.de":[12,3,3],"rangefinderforum.com":[1,12,3],"rangeme.com":[1],"rangerjoes.com":[9],"rangerovers.net":[1],"rangers.co.uk":[1,3,3],"rangerstv.tv":[12,3,3],"rangerup.com":[9],"rangevideo.com":[9],"rango-hack.ru":[12,3],"rank-booster.com":[1,9],"rankade.com":[3,3],"rankboostup.com":[1],"rankcipher.com":[1],"rankcrew.com":[1],"rankedgaming.com":[1,12,5],"ranker.com":[12,3],"rankia.com":[1,2],"rankingcoach.com":[1],"rankingsandreviews.com":[1,12],"rankonesport.com":[1,12],"rankpay.com":[1],"rankplus.fr":[1],"rankranger.com":[1],"ranks.fr":[1,5],"rankscanner.com":[1,5],"ranksider.com":[1],"ranksignals.com":[1,12,5],"ranksurveys.com":[1],"ranktrackr.com":[1,12,5],"rankupxp.com":[12],"rankwatch.com":[1],"rankwyz.com":[1,5],"ransackedcrew.info":[1],"ransnet.com":[1,5],"ransomedheart.com":[7,12,3],"ransomspares.co.uk":[1,9],"ransquawk.com":[1],"rantic.com":[1],"ranxplorer.com":[1],"raonsims.com":[12],"raovat.com":[1,9],"raovat.net":[1,9],"raovat.vn":[1,12],"rapbank.com":[12],"rapgenius.com":[12,3],"rapha.cc":[9],"rapid-flyer.com":[1]}