{"bfads.net":[9],"bfanet.ao":[1],"bfashion.com":[9],"bfbcs.com":[3,3],"bfc-creations.com":[1,9],"bfc.com.ve":[1,2],"bfcu.org":[1,2],"bfdeals.com":[9],"bfebilling.com":[12],"bffs.com":[12],"bfh.ch":[12],"bfi.org.uk":[1,12,3],"bfk.no":[1,12],"bflic.com":[1],"bfmtv.com":[1,12,7],"bforbank.com":[1,2],"bfound.net":[1],"bfrl.nl":[12],"bfs-hf.de":[1,12],"bfsat.fr":[1,9],"bfsfcu.org":[1,2],"bft-automation.com":[1,12],"bfusa.com":[1,9],"bfv.de":[1,12,3],"bfvariety.com":[12],"bfwpub.com":[12],"bg-gledai.org":[12],"bg-gledai.tv":[1,3],"bg-mamma.com":[12],"bg-verkehr.de":[1,12],"bg.ac.rs":[12],"bga-vetements.fr":[1,9],"bgasc.com":[12,9],"bgca.net":[1],"bgclive.com":[12,3],"bge.com":[1,12],"bgeneral.com":[1],"bgenergy.com":[1,12],"bget.ru":[12],"bgetem.de":[1,12],"bgfretail.com":[12],"bghm.de":[1,12],"bghw.de":[1,12],"bginette.org":[12],"bgl.lu":[1,12],"bglcorp.com.au":[1],"bglen.net":[1,12,9],"bglgroup.co.uk":[1],"bgmailing.com":[1],"bgmenu.com":[1,3,9],"bgo.com":[3],"bgol.us":[12],"bgoperator.ru":[11],"bgov.com":[12],"bgpmon.net":[1,5],"bgproxy.org":[12,12],"bgr.com":[1,3,7],"bgr.com.ec":[1,2,12],"bgsonline.eu":[1,12],"bgstars.com":[3,3,9],"bgsu.edu":[12],"bgtgames.com":[3,3],"bgtorrents.info":[12],"bgu.ac.il":[12],"bgu4u.co.il":[12],"bgv.de":[1],"bgvfs.com":[12],"bgvgrandcentral.com":[1],"bgw-online.de":[1,12,4],"bgzbnpparibas.pl":[1,2],"bh.com.tn":[1,12],"bham.ac.uk":[12],"bham.sch.uk":[12],"bhappylounge.com":[1],"bharatmatrimony.com":[1,12],"bharatpetroleum.com":[1],"bhartiseva.com":[1,12],"bhasvic.ac.uk":[12],"bhbrackets.com":[12],"bhbt.com":[1,2],"bhc.bz":[1],"bhc.edu":[12],"bhcc.edu":[12],"bhcosmetics.com":[9],"bhdleon.com.do":[12],"bhdstar.vn":[3],"bhf.io":[12],"bhf.org.uk":[1,12],"bhf.su":[3],"bhfcu.com":[1,2],"bhg.com":[1,3,9],"bhgre.com":[1,8],"bhgrehomes.com":[1,8],"bhhc.com":[1,2],"bhhsresource.com":[1],"bhiner.com":[9],"bhinneka.com":[9],"bhiviewmybill.com":[1],"bhldn.com":[9]}