{"philorch.org":[1,12],"philosophy.com":[1,9],"philosophyforums.com":[12],"philpapers.org":[12],"philsgang.com":[1,12,9],"philstocks.ph":[12],"philstockworld.com":[1,12,3],"phim3s.net":[12],"phimmoi.net":[3],"phimu.org":[1,12],"phiportal.com":[12],"phish.com":[1,12,3],"phish.net":[1,12,3],"phish5.com":[1,12,5],"phishme.com":[1,5],"phishtank.com":[1],"phlearn.com":[1,12],"phlur.com":[1,9],"phly.com":[1],"phmetropol.dk":[1,12],"phmg.com":[1],"phmloans.com":[1],"pho.to":[1,12,10],"phoca.cz":[1,5],"phoenix-rebirth.fr":[1,12],"phoenix-trading.co.uk":[1],"phoenix-warez.ws":[12],"phoenix-wz.cc":[1],"phoenix.co.il":[12],"phoenix.edu":[12],"phoenix.gov":[1,12],"phoenixchildrens.com":[1,12,4],"phoenixcomicon.com":[1,3],"phoenixcontact.com":[1,12],"phoenixdart.com":[3],"phoenixnap.com":[1,5],"phoenixnewtimes.com":[1,12,3],"phoenixpowerrising.net":[1,12],"phoenixpubliclibrary.org":[1,12],"phoenixrising.me":[12],"phoenixsymphony.org":[1,12,3],"phoenixunion.org":[1,12],"phoenixviewer.com":[12],"phoenixzoo.org":[1,12],"phomuaban.vn":[1,9],"phonak.com":[1,12,4],"phonakpro.com":[1,12],"phonandroid.com":[1,5,7],"phone-boutique.com":[5,7,9],"phone-pieces.fr":[1,5,9],"phone.com":[1],"phonealchemist.com":[1],"phoneandpay.co.uk":[1],"phoneandphone.com":[1],"phonearena.com":[5,7],"phonebibi.com":[9],"phonebooth.com":[1],"phoneburner.com":[1],"phonecardselector.com.au":[1,9],"phoneclaim.com":[1],"phonecopy.com":[1,5],"phonedeck.com":[1],"phonedetective.com":[1,12,5],"phonedivert.co.uk":[1],"phonedog.com":[5,7],"phonedroid.fr":[1,9],"phonefusion.com":[1],"phonegallery.gr":[5,9],"phonegap.com":[1,5],"phonegigant.nl":[5,7,9],"phonehouse.de":[1,5,9],"phonehouse.es":[1,5,9],"phonehouse.fr":[1],"phoneindia.com":[1],"phonelocatorpro.com":[12],"phonelook.ch":[9],"phonepartsusa.com":[9],"phonepe.com":[1],"phonepower.com":[1],"phonero.no":[1,5],"phoneshopbysainsburys.co.uk":[1,9],"phoneswipe.com":[1],"phonetracker.com":[1,12,5],"phonetray.com":[1,5],"phonevite.com":[1],"phonex.de":[1,5],"phonexpert78.com":[12],"phonezoo.com":[12],"phonicsplay.co.uk":[1,12],"phonofile.com":[1,12],"phonostar.de":[1,3,3],"phonotizer.com":[1],"phonsante.com":[12],"phooto.com.br":[1,3],"phorest.com":[1],"phorest.me":[12],"phorum.pl":[1,12,10],"photigy.com":[1,12],"photl.com":[12]}