{"mysqa.org.uk":[1,12],"mysql.com":[1,5],"mysql.fr":[1,5],"mysqueezebox.com":[1,5],"mysrhs.com":[1,12,4],"myss.com":[1,12],"myssldomain.com":[1,9],"mystaffmark.com":[12],"mystagingwebsite.com":[12],"mystar12.com":[1,12],"mystarcentral.com":[12],"mystarkid.com":[1,12,3],"mystate.com.au":[1,2],"mystatesman.com":[1,12,7],"mystation.com":[1],"mystatscenter.com":[12],"mystere-tv.com":[12],"mystericycle.com":[1],"mysteriouspackage.com":[1,12],"mysteriousuniverse.org":[12,3],"mystery-shoppers.co.uk":[1],"mysterydining.net":[1],"mysterydoug.com":[3],"mysteryguild.com":[9],"mysterypanel.de":[12],"mysteryptc.com":[1],"mysteryscience.com":[1,12],"mysteryshopforum.com":[1],"mysteryshopper.com.au":[1,9],"mysteryshopperprogram.com":[1],"mysteryshops.com":[1],"mysterytacklebox.com":[1,9],"mysticartpictures.com":[1,12],"mystickers.co.uk":[1,12],"mystickies.com":[1,12],"mysticmonkcoffee.com":[1,3,9],"mysticstamp.com":[1,9],"mystilus.com":[1,12],"mystipendium.de":[1,12],"mystockalarm.com":[1,2,9],"mystockoptions.com":[1,2,12],"mystonline.com":[1,12],"mystora.com":[1],"mystore.no":[1,9],"mystorecentral.com":[1],"mystormshield.eu":[1],"mystorybook.com":[12],"mystorybrand.com":[1],"mystraightbuddy.com":[12],"mystrategicplan.com":[1],"mystraumann.com":[1,12],"mystream.com":[1],"mystreams.tv":[12],"mystreamtime.com":[1],"mystreetmortgage.ca":[1],"mystreetscape.com":[12],"mystrength.com":[1,12,4],"mystrom.ch":[1],"mystshopsol.com":[1],"mystudent.nyc":[1,12],"mystudentaccount.com.au":[1,12],"mystudentbody.com":[12],"mystudentbook.com":[1,12],"mystudentsprogress.com":[1,12],"mystudydesk.edu.au":[1,12],"mystudylife.com":[1,12],"mystylerules.com":[1,12,9],"mysubaru.com":[1,5],"mysubs.co.za":[1,9],"mysubscriptionaddiction.com":[9],"mysubwaycard.com":[1,9],"mysuezwater.com":[1],"mysugardaddy.eu":[1],"mysugr.com":[1,12],"mysuite1.com.br":[12],"mysuite2.com.br":[12],"mysun.co.uk":[1],"mysunlife.ca":[1],"mysunrun.com":[1],"mysunwest.com":[1],"mysupercard.ph":[12],"mysupermarket.co.il":[12],"mysupermarket.co.uk":[12],"mysupplierfind.com":[1],"mysupplyworld.com":[1,9],"mysurgerywebsite.co.uk":[1],"mysurvey.ca":[1],"mysurvey.com":[1],"mysurvey.jp":[1],"mysurvey.net.au":[1],"mysushishop.ch":[1,9],"mysw.info":[12,7,3],"myswag.org":[3,10],"mysweetpetunia.com":[1,9],"myswingle.com":[1],"myswinton.co.uk":[1],"myswisslife.fr":[1],"mysycuan.com":[1],"mysynchrony.com":[1,2]}