{"aim400kg.com":[1,12],"aim400kg.ru":[1],"aima.org":[1,12],"aimbots.net":[5,10],"aimbridgehospitality.com":[1],"aimbtc.com":[12],"aimc.net":[1],"aimersoft.com":[3,5],"aimfitnessnetwork.com":[1],"aimglobalinc.com":[1,12],"aimhealthyu.com":[1],"aimia.com":[1],"aimini.net":[12],"aimjunkies.com":[1,12,3],"aimlanguagelearning.com":[1,12],"aimoo.com":[1,12,3],"aimp.ru":[1,12,5],"aims.edu":[1,12],"aimsitalia.com":[1,12],"aimsparking.com":[1],"aimsurplus.com":[9,12],"aimswebplus.com":[1,12],"aimtec.io":[3,3],"aimvicenza.it":[1],"aimware.net":[1,3],"aimyourway.com":[1],"ain.fr":[1,12],"aines.net":[12],"ainsight.com":[1],"ainsworths.com":[1,12,4],"aiobot.com":[1,9],"aioinissaydowa.co.jp":[1,2],"aioncataclysm.ru":[12],"aionet.ir":[1,3],"aionfreetoplay.com":[1,12,3],"aionlegend.im":[12],"aionline.edu":[12],"aiononline.com":[1,3,9],"aiop-response.com":[1],"aiopeliteclub.info":[1],"aiosearch.com":[12],"aip-fonctionpublique.fr":[1,12],"aip.org":[12],"aiphone.com":[1,12],"aiphone.fr":[1],"aipla.org":[1,12],"aipm.com.au":[1,12],"aipo.com":[1],"aipp.com.au":[1,12],"aipso.com":[1],"aipsurveys.com":[12],"air-austral-capricorne.com":[1,9],"air-austral.com":[11],"air-indemnite.com":[1,12],"air-lomb.com":[1,12,9],"air-watch.com":[1,5],"air.bg":[1,11],"air.gov.au":[12],"air.io":[1,12],"air1.com":[1,3],"air2data.com":[1],"airagestore.com":[9],"airalgerie.dz":[1,12,11],"airarabia.com":[1,11],"airasia.com":[12],"airasiabig.com":[12],"airasiago.com":[11],"airasiago.com.my":[11],"airast.org":[12],"airastana.com":[1,12,11],"airav.cc":[1,3],"airbaltic.com":[12,11],"airbank.cz":[1,2],"airberlin-inso.de":[1],"airberlin.com":[1],"airberlin.de":[1,11],"airbit.com":[9],"airbites.net.ua":[1],"airblue.com":[1,12,11],"airbnb.ae":[1,11],"airbnb.at":[1,11],"airbnb.be":[1,11],"airbnb.ca":[1,11],"airbnb.cat":[1,11],"airbnb.ch":[1,11],"airbnb.cl":[1,11],"airbnb.co.in":[1,11],"airbnb.co.kr":[1,11],"airbnb.co.nz":[1,11],"airbnb.co.uk":[1,12,11],"airbnb.com":[1,11],"airbnb.com.ar":[1,11],"airbnb.com.au":[1,11],"airbnb.com.br":[1,11],"airbnb.com.co":[1,11],"airbnb.com.hk":[1,11],"airbnb.com.mt":[1,11],"airbnb.com.sg":[1,11],"airbnb.com.tr":[1,11]}