{"ebook.de":[9],"ebook.edu.vn":[1,12],"ebook.nl":[12,3],"ebookbay.co":[12],"ebookbay.net":[12,3],"ebookbay.to":[12,3],"ebookbrowse.com":[12],"ebookbrowsee.net":[1,12],"ebookdaily.com":[1,3,9],"ebookdz.com":[10],"ebookeater.cz":[1,12,9],"ebookee.org":[1,12,3],"ebookers.at":[11],"ebookers.be":[11],"ebookers.ch":[11],"ebookers.com":[11],"ebookers.de":[11],"ebookers.fi":[11],"ebookers.fr":[11],"ebookers.ie":[11],"ebookers.nl":[11],"ebookfling.com":[12],"ebookforum.sk":[1,12,10],"ebookgigs.pl":[9],"ebookhounds.com":[1],"ebookjapan.jp":[3],"ebookjunkie.com":[1,12,3],"ebooklogin.com":[1],"ebookmall.com":[1,9],"ebookoff.co.jp":[3,9],"ebookpoint.pl":[1,12,3],"ebookrenta.com":[1,3],"ebooks-gratuit.com":[12],"ebooks-shares.org":[1,12,10],"ebooks.com":[3,9],"ebooks.wtf":[1],"ebooksampleoup.com":[1,12],"ebookservice.net":[1,12,3],"ebookseuphoria.com":[1],"ebooksmedical.com":[12],"ebookvortex.com":[12],"ebookz.hu":[12,5],"eboutic.ch":[1,9],"ebox.ca":[1],"ebox.co.il":[1],"ebp.com":[1],"ebpcloud.com":[12],"ebpp.at":[1],"ebpromotions.com":[1],"ebrap.org":[1,12],"ebrary.com":[1,12],"ebrd.com":[1,12],"ebrdjobs.com":[1,12],"ebridge.com":[1],"ebrokerhouse.com":[1],"ebrosia.de":[12,9],"ebs.co.kr":[1],"ebs.in":[1],"ebsco.com":[1,12],"ebscohost.com":[1,12],"ebscomags.com":[1,12,3],"ebsconet.com":[1],"ebse.co.kr":[1,12],"ebsglobal.net":[12],"ebsi.co.kr":[12],"ebtedge.com":[1],"ebth.com":[1,9],"ebu.ch":[1,12],"ebu.co.uk":[1,12,3],"ebucks.com":[1,9],"ebuddy.com":[10],"ebuero.de":[1],"ebug-europe.com":[12],"ebuilder.se":[1,12],"eburgess.com":[1,9],"ebury.com":[1],"ebus.ca":[12],"ebusy.de":[1,3],"ebux.cz":[1,12,9],"ebuyclub.com":[1,9],"ebuyer.com":[9],"ebuyusa.com":[1,9],"ebuzzing.fr":[1],"ebw.gr":[9],"ebyline.com":[1],"ebz.io":[1],"ec-cube.net":[1,12],"ec-current.com":[1,9],"ec-lille.fr":[12],"ec-lyon.fr":[1,12],"ec-nantes.fr":[1,12],"ec-sites.jp":[12],"ec21.com":[1,9],"eca-assurances.com":[1,2],"eca.ir":[1,12,9],"ecacolleges.com":[12],"ecademy.com":[1],"ecalc.ch":[1,12],"ecalculos.com.br":[1,12]}