{"domaininfo.com":[1,5],"domaining.com":[1,5],"domainiq.com":[1,5],"domainit.com":[12],"domainking.jp":[1,5],"domainlocalhost.com":[12],"domainmonger.com":[1,5],"domainmonster.com":[1],"domainname.de":[12],"domainname.edu.au":[1,5],"domainnamesales.com":[1,5],"domainnameshop.com":[1,5],"domainpanel.com":[1,5],"domainpeople.com":[1,5],"domainregistration.com.au":[1,5],"domains.co.za":[1,5],"domains.lk":[12],"domains4less.co.nz":[12],"domainsatcost.ca":[1,5],"domainsbyproxy.com":[5],"domainsite.com":[12],"domainspricedright.com":[12],"domainssaubillig.de":[12],"domaintechnik.at":[1,5],"domainthenet.com":[1,5],"domaintools.com":[12],"domainz.net.nz":[1,5],"domclick.ru":[1,2],"domcop.com":[1,5],"domcura.de":[1],"dome9.com":[1],"domea.dk":[1,12],"domeggook.com":[9],"domeinenrz.nl":[1,12,5],"domena.cz":[1,5],"domena.pl":[1,5],"domenca.com":[1,5],"domene.shop":[1,5],"domeneshop.no":[1,5],"domeny.pl":[1,5],"domeshoppingzone.com":[9],"domesticalegal.com.br":[1],"domesticandgeneral.com":[1],"domesticrcs.com":[9],"domesticsale.com":[1],"domestika.org":[1,12],"domestiko.com":[1],"domi.com":[12],"domiciliationbancaire.fr":[1],"domicilios.com":[1],"domiciliosbogota.com":[1],"domijn.nl":[1,12],"domik.ua":[1,12,9],"dominatorhouse.com":[1],"dominicancupid.com":[10],"dominicks.com":[1,9],"dominioabsoluto.com":[1,12,5],"dominiofaidate.com":[1,5],"dominion.games":[12],"dominiondashboard.com":[12],"dominionenergy.com":[1,12],"dominionenergysolutions.com":[1,12],"dominionmembers.com":[12],"dominionpayroll.net":[1],"dominionsystems.com":[1],"dominiopublico.gov.br":[1,12],"dominios.pt":[1,5],"dominiotemporario.com":[12],"domino.com":[9],"dominoes.com":[1,9],"dominointerim.com":[1],"dominos-pizza.ro":[1,9],"dominos.be":[1,3],"dominos.bg":[1,9],"dominos.ca":[1,9],"dominos.ch":[1],"dominos.co.id":[1,9],"dominos.co.il":[12,3,9],"dominos.co.in":[1],"dominos.co.kr":[12],"dominos.co.nz":[1,9],"dominos.co.uk":[1],"dominos.com":[12],"dominos.com.au":[1,9],"dominos.com.br":[1,9],"dominos.com.cn":[12],"dominos.com.co":[1,3,9],"dominos.com.gt":[1,3,9],"dominos.com.mx":[12],"dominos.com.my":[12],"dominos.com.sg":[12],"dominos.com.tr":[1,9],"dominos.com.tw":[1,3],"dominos.de":[1],"dominos.dk":[1,9],"dominos.fr":[1],"dominos.gr":[1,3,9],"dominos.ie":[1],"dominos.jp":[1]}