{"psittacus-ble.co.uk":[1,12],"psiwaresolution.com":[12],"psjd.org":[1,12,6],"pskiss.com":[1],"psl.com.au":[1,2,12],"pslan.com":[3],"pslsource.com":[1,3],"psm.edu.ve":[12],"psmic.com":[1],"psmtp.com":[1,5],"psn.com":[1,12],"psncenergy.com":[1],"psndealer.com":[12],"psndl.net":[12],"psngamesdf.com.br":[3,7],"psnh.com":[12],"psnprofiles.com":[3],"pso-world.com":[3],"pso2.jp":[1,3,3],"psoe.es":[1,12],"psoklahoma.com":[1,12],"psonlineauktioner.se":[1,9],"psoriasis.org":[1,12,4],"psp-passion.fr":[12],"psp-passion.xyz":[3,3,5],"psp-torrent.com":[12],"psparadise.fr":[1,9],"pspaudioware.net":[12],"pspgen.com":[12,3,5],"pspgunz.org":[12],"pspiso.com":[10],"psppreferredpet.com":[1,9],"psprices.com":[9],"psprint.com":[1],"psprs.com":[1,12],"pspx.ru":[3,9],"psrs-peers.org":[1,12],"psrtutorial.com":[1,12],"pssap.gov.au":[1,2],"pssbilling.com":[1],"pssconline.com":[1,9],"pssl.com":[1,9],"pstattraining.net":[1,12],"pstcc.edu":[12],"psthc.fr":[12,3,3],"psu.ac.th":[12],"psu.edu":[12],"psvitaiso.com":[10],"psvue.com":[1,5,7],"pswebshop.com":[1],"pswebstore.com":[1],"psx-place.com":[1,3,5],"psx-scene.com":[3,3,5],"psxdownloads.us":[3],"psxhax.com":[3,7],"psxrenzukoken.com":[12],"psxtools.de":[3,7],"psy-music.ru":[12,3],"psychcentral.com":[12,4],"psychforums.com":[7,12],"psychiatrictimes.com":[12,4],"psychiatrist.com":[1,12,4],"psychiatry.org":[1,12,4],"psychiatryonline.org":[12,4],"psychicsource.com":[1,3],"psychoactif.org":[12,12],"psychocydd.co.uk":[12,3],"psychologicalscience.org":[12,4],"psychologies.com":[1,12],"psychologues-psychologie.net":[1,12],"psychology.org.au":[12],"psychologytoday.com":[12,4],"psychonaut.com":[10],"psychotherapynetworker.org":[1,12],"psychselect.com":[12],"psyclelondon.com":[1,12],"psyonix.com":[3],"psypec.it":[1,12],"pt-avenue.com":[1,12],"pt-it.de":[1,12],"pt-x.com":[1],"pt.lu":[12],"pt80.net":[1,12,3],"pta-events.co.uk":[1],"pta.org":[12],"ptbus.com":[3,3],"ptc-click-ads.eu":[1],"ptc.com":[1,5],"ptc.edu":[12],"ptc1.net":[1],"ptcas.org":[1,12],"ptcb.org":[1,12],"ptcbank.net":[1],"ptcbox.com":[12],"ptcclickers.tk":[1],"ptcclikz.com":[1,12],"ptcfarm.com":[1],"ptcgo.com":[9],"ptcl.com.pk":[1]}