{"oceaniacruises.com":[1,11],"oceaniahotels.com":[1,11],"oceanic.com":[1,9],"oceanpayment.com":[1,12],"oceanreef.com":[1],"oceanwp.org":[1],"oceg.org":[1,12],"ocers.org":[1,2,12],"ocfcu.org":[1,2],"ocfl.net":[1,12],"ocgov.com":[1,12],"ocharleys.com":[1,3],"ochin.org":[1,12],"ochkarik.ru":[1,9],"ochkov.net":[1,9],"ochsner-sport.ch":[9,3],"ochsner.org":[1,12,4],"ochsnersport.ch":[9,3],"ociane.fr":[1,2],"oclc.org":[12],"oclio.com":[12],"ocln.org":[1,12],"ocloud.de":[1,5],"ocls.ca":[1,12],"ocls.info":[1,12],"ocm.com":[9],"ocnk.net":[1,5],"ocoin.sg":[1,12],"oconnors.com":[1,12],"ocp.fr":[1,12],"ocp.org":[1,12],"ocpinfo.com":[12],"ocpl.org":[1,12],"ocps.net":[12],"ocr.org.uk":[1,12],"ocregister.com":[1,3,7],"ocronline.com":[1,12,5],"ocrsdk.com":[1,5],"ocrwebservice.com":[1,12,5],"ocs.fr":[1,12,3],"ocset.net":[12],"ocsinventory-ng.org":[1,5],"ocsjobs.co.uk":[1,12],"ocster.com":[1],"oct.ca":[12],"octa.net":[1],"octafx.com":[2],"octagoninsurance.co.uk":[1,2],"octalia.org":[12],"octaneai.com":[1],"octaplus.be":[1,12,9],"octgn.net":[1],"octilus.com":[9],"octilus.pt":[9],"octime.com":[1],"octimine.com":[1,12],"octo-firstclass.co.uk":[12],"octo.net":[12],"octobat.com":[1],"octobercms.com":[1,5],"octobersveryown.com":[9],"octobre-editions.com":[1],"octodon.social":[1,12],"octoin.com":[1,2],"octolus.net":[1,5],"octoly.com":[1,12],"octonet.com":[1],"octonia.fr":[1],"octoparse.com":[1,5],"octopart.com":[1,12,9],"octopi.local":[12],"octopus-hr.co.uk":[1,12],"octopus-office.de":[9],"octopus.energy":[1],"octopusdeploy.com":[1,5],"octopusgroup.com.au":[1,12],"octopush.com":[1],"octopusinvestments.com":[1,12],"octorate.com":[1],"octosniff.net":[3,5],"octosuite.com":[1],"octosuitemembers.com":[12],"octotelematics.com":[1],"octotelematics.it":[12],"octousa.com":[1],"ocu.org":[1],"oculosdialog.com":[1],"oculus.com":[1,12],"oculusvr.com":[1,12],"ocusoft.com":[1,12],"ocvc.ac.uk":[12],"ocwen.com":[1],"ocwencustomers.com":[1],"ocz.com":[1,5],"od.ua":[12],"odalys-vacances.com":[1,11],"odb-sa.com":[1,12],"odb.org":[7,12,12],"odcr.com":[3]}