{"appiancloud.com":[1],"appicas.org":[12],"appid.com":[1],"appigo.com":[1,5],"appinstitute.com":[1],"appinvasion.com":[1,12,3],"appirits.com":[1,12,5],"appjobber.com":[1],"appjobber.de":[1],"applause.com":[1],"applausestore.com":[1,3],"applauze.com":[1],"apple-deluxe.cc":[3,12],"apple-ios.ir":[1,12],"apple-nic.com":[1,9],"apple-wellnesscenter.com":[1],"apple.ca":[1,9],"apple.ch":[12],"apple.co.uk":[1,9],"apple.com":[1,5,9],"apple.com.au":[1,9],"apple.de":[1,9],"apple.fr":[1,9],"apple.id":[1],"apple.it":[1,9],"apple.nl":[1,9],"apple.store":[1,9],"apple401k.com":[1,2],"appleamerican.com":[1],"appleassoc.com":[1,12],"applebank.com":[1,2],"applebees.com":[1],"applefcu.org":[1,2],"applefcuonline.org":[5],"applefile.com":[3],"applegate.co.uk":[1,9],"applegreen.ie":[1],"appleid.com":[1],"appleinsider.com":[1,7,9],"applejack.com":[12,9],"applelife.ru":[12,5,10],"appleone.ca":[1],"appleone.com":[1,6],"applerouth.com":[12],"applesfera.com":[1,5,7],"applestore.com":[1,9],"appletreepatients.com":[4],"applevacations.com":[11],"applevalleywaste.com":[1],"appleyardflowers.com":[1,9],"applian.com":[1],"applianceblog.com":[1,12,9],"appliancefactoryparts.com":[1,9],"appliancejunk.com":[1,12,10],"applianceparts365.com":[9],"appliancepartspros.com":[1,9],"appliancesconnection.com":[9],"appliancesdirect.co.uk":[9],"appliancesonline.com.au":[1,9],"appliancespareswarehouse.co.uk":[9],"appliancewhse.com":[1],"appliancezone.com":[1,9],"appliantology.org":[1,12],"applicantcompliance.com":[12],"applicantone.com":[1,5],"applicantpool.com":[1],"applicantpro.com":[1],"applicantstack.com":[1],"applicationmanager.gov":[1,12,5],"applications-online.net":[1,6],"applicationstation.com":[1],"applicationtrack.com":[12],"applied-acoustics.com":[1],"applied.com":[1,9],"appliedbank.com":[1,2],"appliedi.net":[1,5],"appliedsystems.com":[1],"applifb.com":[12],"applift.com":[1],"appliprivee.com":[1,12],"applipub-fft.fr":[12],"appliquecorner.com":[1,9],"appliquemarket.com":[1,9],"applitools.com":[1,12,5],"applitrack.com":[1,12],"apploi.com":[1],"applovin.com":[1],"apployed.nl":[1],"appls.fr.ch":[12],"apply-gov.in":[12],"apply.eu":[1,12],"apply2jobs.com":[12],"apply4law.com":[12],"apply4u.co.uk":[1,6],"applyabroad.org":[12,10],"applyaviator.com":[1,2,11],"applybc.ca":[1,12],"applycaniaccareers.com":[1,12],"applyconnect.com":[1]}