{"caves-explorer.com":[1,12,5],"caviar.com":[1,9],"cavirtex.com":[1,12],"cavissima.com":[12,1,9],"cavp.fr":[1,12],"cavusvinifera.com":[12,1,12],"cawebprod.com":[12],"cawineclub.com":[12],"cax.com":[3,5],"caxtonfx.com":[1,2],"caxtonfxcard.com":[1,9],"cayan.com":[1],"cayenne-mydevices.com":[1,5],"caymanairways.com":[1,11],"caymannational.com":[1,12],"cazabox.com":[1,9],"cazana.com":[12],"cazoomi.com":[1],"cazt.com":[3],"cazzoclub.com":[12,3],"cb-asahi.co.jp":[1,9],"cb-sisco.com":[1],"cb2.com":[1,9],"cba.com.au":[1,2],"cba.fr":[1,12],"cba.gov.ar":[1,12],"cba.org":[1,12],"cba.pl":[1,5],"cbaapps.org":[1,12],"cbachilleres.edu.mx":[12],"cbainfo.fr":[1],"cbanque.com":[1,2],"cbb.dk":[1,5],"cbbank.com":[1,2],"cbc.ca":[1,3,7],"cbcfcu.org":[1,2],"cbcmusic.ca":[12,3,3],"cbco.org":[1,12,4],"cbcorporate.com":[1,9],"cbcsclientaccess.com":[12],"cbcscomics.com":[1,12,3],"cbd.ae":[1,2],"cbdbrothers.com":[1,9],"cbdcollege.edu.au":[1,12],"cbdriver.com":[1,6],"cbe.ab.ca":[12],"cbengine.com":[1,9],"cbeyond.com":[1],"cbeyondonline.net":[1,5],"cbfsms.com":[1,5],"cbg.ie":[1,9,12],"cbgverzamelingen.nl":[12],"cbh.com.au":[1,12],"cbhs.com.au":[1],"cbi.com":[1],"cbien.com":[1],"cbilling.net":[1,5],"cbinsights.com":[1],"cbiusa.com":[1,9],"cbiz.com":[1,12],"cbizems.com":[12],"cbizesc.com":[1],"cblc.com.br":[12],"cbm25.fr":[1,12],"cbn.com":[1,12,12],"cbnews.fr":[1,12],"cboe.com":[1],"cbomc.com":[1],"cbonds.com":[1,2,3],"cbonline.co.uk":[1,2],"cbooking.de":[12],"cbord.com":[1,12],"cbox.ws":[1],"cboxera.com":[1,5],"cbp-solutions.fr":[12],"cbp.gov":[1,12],"cbpassiveincome.com":[1],"cbproads.com":[1,5],"cbq.com.qa":[1,2],"cbq.qa":[1,2],"cbrands.com":[1],"cbre.com":[1],"cbre.eu":[1],"cbre.us":[1],"cbrebenefitconnect.com":[1],"cbredealflow.com":[1,9],"cbresumehero.com":[1,6],"cbs.com":[3],"cbs.dk":[1,12],"cbs.nl":[1,12,7],"cbsandyou.com":[12],"cbscollegestore.com":[12],"cbsd.org":[1,12],"cbservices.org":[1,12],"cbslocal.com":[3,7],"cbsnews.com":[7],"cbssports.com":[3],"cbsstore.com":[3,9],"cbsstudents.dk":[1,12,3]}