{"windowsitpro.com":[1,5],"windowslive.com":[1],"windowsmania.pl":[5,10],"windowssecrets.com":[1,5],"windowsunited.de":[1,5],"windriver.com":[1,12],"winds-up.com":[1,12,7],"windscribe.com":[1,5],"windsor-telecom.co.uk":[1],"windsorstore.com":[9],"windsorvineyards.com":[12,9],"windstar.com":[1,12],"windstarcruises.com":[1,11],"windstream.com":[1],"windstream.net":[1,3,7],"windstreambusiness.net":[1,12,7],"windstreamhosting.biz":[1,5],"windstreamhosting.com":[1,5],"windstreamonline.com":[1],"windy.com":[12,7],"windycitynovelties.com":[9],"windytv.com":[12,3,7],"windyvidz.com":[1,3],"wine-in-black.de":[12,9],"wine-in-black.fr":[12,9],"wine-searcher.com":[12],"wine.com":[12,1],"wine.com.br":[12,9],"wineaccess.com":[12,9],"wineadvisor.com":[12,1,12],"winealign.com":[12],"wineandco.com":[12,9],"wineanddesign.com":[1],"wineawesomeness.com":[12,9],"winebid.com":[12,9],"winebusiness.com":[12,1,12],"winecentral.co.nz":[12,9],"winechateau.com":[12,9],"winecompanion.com.au":[12,12],"winecoolerdirect.com":[12,9],"winecountrygiftbaskets.com":[12,9],"winedecider.com":[12,9],"winedirect.co.uk":[12],"wineenthusiast.com":[12,9],"wineexpress.com":[12,9],"winefamly.com":[12,1,9],"winefront.com.au":[12,9],"winehouse.com":[12,9],"winehq.org":[1,12,5],"wineinblack.nl":[12,9],"wineinsiders.com":[12,9],"wineissocial.com":[12,1,12],"winelibrary.com":[12,9],"winemag.com":[12],"winemarket.com.au":[12,9],"winemarketjournal.com":[1,12],"wineofthemonthclub.com":[12,9],"wineowine.com":[12,1],"winepeople.com.au":[12,9],"wineselectors.com.au":[12,9],"wineshopper.com":[12,9],"winesociety.com.au":[12,9],"winespectator.com":[12,12,9],"winestar.com.au":[12,9],"wineveryhour.ca":[9],"wineweb.com":[12],"winex.com":[12,9],"winflexweb.com":[1,5],"winfuture-forum.de":[12,5,10],"winfuture.de":[5],"winga.it":[3,3],"wingamestore.com":[3,3,9],"wingatehotels.com":[1,12,9],"wingclips.com":[1,12,3],"wingfinder.com":[1,12],"wingly.io":[1,11],"wingo.ch":[1],"wingontravel.com":[11],"wings.ai":[1],"wingsfinancial.com":[1,2],"wingsforlifeworldrun.com":[1,12],"wingsnw.com":[1,12],"wingstop.com":[1,3],"wingstuff.com":[9],"wingz.me":[1],"wingzone.com":[3],"winhost.com":[1,5],"wink.be":[1,3],"wink.com":[1,9],"winkapp.com":[1,9],"winkas.net":[12],"winkbingo.com":[3,3],"winkdigital.com":[1,9],"winkflash.com":[1,9],"winkingskull.com":[12],"winkler.de":[1,9],"winklerschulbedarf.com":[12,9],"winkslots.com":[3,3],"winlink.org":[1,12]}