{"bookanad.com":[1,12],"bookandgolf.com":[1,9,3],"bookandplay.de":[1],"bookapark.com":[1],"bookashowing.com":[1],"bookatable.com":[1,12,11],"bookbaby.com":[1,9],"bookbeat.com":[1,12],"bookboon.com":[1,12],"bookbub.com":[1,12],"bookbyte.com":[12],"bookchoice.com":[12],"bookcloseouts.com":[1,9],"bookcrossing.com":[1,12],"bookdaily.com":[12,3],"bookdepository.co.uk":[3,9],"bookdepository.com":[3,9],"bookeasy.com.au":[1],"bookedin.com":[1],"bookedscheduler.com":[1,5],"bookeen.com":[1,12],"bookeenstore.com":[12,3,9],"bookemon.com":[1,12,3],"bookenda.com":[1],"bookeo.com":[1],"booker.co.uk":[1],"booker.com":[1],"bookf1.com":[1,11],"bookfactory.ch":[1,12],"bookfoto.com":[1],"bookfresh.com":[1],"bookfunlife.com":[1,12],"bookfunnel.com":[1,12],"bookfuntime.com":[1,12],"bookgoodlook.at":[1,9],"bookholders.com":[1],"bookhus.dk":[1],"booki.sh":[12],"bookiemarket.com":[1],"bookifyapp.com":[1],"booking-system.net":[1],"booking.com":[11],"booking.it":[11],"bookingagentinfo.com":[1,3],"bookingbuddy.com":[1,9,11],"bookingbug.com":[1],"bookings.com":[11],"bookings.org":[11],"bookings4hair.com":[12],"bookingshow.it":[1,12,3],"bookingsync.com":[1],"bookit.com":[11],"bookitit.com":[1],"bookitlive.net":[1],"bookitzone.com":[1,12,3],"bookkeepers.org.uk":[12],"bookking.ca":[1],"bookland.com":[1,3,9],"booklending.com":[1,3],"booklife.com":[1,12],"booklikeaboss.com":[1],"booklikes.com":[1,12],"bookline.hu":[12,3,9],"booklinker.net":[1,12,9],"booklive.jp":[1,12,3],"booklog.jp":[12,3],"booklooker.de":[1,12,9],"bookmaker.com.au":[1,3],"bookmaker.eu":[5],"bookmanager.com":[1],"bookmap.com":[1],"bookmark4you.com":[1,12],"bookmarkee.com":[1],"bookmarkninja.com":[1],"bookmarkos.com":[1,5],"bookmatch.nl":[12,9],"bookmate.com":[1,12],"bookmax.net":[1],"bookme.co.nz":[1,3],"bookme.fr":[1,12,3],"bookme.name":[12],"bookmeetingroom.com":[1],"bookmeter.com":[1,12,3],"bookmob.ca":[1,12,9],"bookmooch.com":[1],"bookmovement.com":[1,3,9],"bookmoving.com":[12],"bookmyadmission.com.au":[1,12],"bookmyname.com":[12],"bookmyoffer.com":[12],"bookmyshow.com":[1,3],"booknet.co.il":[9],"booknlife.com":[1,9],"booknode.com":[1,12,3],"booko.com.au":[1,9],"bookoa.com":[12],"bookoffonline.co.jp":[12,3],"bookofmatches.com":[10],"bookofsex.com":[10]}