{"signatureflight.com":[1,12],"signaturehardware.com":[1,9],"signaturemgmgrand.com":[1],"signatureny.com":[1,2],"signaturescatalog.com":[9],"signaturestyle.com":[1,3,9],"signaturesurveys.com":[1],"signaturetheatre.org":[1,12],"signaturetravelnetwork.com":[1],"signavatar.com":[1,5],"signavio.com":[1],"signazon.com":[1,9],"signelements.com":[1,10],"signet.net.au":[9],"signetjobs.co.uk":[1],"signicat.com":[1],"signify.net":[12],"signifyd.com":[1],"signingorder.com":[12],"signingsavvy.com":[12,4],"signingtrac.com":[1],"signix.net":[1],"signmein.co.za":[1],"signmeup.com":[1],"signmyloan.com":[1,12],"signnow.com":[1],"signomatic.co.uk":[1,12],"signonsandiego.com":[1,12,7],"signonservice.com":[1,5],"signpost.com":[1],"signrequest.com":[12],"signs.com":[1,9],"signs101.com":[1,12,10],"signs365.com":[1],"signsonthecheap.com":[1,9],"signup.com":[1,12],"signup4.net":[1],"signupanywhere.com":[1,5],"signupgenius.com":[1,12],"signupmachine.com":[1],"signus.fr":[1,12],"signwarehouse.com":[1,9],"sigsauer.com":[12],"sigsiu.net":[1,5],"sigstr.com":[1],"sigtalk.com":[12],"sigtunahem.se":[1,12],"sih.net":[1,4],"sihogar.com":[9],"sii.cl":[1,12],"sii.fr":[12],"siia.net":[1,12],"sika.com":[1,12],"sikayetvar.com":[10,3],"siksilk.com":[9],"sil.at":[1,5],"silabg.com":[1,9],"silabs.com":[1,5],"silagames.com":[1,3],"silamp.it":[9],"silber-corner.de":[12,9],"silbersaiten.de":[1],"silca.biz":[1,5],"silencerco.com":[1,9,12],"silencershop.com":[9],"silentauctionpro.com":[1],"silentcircle.com":[1,5],"silentground.org":[12],"silenthunteronline.com":[1],"silentpassenger.com":[1],"silentsolutions.com":[1],"silex-france.com":[1],"silexfrance.fr":[1,9],"silhouette-ac.com":[1,12],"silhouette.com":[1,12],"silhouetteamerica.com":[1,9],"silhouettedesignstore.com":[9],"silhouetteonlinestore.com":[12,9],"silhouetteu.com":[1],"silicomp.fr":[12],"silicon-power.com":[1,12],"silicon.de":[1,5],"silicon.fr":[1,5],"siliconchip.com.au":[1,12,9],"silicondust.com":[1,5],"siliconexpert.com":[1],"siliconinvestor.com":[3,7],"siliconmilkroundabout.com":[1,6],"silk.co":[1,12],"silk.com":[1,3,9],"silkair.com":[12],"silkes-weinkeller.de":[12,9],"silkfred.com":[9],"silkies.com":[12,9],"silknet.com":[1,9],"silkroad-europe.com":[1,3],"silkroad.com":[1],"silkroad4arab.com":[10],"silkstart.com":[1]}