{"georezo.net":[1,12,5],"georg.at":[1,5],"georgebanco.com":[1,2],"georgebrown.ca":[12],"georgefox.edu":[12],"georgerichards.ca":[9],"georgestreetphoto.com":[1],"georgetown.edu":[12],"georgetown.org":[1,12],"georgetowncupcake.com":[1],"georgia-families.com":[1,12],"georgia.gov":[1,12],"georgia.jp":[1],"georgiaaquarium.org":[1,12],"georgiadogs.com":[3],"georgiamls.com":[1],"georgianc.on.ca":[12],"georgiancollege.ca":[12],"georgiaoas.org":[12],"georgiapower.com":[1,12],"georgiapowermarketplace.com":[1,9],"georgiapowerrebates.com":[12],"georgiasouthern.edu":[12],"georgiasown.org":[1,2],"georgiaunitedcu.org":[1,2],"georgjensen.com":[12],"geos2.de":[12],"geosalliance.net":[12],"geoscienceworld.org":[12],"geosociety.org":[12],"geosoft.com":[1],"geostore.com":[1],"geotab.com":[1],"geotagphotos.net":[1,10],"geotmsweb.com":[12],"geotraceur.fr":[1,9],"geotrust.com":[1,5],"geovelo.fr":[1,9],"geovisite.com":[1],"geoweb.it":[1,12,5],"geox.com":[9],"gep.com":[1],"gepa-shop.de":[1,3,9],"gepigeny.hu":[1,12,3],"gepime.com":[10],"gepower.com":[1,12],"gepruftertrader.com":[1,2],"gerafuturo.com.br":[1,2],"geralforum.com":[12,5,9],"gerancecenter.com":[1,2],"gerantdesarl.com":[1],"gerardcosmetics.com":[1,9],"gerarddarel.com":[9],"geraspora.de":[1],"gerber.com":[1,12],"gerbergear.com":[1,9],"gerberlife.com":[1,2],"gerbes.com":[1,9],"gerc.ua":[1],"gercop-extranet.com":[12],"gerdau.com":[1,12],"gerdoo.net":[1,12,5],"gereedschapcentrum.nl":[9],"gerenciagram.com.br":[1],"gerencianet.com.br":[1],"gerep.fr":[1,2],"gerer-mon-association.fr":[1,5],"gerermescomptes.com":[1],"gererseul.com":[1],"geriatricscareonline.org":[1,12],"gerifilmai.net":[1,3],"gerinter.fr":[1],"gerlinger.de":[9],"germ.io":[1,5],"german-dream-nails.com":[1,9],"germanamerican.com":[1,2],"germandayz.de":[12],"germandeli.co.uk":[1,3,9],"germandeli.com":[9],"germanflavours.de":[12,1,9],"germangoogirls.com":[12],"germanhotspot.de":[1],"germaniaconnect.com":[1],"germaniainsurance.com":[1,2],"germanpod101.com":[1,12],"germanptc.com":[1],"germanscooterforum.de":[1,12],"germanshepherds.com":[12],"germanwings.com":[11],"germany.ru":[1,12,9],"germinance.com":[1,3],"geronimostilton.com":[12],"gerryweber.com":[9],"gersang.co.kr":[12],"gerstaecker.de":[1,9],"gerth.de":[1,12,3],"gertrudehawkchocolates.com":[1,9],"geru.com.br":[1,2],"ges.com":[1]}