{"nfhslearn.com":[1,12],"nfhsnetwork.com":[1,12,3],"nfib.com":[1],"nfib.org":[1,12],"nfinitygames.com":[12],"nfionline.co.uk":[12],"nfipservices.com":[1,2],"nfkino.no":[12],"nfl.com":[3],"nfl.net":[12],"nfl2go.com":[12],"nflgamepass.com":[3],"nflic.com":[1],"nflpickwatch.com":[3],"nflrush.com":[3,7,3],"nflshop.com":[9,3],"nfluk.com":[3],"nfm.com":[9],"nfmature.com":[10],"nfo-underground.xxx":[12],"nfohump.com":[3,12],"nfon.com":[1],"nfon.net":[1],"nfoservers.com":[1,5],"nfp.com":[1],"nfpa.org":[1,12],"nfrance.com":[1,5],"nfscars.net":[1,3],"nfshost.com":[1,12,5],"nfsmi.org":[1,12,4],"nfwi-records.org.uk":[12],"nfz.gov.pl":[1,12,4],"ng-gaming.net":[12],"ng4you.com":[1],"nga.gov":[1,12],"nga.mil":[1,12],"nga.net.au":[1],"nga.org.uk":[1,12],"ngacn.cc":[12,3,3],"ngagelive.com":[1],"ngahdocuments.com":[12],"ngahr.com":[1],"ngahrhosting.com":[1],"ngande.com":[1],"nganluong.vn":[1],"ngb.to":[12,10],"ngcareers.com":[1,6],"ngccoin.com":[1],"nge-nantes.fr":[1],"ngemc.com":[1,12],"ngemu.com":[10],"ngf-golf.com":[1,12],"ngfcu.us":[1,2],"ngfkaart.nl":[12],"nghs.com":[1,12,4],"ngi.it":[1],"ngic.com":[1,2],"ngin.com":[1,5],"nginx.com":[1,5],"nginx.org":[12],"nglantz.com":[1,9],"nglcc.org":[1,12],"ngoabuyersclub.com":[1,12],"ngoaingu24h.vn":[1,12],"ngoalongvn.us":[1,12],"ngocrongonline.com":[1,3,5],"ngpvan.com":[1],"ngrok.cc":[1,5],"ngrok.com":[1,5],"ngrok.io":[1,5],"ngs-american.com":[1],"ngs.ru":[1,12,3],"ngsgenealogy.org":[1,12],"ngsmedicare.com":[1,12],"nguyenkim.com":[1,9],"ngv.nl":[1,12,3],"ngwebsolutions.com":[1,12],"ngz-server.de":[1,5,9],"ngz.net":[1,5],"nh-hoteles.es":[1,11],"nh-hotels.com":[11],"nh-hotels.de":[1,11],"nh-hotels.fr":[1,11],"nh-hotels.it":[1,11],"nh-hotels.nl":[1,11],"nh.gov":[1,12],"nh.us":[12],"nha.eu":[12],"nhaban.com":[8],"nhaccuatui.com":[3,3],"nhachot.info":[3],"nhanhoa.com":[1,5],"nhanow.com":[1,12],"nhaschools.com":[12],"nhatnhiba.com":[3,3],"nhatrangclub.vn":[1,12,10],"nhattao.com":[1,5,9],"nhbc.co.uk":[1],"nhbs.com":[12,9]}