{"abecu.org":[1,2],"abeka.com":[12],"abekaacademy.org":[12],"abelandcole.co.uk":[3],"abelcine.com":[1,12],"abelhas.pt":[12],"abelliogreateranglia.co.uk":[1,11],"abelsoft.de":[1,5],"abelssoft.de":[1,5],"abelssoft.net":[1,5],"abem.org":[1,12],"abendblatt.de":[1,12,7],"abenity.com":[1],"abenson.com.ph":[1,9],"aber.ac.uk":[12],"abercrombie.ca":[9],"abercrombie.co.uk":[9],"abercrombie.com":[9],"abercrombiekent.com":[1,11],"abercrombiekids.com":[9],"aberdeen.com":[1],"aberdeencity.gov.uk":[1,12],"abertay.ac.uk":[12],"abesmarket.com":[1,3,9],"abesofmaine.com":[9],"abestweb.com":[1,5],"abfas.org":[1,12],"abffreight.jobs":[1,6],"abfs.com":[1],"abgpension.com":[1,12],"abgrm.com":[1,12],"abhibus.com":[1],"abi.org":[1,12],"abiaparking.com":[1],"abihome.de":[1,12],"abila.com":[1],"abildskou.dk":[1,12],"abileneteachersfcu.org":[1,2],"abilitybattery.com":[1,12],"abim.org":[1,12],"abime.net":[3,3],"abimm.com":[12],"abine.com":[1],"abintegro.com":[1,12],"abiresearch.com":[1,5],"abitab.com.uy":[1,9],"abitsmarter.com":[12],"abitsmarter.xyz":[12],"abiturloesung.de":[1,12],"abiunity.de":[12],"abix.fr":[1,5,9],"abjjad.com":[1,12,3],"abk.se":[1,12],"abkingdom.com":[1],"able-group.de":[1],"able-labels.co.uk":[1],"able2know.org":[12],"ableammo.com":[12],"ablenetinc.com":[1,12],"ablesen.de":[1,12],"ableton.com":[1,12],"ablewise.com":[1,12,9],"abload.de":[1,12,10],"ablongman.com":[12],"abm.com":[1],"abmarketing.com":[1],"abmoteurs.fr":[1,3],"abmp.com":[1],"abms.org":[1,12],"abnamro.nl":[1],"abnamropensioenen.nl":[1],"abnbfcu.org":[1,2],"abnehmen-mit-genuss.de":[1,12],"abnehmen.com":[1,12,4],"abnkorea.co.kr":[1,9],"abnormal.ws":[12],"abntcatalogo.com.br":[1],"abnzb.com":[1,12],"abo-antrag.de":[12],"abo-kiste.com":[12],"abo-online.fr":[1,9],"abo.fi":[12],"abo24.de":[1,3,9],"aboalarm.de":[1,5],"abof.com":[9],"abog.org":[1,12],"abok.ru":[1,12],"abola.pt":[3],"abondance.com":[1,12,5],"abonline.pl":[1],"abonne-imateleassistance.fr":[1],"abonnement-xbox-live.com":[3],"abonnements-gfa.com":[1],"abonnementservice.dk":[1],"abook-club.ru":[1,12,3],"abook.ws":[1],"abop.org":[1,12],"abopressemag.fr":[1,9],"abor.com":[1,12]}