{"porkbun.com":[1,5],"porn-w.org":[12,3],"porn.com":[12],"porn5.com":[12],"pornaccess.com":[12],"pornapp.com":[12,1],"pornbay.org":[12],"pornbb.org":[12],"pornbits.net":[1,5],"pornburst.xxx":[12],"porndig.club":[12],"porndig.com":[12],"porndoe.com":[12],"porndoepremium.com":[12],"porneq.com":[12],"pornerbros.com":[12],"pornervidz.com":[12],"porneverest.com":[12],"pornfay.com":[12],"pornfidelity.com":[12,3,3],"pornfile.cz":[12,1],"pornfun.com":[12],"porngames.adult":[12],"porngantic.com":[12],"pornhd.com":[12],"pornhub.com":[12],"pornhubcasino.com":[3,3],"pornhublive.com":[12],"pornhublive.net":[12],"pornhubpremium.com":[12],"pornicate.com":[12],"pornicom.com":[12],"pornktube.com":[12],"pornleech.com":[3,12],"pornmaki.com":[12],"pornmastermind.com":[12],"pornme.com":[12,1],"pornme.pm":[12,1],"porno.de":[12],"pornograd.net":[12,3],"pornolab.cc":[12],"pornolab.net":[12,10,10],"pornolandia.xxx":[12],"pornorip.net":[12],"pornoserver.eu":[12,1],"pornoslon.ru":[12,3],"pornotube.com":[12],"pornovore.fr":[12],"pornovrai.com":[12],"pornoxo.com":[12],"pornpics.com":[12],"pornpros.com":[12,3],"pornprosnetwork.com":[12,3],"pornsharing.com":[12],"pornsocket.com":[12],"pornstar.com":[12],"pornstarnetwork.com":[12],"pornstarplatinum.com":[12],"pornstarsyfamosas.es":[1,12,3],"pornstories.biz":[12],"porntrex.com":[12,3],"porntube.com":[12],"pornturbo.com":[12],"pornturbo.xxx":[12],"pornwhite.com":[12],"pornxs.com":[12],"porqueeuvolto.com":[1,9],"porquetuvuelves.com":[1,9],"porrua.mx":[1,12],"porsche-design.com":[9],"porsche-holding.com":[1],"porsche.com":[12,11,12],"porsche.de":[1,12],"porscheclubgb.com":[1],"porscheinformatik.com":[1],"port-monitor.com":[1,5],"port-orange.org":[1],"port.ac.uk":[12],"port.hu":[3],"port.ro":[3],"portableapps.com":[1,5],"portablenorthpole.com":[1],"portables4gamers.com":[12,3],"portail-autoentrepreneur.fr":[1],"portail-defi.net":[12],"portail-e-soutien.fr":[12],"portail-familles.com":[1],"portail-familles.net":[12],"portail-malin.com":[1],"portail-rh.fr":[12],"portail-vie-etudiante.fr":[12],"portailce.com":[12],"portaildusat.com":[1,12,3],"portailgodf.net":[1,5],"portailpro.fr":[1],"portainer.io":[1,5],"portal-habbos.com":[1,3],"portal-interactiv.com":[12],"portal.at":[12]}