{"fastformat.co":[1,12],"fastforwardacademy.com":[1,12],"fastforwardgaming.net":[1],"fastgames.com.br":[3],"fastgoodcuisine.com":[3],"fastgraphs.com":[1,2,12],"fastgraphs.net":[1,2,12],"fastgsm.com":[5],"fasthockey.com":[1],"fasthosts.co.uk":[1,5],"fasthr.net":[1,12],"fasthr.us":[1,12],"fastit.net":[1],"fastjobs.sg":[1,5,6],"fastkeys.co.uk":[1,9],"fastlec.co.uk":[9],"fastlife.com":[12],"fastline.com":[1,9],"fastlistmailer.com":[1],"fastly.com":[1],"fastmac.com":[1,9],"fastmag.fr":[1],"fastmail.com":[10],"fastmail.fm":[1],"fastmediaz.com":[1,3],"fastmining.net":[12],"fastmodelsports.com":[1],"fastmoneysurf.biz":[1],"fastname.no":[1,5],"fastnote.com":[12,3,7],"fastnzb.com":[5],"fastpencil.com":[1],"fastpivotsoftware.com":[1],"fastplayz.com":[1],"fastprom.net":[1,5],"fastrackcad.com":[1],"fastrak.com":[1,12,4],"fastrecruiting.net":[1],"fastretailing.com":[1],"fastrobux.net":[12],"fastserbia.com":[12,10],"fastshare.cz":[12],"fastshop.com.br":[9],"fastshoppingcart.com":[1],"fastsigns.com":[1,12],"fastsms.co.uk":[1],"fastspring.com":[1],"fastssh.com":[1,5],"faststore.org":[1,5,10],"faststream.com":[1,6],"faststream.gov.uk":[1,12],"faststrings.com":[12,3],"fastswf.com":[12],"fastt.org":[1,12],"fasttax.com":[1,2],"fasttech.com":[9],"fasttomato.com":[1,12],"fasttrac.org":[1,12],"fasttrack360.com.au":[1,12],"fasttrackauction.net":[1,9],"fasttrackgov.com":[1,12],"fasttracktofatloss.com":[1],"fasttracktomrright.com":[12],"fastupload.ro":[1,5,10],"fastusenet.org":[1,5],"fastvps.ru":[1,5],"fastwaycustomer.com":[1],"fastweb.com":[12],"fastweb.it":[1],"fastwebnet.it":[12],"fat-game.com":[1,3],"fatakat.com":[1,12,9],"fatalhotel.com":[1],"fatbraintoys.com":[9],"fatcow.com":[1,5],"fatergroup.com":[1,12],"fatface.com":[9],"fatflirt.com":[10],"fatfoogoo.com":[1],"fatfreecrm.com":[1,5],"fatherandsons.fr":[9],"fathers.com":[1,12],"fathomhq.com":[1],"fatiadasorte.com.br":[12],"fatjoe.co":[1],"fatlama.com":[1,9],"faton.fr":[1,12],"fatplay.net":[1,3,3],"fatprophets.com":[1,2],"fatprophets.com.au":[1,2],"fatquartershop.com":[1,9],"fatsecret.ca":[1,12,4],"fatsecret.co.uk":[1,12,4],"fatsecret.com":[1,12,4],"fatsecret.com.au":[1,12,4],"fatsecret.com.br":[1,12,4],"fatsecret.de":[1,12,4],"fatsecret.es":[1,12,4],"fatsecret.fr":[1,12,4]}