{"ipsoa.it":[1,12],"ipsoft.com":[1],"ipsonline.net":[1],"ipsos-forum.com":[12],"ipsos-meb.de":[1],"ipsos-na.com":[1,12],"ipsos-space.com":[12],"ipsos.com":[1,12],"ipsos.cz":[1,12],"ipsos.fr":[1,12],"ipsosinteractive.com":[12],"ipsosirc.com":[10,5],"ipsosresearch.com":[1,12],"ipsossrs.com":[12],"ipspace.net":[1,5],"ipstresser.com":[1,5],"ipsw.me":[1,5],"ipswich.gov.uk":[1,12],"ipswitch.com":[1,5],"ipsy.com":[1,3,9],"ipt-update.com":[12],"iptel.org":[1,5],"iptime.org":[12],"iptorrents.com":[12],"iptorrents.eu":[12],"iptorrents.me":[12],"iptorrents.ru":[12],"iptorrents.us":[12],"ipts.com":[1,5],"iptv-epg.com":[1,12],"iptv.community":[1,5,10],"iptv.zone":[12,3],"iptvbuddy.com":[1,5],"iptvforumitalia.net":[10],"iptvonline.ca":[1,5,9],"iptvstreaming.org":[12],"iptvsubs.is":[1,3,3],"iptvtalk.org":[10],"iptvthebest.net":[1],"iptvzeta.com":[5,10],"ipublishcentral.com":[1,12],"ipums.org":[1,12],"ipuservices.com":[12],"ipvanish.com":[1,5,12],"ipve.com":[12],"ipvm.com":[1,5],"ipweb.ru":[1,12,5],"ipwnstore.me":[1,5],"ipx-sys.com":[1,12],"ipyme.org":[1,12],"iq.pl":[1,5],"iqbackoffice.com":[1,5],"iqboxy.com":[1],"iqcu.com":[1,2],"iqelite.com":[3],"iqhealth.com":[1,4],"iqiyi.com":[1,12,3],"iqmetrix.net":[12],"iqms.com":[1,5],"iqnavigator.com":[1],"iqoption.com":[1,2],"iqos.ch":[12],"iqos.de":[12],"iqos.gr":[12],"iqos.it":[12],"iqos.jp":[12],"iqos.ro":[12],"iqosphere.jp":[1,12],"iqqtv.net":[1,12,9],"iqrashop.com":[1,12,9],"iqrez.com":[1],"iqsha.ru":[12],"iqstudentaccommodation.com":[1,12],"iqtell.com":[1],"iqtest.com":[1,12],"iqttesting.com":[5],"iqube.net":[1,12],"iquesta.com":[1,12,6],"iquilt.com":[9],"iquitsugar.com":[1,3],"ir-file.com":[1,5],"ir-tci.org":[1,5],"ir-tube.net":[12],"ir35testing.co.uk":[1],"iracentral.com":[1,2],"iracing.com":[1,3],"iradeo.com":[1,3],"irahelp.com":[1,2,12],"irakyat.com.my":[1,2],"iran-eng.com":[1,12,10],"iran-eng.ir":[1,12,10],"iran-forum.ir":[12,5,10],"iran-tejarat.com":[1,9],"iranair.com":[1,12,11],"iranapps.ir":[1,12],"irancell.ir":[1,5],"irandoc.ac.ir":[12],"iranecar.com":[1,9,12],"iranestekhdam.ir":[1,6]}