{"trashnothing.com":[1,12],"trashtalk.co":[3],"trasportogratis.com":[1,5,9],"traum-ferienwohnungen.de":[1,12,11],"traumflieger.de":[1,12,9],"traumpalast.de":[1,12,3],"travally.com":[12],"travaux.com":[1,9],"travauxlib.com":[1,9],"travbuddy.com":[1,12,11],"travco.co.uk":[1],"travefy.com":[1],"travel-42.com":[1],"travel-buddies.com":[1,11],"travel-free.cz":[12,9],"travel24.com":[1],"travelagentacademy.com":[1,11],"travelagentcafe.com":[1],"travelagentuniversity.com":[1],"travelauctions.com.au":[1,11],"travelbags.nl":[9],"travelbird.be":[1,12,9],"travelbird.de":[1,9],"travelbird.fr":[1,12,9],"travelbird.nl":[1],"travelblog.org":[1,12,3],"travelbook.ph":[11],"travelbrandsagent.com":[1,12,5],"travelcar.com":[1,11],"travelclick.com":[1],"travelclub.es":[1,9],"travelcounsellors.com":[1],"traveldiariesapp.com":[1,12,3],"traveldocs.com":[1,11],"traveldoo.com":[1],"travelers.com":[1,2],"travelersadvantage.com":[12],"travelershaven.com":[1],"travelersjoy.com":[1,9],"travelex.co.uk":[1,9],"travelexinsurance.com":[1],"travelexmoneycard.com":[12],"travelezcard.com":[1,2,9],"travelfish.org":[1,12,11],"travelflex.org":[1,2,12],"travelgirls.com":[10],"travelguard.com":[1],"travelhacking.org":[1,12],"travelhq.com":[12],"travelinc.com":[1],"travelingmailbox.com":[1],"travelinsurance.ca":[1],"travelinsurancedirect.com.au":[1],"travelinsured.com":[1,2],"travelist.pl":[1],"traveljobsearch.com":[1,6],"travellanda.com":[1],"travelleaders.com":[1,11],"travellerspoint.com":[1,12,11],"travellight.com":[1,9],"travelmap.fr":[1,12,11],"travelmap.net":[1,12],"travelmassive.com":[1,3],"travelmeredith.com":[1,12,11],"travelmerry.com":[9,11],"travelmob.com":[1,11],"travelmoneycard.co.uk":[12],"travelmoneyonline.co.uk":[12],"travelocity.ca":[11],"travelocity.com":[11],"traveloco.jp":[1,12,11],"travelodge.co.uk":[11],"travelodge.com":[11],"traveloka.com":[1,11],"travelpass.com":[1],"travelpayouts.com":[1,12],"travelperk.com":[1],"travelplus.com":[1,9],"travelpod.com":[12],"travelpony.com":[1,3,11],"travelport.com":[1],"travelpulse.com":[1,11],"travelrepublic.co.uk":[11],"travelrepublic.ie":[11],"travelsecurity.com":[1,12],"travelserver.net":[1],"travelsim.net.au":[1,12,11],"travelski.com":[1,9,11],"travelsmartrewards.sg":[12],"travelsmith.com":[9],"travelsouthyorkshire.com":[1,12,3],"travelstart.co.za":[1,11],"travelsupermarket.com":[1,11],"traveltalkonline.com":[1,12,11],"traveltip.org":[1,12,11],"traveltis.co.uk":[1,12,11],"traveltriangle.com":[11],"traveluniverse.com.au":[9],"travelup.co.uk":[11]}