{"stylejukebox.com":[1],"stylekorean.com":[9],"stylelife.com":[1,12,3],"stylemepretty.com":[1,9],"stylemined.com":[9],"stylemint.com":[12],"stylemixthemes.com":[1],"stylenanda.com":[1,12],"stylepit.dk":[9],"styleseat.com":[1],"stylesforless.com":[9],"styletread.com.au":[9],"stylewe.com":[9],"stylished.de":[12,1,3],"stylosenligne.com":[1,9],"stylowi.pl":[9],"styrerommet.net":[1],"styrkeprogrammet.se":[1,12],"su.org":[1,12],"su.se":[12],"suafaculdade.com.br":[12],"suagm.edu":[12],"sualize.us":[1],"suamusica.com.br":[1,3],"sub-forms.com":[12],"sub4sub.net":[1,5],"subadictos.net":[3],"subagames.com":[3],"subaru.com":[1,12],"subaru.com.au":[1,12],"subaruambassador.com":[1],"subaruforester.org":[1,3],"subarugenuineparts.com":[9,12],"subarumotorsfinance.com":[1,12],"subarunet.com":[12],"subaruonlineparts.com":[9,12],"subaruoutback.org":[1,3],"subaruxvforum.com":[10,12],"subassistant.com":[1,5],"subastadeocio.es":[1],"subbly.co":[1],"subcentral.de":[3],"subdesu-h.net":[3],"subdivx.com":[3],"subdomain.com":[12],"subeta.net":[1,12,9],"subfactory.fr":[3],"subfinderonline.com":[12],"subhub.com":[1],"subispeed.com":[9],"subisu.net.np":[12],"subito-doc.de":[1,12],"subito.it":[1,9],"subitup.com":[1],"subiz.com":[1],"sublet.com":[8],"sublight.me":[1,3],"sublimetext.com":[1,12,5],"sublimevideo.net":[12],"sublimez-vos-photos.fr":[1],"submanga.com":[3],"submarino.com.br":[9],"submarinoviagens.com.br":[1,9,11],"submenow.com":[1],"submeter.com":[1],"submishmash.com":[12],"submit4jobs.com":[1,6],"submitaplan.com":[1,12],"submithub.com":[12],"submitmagic.net":[1],"submittable.com":[1],"submittalexchange.com":[1],"submityourflicks.com":[12],"subnetting.net":[1,12,5],"subpals.com":[1],"subpass.com":[1,12],"subpop.com":[1,12,3],"subr.edu":[12],"subreg.cz":[1,5],"subreport-elvis.de":[12],"subscene.com":[3],"subscenter.co":[1,5],"subscenter.info":[3],"subscenter.org":[3],"subscribe-hr.com":[1],"subscribe.ru":[1,12],"subscribeme.to":[1],"subscribenet.com":[1],"subscribeomatic.com":[1,12],"subscribeonline.co.uk":[12],"subscriber-service.com":[12],"subscriberconcierge.com":[12],"subscribers.video":[1],"subscribetoday.com.au":[9],"subscription.co.uk":[12],"subscriptionaddiction.com":[9],"subscriptiongenius.com":[1,5],"subscriptionsave.co.uk":[1,12],"subsea7.com":[1]}