{"rewity.com":[12],"rework.jobs":[1],"reworkapps.nl":[1,5],"reww.com":[1,2,12],"rex.com.au":[1,12],"rexall.ca":[12,4,9],"rexbd.net":[1],"rexbo.de":[1,9,12],"rexdownload.com":[12],"rexel.be":[1,12],"rexel.com":[1,12],"rexel.fr":[1,9],"rexel.nl":[1,5,9],"rexelusa.com":[1,9],"rexsoftware.com":[1],"rexx-hr.com":[12],"rexx-server.com":[1],"rexxx.com":[12],"reyanime.com":[7,1,3],"reyes-clothing.fr":[12],"reyesholdings.com":[1,12],"reyhoon.com":[1,3],"reykjavik.is":[1,12],"reynspooner.com":[9],"reyrey.com":[1],"reyrey.net":[12],"rezclick.com":[1],"rezdy.com":[1],"rezeptefinden.de":[1,3],"rezeptschmiede.de":[1,3],"rezeptwelt.de":[3],"rezexpert.com":[1],"rezgo.com":[1],"rezidor.com":[1],"rezli.com":[1],"rezmagic.com":[1],"rezonance.ch":[1,12],"rezora.com":[1],"rezserver.com":[11],"rezservers.com":[1,12],"rezultati.com":[3],"rf-cheats.ru":[12,3,3],"rf-moonlight.com":[12],"rf.gd":[12],"rfactor.net":[1],"rfactorcentral.com":[1],"rfbr.ru":[1,12],"rfcu.com":[1,2],"rfcuny.org":[12],"rfdcc.com":[1,12,3],"rfegolf.es":[1,12,3],"rfgenealogie.com":[1,12],"rfh-koeln.de":[1,12],"rfi.fr":[1,12,7],"rfidjournal.com":[1,12,5],"rfinder.net":[1,5],"rfleadtheway.com":[1,12],"rfp.ca":[1,12],"rfp365.com":[1],"rfparts.com":[1,9],"rfpdb.com":[1,12],"rfu.com":[1,12,3],"rfxweb.nl":[12],"rg-mechanics.org":[3,3,12],"rg-racing.com":[1,9],"rga.com":[1],"rgame.biz":[12],"rgare.com":[1,12],"rgbdirect.co.uk":[9],"rgbstock.com":[3,10],"rge.com":[1,12],"rgfootball.net":[3,3],"rgho.st":[5,10],"rghost.net":[5,10],"rghost.ru":[5,10],"rgis.com":[1],"rgj.com":[1,12,7],"rgpv.ac.in":[1,12],"rgs.org":[12],"rgs.ru":[1,2],"rgu.ac.uk":[12],"rh-solutions.com":[1,12],"rhapsody.com":[1],"rhb.ch":[1],"rhb.com.my":[1,2],"rhbabyandchild.com":[9],"rhbrasil.com.br":[12],"rhbtradesmart.com":[1,2],"rhcloud.com":[1,5],"rhealana.com":[1,12,3],"rheem.com":[1,9],"rhein-main-presse.de":[1,12],"rhein-zeitung.de":[1,12,7],"rheinenergie.com":[1],"rheinforum.com":[1,12],"rheinpfalz.de":[1,12],"rheinpower.de":[1],"rheinwerk-verlag.de":[1,12,5],"rhema.org":[12]}