{"flets.com":[1,12],"fletsnet.com":[12],"fleurancenature.fr":[1,12,9],"fleurets.com":[1],"fleurop.ch":[1,9],"fleurop.de":[1,9],"fleurop.nl":[1,9],"fleursdedragees.com":[1,9],"fleuruspresse.com":[1,12],"fleury.com.br":[1],"fleux.com":[1,9],"flex-plan.com":[1,12],"flexadex.com":[1],"flexapp1003.com":[1],"flexbe.com":[1],"flexbooker.com":[1],"flexbox.io":[1,12],"flexcareers.com.au":[1,6],"flexcom.com":[1],"flexcommute.com":[12],"flexerasoftware.com":[1,5],"flexfits.com":[1,12],"flexgas.de":[1,12],"flexiblebenefits.coop":[1],"flexibleplan.com":[1,2],"flexiblesurvival.com":[1],"flexicar.com.au":[1],"flexicards.co.nz":[1,2],"flexiclub.co.za":[1,12],"flexigrant.com":[1,12],"flexilivre.com":[1,12,3],"flexipurchase.com":[1],"flexiquiz.com":[1,12],"flexirent.com.au":[1],"flexischools.com.au":[1,12],"flexispy.com":[1,5],"flexjobs.com":[1,6],"flexkids.nl":[1,12],"flexkom.com":[1],"flexmail.eu":[1],"flexminder.com":[1],"flexmls.com":[1],"flexmr.net":[1,12],"flexnetoperations.com":[1],"flexoffers.com":[1],"flexpay.se":[1],"flexport.com":[1],"flexportal.nl":[1],"flexradio.com":[1,12],"flexraid.com":[1,5],"flexshopper.com":[9],"flexstrom.de":[1,12,5],"flextel.ltd.uk":[1,5],"flexteller.net":[1],"flextrack.ca":[1],"flextronics.com":[1],"flexvalg.dk":[12],"flexvoetbal.nl":[3,3],"flexwebhosting.nl":[1,12,9],"flexxcoach.com":[1,12],"flexxis.nl":[1],"flexybeauty.com":[1],"flexybox.com":[1],"flhardesthithelp.org":[1,12],"flhealth.gov":[1,12,4],"flheartcenter.com":[1,4],"flhsmv.gov":[1,12],"flibco.com":[3,11],"flibusta.is":[7,12,3],"flibusta.net":[12,3],"flic.io":[1,9],"flica.net":[1],"flickchart.com":[3],"flickelectric.co.nz":[1],"flicker.com":[10],"flickr.com":[10],"flickread.com":[1],"flickrocket.com":[1],"flicks.co.nz":[3],"fliegende-pillen.de":[4,9],"flight-report.com":[11],"flight1.com":[12],"flight1.net":[1,12],"flightaware.com":[1,7],"flightcar.com":[3,11],"flightcircle.com":[12],"flightclub.com":[9],"flightdiary.net":[12],"flightfox.com":[1],"flightglobal.com":[1],"flighthub.com":[11],"flightio.com":[1,11],"flightmemory.com":[1,12],"flightnetwork.com":[11],"flightpark.no":[1],"flightplandatabase.com":[1],"flightradar24.com":[1,12,7],"flightright.de":[1,12,11],"flightrising.com":[1,12,3]}