{"mcdonalds.at":[1],"mcdonalds.ca":[1],"mcdonalds.ch":[1,10],"mcdonalds.co.nz":[1,3],"mcdonalds.co.uk":[1,3],"mcdonalds.com":[1],"mcdonalds.com.au":[1,3],"mcdonalds.com.hk":[1],"mcdonalds.com.ph":[1],"mcdonalds.com.tr":[1],"mcdonalds.de":[1],"mcdonalds.fr":[1],"mcdonalds.it":[1,3],"mcdonegoal.com":[1],"mcdougallbay.com":[1,9],"mcdpromotion.ca":[1],"mce-community.de":[1],"mce.cc":[12],"mcebuddy2x.com":[1,5],"mcent.com":[1],"mcfarlandclinic.com":[1,4],"mcfc.co.uk":[1,3],"mcfeelys.com":[9],"mcfls.org":[1,12],"mcforum.net":[1,12],"mcfoxcraft.com":[1,12,10],"mcga.gov.uk":[1,12],"mcgame.com":[3,3,9],"mcgamer.net":[12,3],"mcgamerzone.com":[1,3,5],"mcgard.com":[1,9],"mcgill.ca":[12],"mcgillhillgroup.com":[1,12],"mcgladrey.com":[1],"mcgraw-hill.com":[12],"mcgrawhill.ca":[1,12],"mcgrawhillfcu.org":[1,2],"mcgregor.nl":[9],"mchcp.org":[1,12],"mchenry.edu":[1,12],"mcheza.co.ke":[3],"mchost.ru":[1,5],"mchsi.com":[3,7],"mci-fan.jp":[1],"mci-group.com":[1],"mci.com":[12],"mci.gov.sa":[1,12],"mci.ir":[1],"mci4me.at":[1,12],"mcjukebox.net":[1],"mckesson.ca":[1],"mckesson.com":[1],"mckhboc.com":[12],"mckinley.com":[1,8],"mckinneyisd.net":[1,12],"mckinneytexas.org":[1,12],"mckinsey.com":[1],"mckinseyacademy.com":[12],"mckinseyquarterly.com":[1],"mckissock.com":[1,12],"mcko.ru":[1,12],"mclaneco.com":[1,12],"mclaren.com":[1,12],"mclarenonair.com":[12],"mclarenstore.com":[9,12],"mclasshome.com":[1],"mcldaz.org":[1,12],"mcle.org":[1,12],"mcleaks.us":[1,5,10],"mcleboard.org":[1,12],"mclennan.edu":[12],"mcleodgaming.com":[1,3],"mclez.com":[12],"mclinc.org":[1,12],"mclink.it":[12],"mcls.gov.ir":[1,12],"mcm-europe.fr":[1,9],"mcmart.org":[12],"mcmaster.ca":[12],"mcmaster.com":[1,9],"mcmcse.com":[1,5],"mcmelectronics.com":[9],"mcmenamins.com":[12,1],"mcmexpostore.com":[1,12,3],"mcmguides.com":[1],"mcmiddleearth.com":[1,12],"mcmillanrunning.com":[1,12],"mcmodgen.com":[1],"mcmurrayhatchery.com":[9],"mcna.net":[1],"mcneese.edu":[12],"mcneilandcompany.com":[1],"mcnichols.com":[1],"mcoecn.org":[1,12],"mcohio.org":[1,12],"mcom-moto.com":[9],"mcommemutuelle.com":[1,2],"mconline.sg":[1,12],"mcorigins.com":[12]}