{"socccd.edu":[1,12],"soccer.com":[9],"soccercorner.com":[9,3],"soccerincollege.com":[1,12,3],"soccerloco.com":[9,3],"soccermanager.com":[1],"soccermaster.com":[9,3],"soccermilfs.com":[12],"socceron.xyz":[1,5],"soccerpark.fr":[1,3,3],"soccerpro.com":[9,3],"soccerpunter.com":[3],"soccers.fr":[3],"soccerstreams.net":[3],"soccertutor.com":[1,12,9],"soccerunitedfancouncil.com":[1],"socedo.com":[1],"socgen.com":[1,12],"sociabble.com":[1],"social-booster.com":[1],"social-care.tv":[1,12],"social-provider.com":[1,12,5],"social-sb.com":[1],"social-searcher.com":[1,12],"social-share.net":[1,12],"social-sponsor.com":[1],"social-trader.co":[12],"socialab.com":[1,12],"socialadr.com":[1],"socialadsurf.com":[1],"socialandloyal.com":[1],"socialanxietysupport.com":[1,12,4],"socialbakers.com":[1],"socialbicycles.com":[1],"socialbizconnect.com":[1],"socialblade.com":[1],"socialbluebook.com":[1],"socialbro.com":[1],"socialcam.com":[1],"socialcar.com":[1],"socialcash.co":[1,12],"socialcashrobot.com":[1],"socialcast.com":[1],"socialchance.net":[12,3,5],"socialchance.ru":[1,3,5],"socialchorus.com":[1],"socialclerks.com":[1,12],"socialclub.com":[12],"socialcompare.com":[1,12,5],"socialdeal.be":[1,11],"socialdeal.de":[1],"socialdeal.nl":[1],"socialdiscountnetwork.co.uk":[9],"socialengine.com":[1],"socialengineered.net":[1,12,5],"socialexplorer.com":[1,12],"socialfabric.us":[1],"socialflight.com":[1,12],"socialflow.com":[1],"socialfolders.me":[1,12,4],"socialfollowers.com":[1],"socialgamenet.com":[1,5],"socialgest.net":[1],"socialgo.com":[1],"socialgrow.io":[1],"socialhammer.com":[1,5],"socialink.ru":[1,12,5],"socialinsider.io":[1],"socialintents.com":[1],"socialite-pro.com":[7],"socialiteszero.com":[9],"socialkickstart.co":[1],"socialkit.ru":[1],"socialland.net":[1],"sociallymap.com":[1],"socialmedia.garden":[1],"socialmediaexaminer.com":[1,12],"socialmediaexplode.com":[12],"socialmedialink.com":[1],"socialmediapro.fr":[1],"socialmediatoday.com":[1],"socialmediaweek.org":[1,12],"socialmonkee.com":[1,5],"socialnature.com":[1,12],"socialoomph.com":[1,5],"socialopinions.com":[1],"socialpanel24.com":[1],"socialparody.com":[12],"socialpilot.co":[1],"socialporn.com":[12,1],"socialprintstudio.com":[1,9],"socialpubli.com":[1],"socialquant.me":[1],"socialquant.net":[1],"socialquantum.com":[3],"socialrank.com":[1],"socialreport.com":[1],"socialrewards.com":[1],"socialschools.nl":[1,12]}