{"gpszone.ro":[12,10],"gpt1.com":[1,3],"gptc.edu":[12],"gptplanet.com":[1,12],"gptw.info":[12],"gptx.org":[1,12],"gpugrid.net":[12],"gpushack.com":[1,9],"gpworldwide.com":[12],"gpx.plus":[1,12,3],"gpxplus.net":[1,12,3],"gpz-opskrba.hr":[1,12],"gpzmedlab.com":[1,9],"gq.com":[3],"gqmagazine.fr":[1,3,7],"gr.jp":[12],"gr8musik.com":[1],"gr8people.com":[1],"gr8plays.com":[1,3,3],"graafschapcollege.nl":[1,12],"graalonline.com":[12],"grab.com":[1],"grab8.com":[1,5],"grabagun.com":[12],"grabaperch.com":[1,5],"grabaseat.co.nz":[1,9,11],"grabcad.com":[1,5],"graberdirect.com":[1,12],"grabify.link":[1,5],"grabo.bg":[1,9],"graboid.com":[1,3],"grabone.co.nz":[1,9],"grabone.ie":[1,9],"graboneescapes.co.nz":[1,9],"grabonestore.co.nz":[1,9],"grabpoints.com":[1,9],"grabr.io":[1,9],"grabthegames.com":[3,9],"grabz.it":[1,12,5],"graceandlace.com":[9],"gracechurch.org":[1,12,12],"gracedigital.com":[1,9],"gracehill.com":[1],"gracehillvision.com":[1,12],"gracenote.com":[1],"gracewaymedia.com":[1,12],"gracieuniversity.com":[1,12],"gracobaby.com":[1,9],"gradally.com":[1,12],"gradapp.com.au":[1,12],"gradconnection.com":[1,12,6],"gradcracker.com":[1,12,6],"grade.us":[1],"gradebeam.com":[1],"gradebuddy.com":[1,12],"gradecam.com":[1,12],"gradeconnect.com":[1,12],"gradegrinder.net":[1,12],"gradelink.com":[1,12],"gradepotential.com":[1,12],"gradeproof.com":[1,12],"gradesaver.com":[12],"gradescope.com":[12],"gradesfirst.com":[1,12],"gradespeed.net":[1,12],"gradestack.com":[1,12],"gradeup.co":[1,12],"gradeview.io":[1],"gradfinale.co.uk":[1,12],"gradguard.com":[1,12],"gradientfinancialgroup.com":[1,12],"gradintel.com":[1,12],"gradireland.com":[1,12,6],"gradjobs.co.uk":[1,6],"gradleaders.com":[1,12,6],"gradphotonetwork.com":[1,12],"gradpoint.com":[12],"gradready.com":[12],"gradschoolmatch.com":[12],"gradtouch.com":[1,6],"graduate-jobs.com":[1,12,6],"graduateconnections.com":[12],"graduateinstitute.ch":[12],"graduateland.com":[1,6],"graduatesfirst.com":[1,12],"gradweb.co.uk":[1],"gradwell.com":[1,5],"gradwellcloud.com":[12],"gradx.net":[1,12],"gradyhealth.org":[1,12,4],"graebel.com":[1],"graeters.com":[1,3,9],"grafana.com":[1,5],"grafana.net":[1,5],"grafbb.com":[1,12,10],"graffitishop.it":[9],"graffletopia.com":[1,5],"grafikart.fr":[12,5],"grafiker.de":[1]}