{"mcpedl.com":[3],"mcpehub.com":[3],"mcpeuniverse.com":[12,3,3],"mcphee.com":[9],"mcphs.edu":[12,4],"mcplace.fr":[1],"mcplayz.com":[1,3,3],"mcpmag.com":[1,5],"mcprohosting.com":[1,5],"mcpsmd.org":[12],"mcpss.com":[1,12],"mcpz.net":[1,12,3],"mcr-symphony.net":[12],"mcra.fr":[12],"mcs.gov.sa":[1,12],"mcsbnhonline.com":[12],"mcschematics.com":[7,1,12],"mcsebi.ru":[12],"mcseboard.de":[5,10],"mcsell.org":[1,3,10],"mcserverlist.net":[12],"mcserverstatus.com":[9],"mcshave.ch":[12],"mcsim.de":[1,5,9],"mcskill.ru":[1,12,3],"mcskins.cz":[1,5],"mcsnet.ca":[1,5],"mcsniper.co":[1],"mcssl.com":[1],"mcstats.org":[12],"mcsvaluations.com":[1],"mcsweeneys.net":[1,12],"mcthai.co.th":[3],"mcthewalls.com":[1,12,3],"mctrades.org":[1,12,10],"mctrek.de":[9],"mctvohio.com":[1],"mctx.org":[1,12],"mcuonline.com":[1,2],"mcvh-vcu.edu":[12],"mcw.edu":[12,4],"mcw.gov.cy":[1,12],"mcxnow.com":[12],"md-hq.com":[1],"md.com":[12],"md.de":[1,5,9],"md.gov":[1,12],"md.us":[12],"mda-electromenager.com":[1,9],"mda-securitesociale.org":[1,12],"mda.org":[1,12,4],"mdan.org":[3],"mdanational.com.au":[1,12,4],"mdanderson.org":[12,4],"mdapp.com":[12],"mdbootstrap.com":[1,12,5],"mdbux.com":[1],"mdc.edu":[12],"mdcalc.com":[1,12,4],"mdcc-fun.de":[12],"mdcc.de":[1],"mdcgate.com":[1],"mdcomputers.in":[1,5,9],"mdconsult.com":[1,12],"mdcourts.gov":[1,12],"mddhosting.com":[1,5],"mdeca.org":[1,12],"mden.com":[9],"mdforum.ru":[5,7],"mdg.ca":[1,9],"mdg.com":[1,9],"mdgms.com":[12],"mdh.se":[1,12],"mdi.ac.in":[1,12],"mdic.gov.br":[1,12],"mdirector-pages.com":[1,5],"mdirector.com":[1],"mdj.jp":[12],"mdjunction.com":[1,12,4],"mdl.online":[1],"mdl2.com":[12],"mdland.com":[1],"mdlandrec.net":[1,12],"mdlinx.com":[1,12,4],"mdlive.com":[1],"mdliveforcigna.com":[1,4],"mdlottery.com":[1,12,3],"mdlp.org":[12],"mdlz.com":[1,12],"mdm.ca":[1,2],"mdm.de":[1,9],"mdmercy.com":[1,12,4],"mdofficemail.com":[1],"mdon-line.com":[1],"mdpc-x.com":[1,9],"mdph31.fr":[1,12],"mdpi.com":[1,12],"mdpls.org":[1,12],"mdpsupplies.co.uk":[1,9]}