{"simplicim-lorraine.eu":[1,12],"simplicime.com":[1,9],"simplicissimus.it":[1,9],"simplicity.com":[9],"simplifia.fr":[1,12],"simplifile.com":[1],"simplify.com":[1],"simplify3d.com":[1,5],"simplifydays.com":[12],"simplifyem.com":[1],"simplifymagazine.com":[1,12],"simplifyyourweb.com":[1,5],"simplii.com":[1,2],"simplilearn.com":[1],"simplisafe.com":[1],"simplissimo.co.uk":[1],"simplitec.com":[1,5],"simplitv.at":[1],"simplot.com":[1,12],"simplrplan.com":[1],"simply-debrid.com":[1],"simply-docs.co.uk":[1],"simply-kreativ.de":[1,12],"simplyaudiobooks.com":[1,3],"simplybe.co.uk":[9],"simplybe.com":[9],"simplybearings.co.uk":[1,9],"simplybestcoupons.com":[1,9],"simplybiz.co.uk":[1],"simplybook.it":[1,12],"simplybook.me":[1,12],"simplyburgers.gr":[1,3],"simplybusiness.co.uk":[1,2],"simplycast.com":[1],"simplycdkeys.com":[1,5],"simplycharlottemason.com":[1,12],"simplycircle.com":[1,12],"simplycolorlab.com":[1,9],"simplycook.com":[1,3],"simplydigi.com":[1,12],"simplydiscus.com":[1,12],"simplydresses.com":[1,9],"simplyelectronics.net":[12],"simplyeliquid.co.uk":[12,9],"simplyenergy.com.au":[1],"simplyfeu.com":[1,9],"simplygames.com":[3,9],"simplygo.com":[12],"simplygon.com":[1,5],"simplyheadsets.com.au":[1,9],"simplyhealth.co.uk":[1],"simplyhired.com":[1,6],"simplyhrjobs.co.uk":[1,6],"simplyink.com":[1,9],"simplyinsured.com":[1],"simplylawjobs.com":[1,6],"simplylearnt.com":[1,12],"simplyled.co.uk":[1,9],"simplymailsolutions.com":[1,5],"simplymarket.fr":[1],"simplymarket.it":[1],"simplymarketingjobs.co.uk":[1,6],"simplymarry.com":[10],"simplymaya.com":[1,12],"simplymeasured.com":[1],"simplyms.com":[1,5],"simplyneu.com":[1,9],"simplynzbs.com":[1],"simplyprizes.com":[1,3],"simplyptp.com":[1,12],"simplyrewards.com":[12],"simplysafedividends.com":[1,2,12],"simplysalesjobs.co.uk":[1,6],"simplyscuba.com":[9],"simplysportsware.com":[1],"simplyss.com":[1,9],"simplysupplements.co.uk":[1,12,9],"simplysupplements.net":[1,12,9],"simplyswim.com":[9],"simplytel.de":[1,5,9],"simplytest.me":[1,12,5],"simplytoimpress.com":[1,9],"simplyvoting.com":[1],"simplywall.st":[1],"simplywebshop.de":[12],"simplywell.com":[1,4],"simplywholesale.com.au":[9],"simpro.co":[1],"simprocloud.com":[12],"simprosuite.com":[12],"simquadrat.de":[1,5],"simraceway.com":[1],"simracingsystem.com":[12,3],"sims.co.uk":[1,12],"sims2xsims.de":[3],"sims3pack.ru":[12,3,9],"sims4forum.com":[10],"sims4studio.com":[1],"simsasylum.com":[12]}