{"theplatform.com":[1],"theplayersklub.us":[1,5],"theplumtreeapp.com":[1,12],"thepointsguy.com":[1],"thepoliticalinsider.com":[1,7],"thepondguy.com":[1,9],"thepopcase.com":[1,3,9],"thepopcornfactory.com":[1,3,9],"thepostmansknock.com":[1,12],"thepowerof10.info":[1],"thepowerportal.com":[1,5],"thepracticetest.in":[12],"theprettyblog.com":[1,9],"theprintful.com":[1,9],"theprintspace.co.uk":[1],"theprizefinder.com":[1,3],"theproducebox.com":[1],"theprofitsmaker.com":[12],"theprofitsmaker.net":[12],"thepropertyhub.net":[1,12],"theproteinworks.com":[3,9],"theprovince.com":[7],"theprudentspeculator.com":[1,2],"thepurplecarrot.com":[1,3],"thepushmoneyapp.com":[12],"thequantumcode.net":[12],"thequantumcodes.trade":[12],"thequietplaceproject.com":[7,1,12],"thequiltshow.com":[1,12,3],"thera-bandacademy.com":[12],"therabill.com":[1],"therabreath.com":[1,9],"theragcompany.com":[9],"theralogix.com":[1,12],"theranest.com":[1],"therange.co.uk":[12],"therangerstation.com":[1,12],"theranking.com":[12],"theranos.com":[1,12],"therapeuticresearch.com":[1,12],"therapeutique-dermatologique.org":[12],"therapieland.nl":[1,12,4],"therapistaid.com":[12,4],"therapistdevelopmentcenter.com":[1,12],"therapservices.net":[1,12],"therapynotes.com":[1],"therapypartner.com":[1],"therapyportal.com":[1,4],"therapysites.com":[1],"therapytribe.com":[1,12,4],"therascience.com":[1,12,4],"therationalinvestor.co":[1,2,12],"therave.com":[1,12,3],"theravive.com":[1,12],"therawfoodworld.com":[9],"therdstore.com":[1,9],"there.com":[1],"thereadingroom.com":[12,3],"thereadystore.com":[9],"therealdreammaker.com":[12],"therealestatecommando.com":[1],"therealnews.com":[12],"therealreal.com":[9],"therealtoothfairies.com":[1,3],"therebatecompany.com":[1],"therebels.us":[1,12],"therebirth.net":[12],"thereceptionist.com":[1],"therecord.com":[1,7],"therecorder.com":[1,12,7],"therecruiternetwork.com":[1,6],"thereddoor.com":[1,9],"theredheadedhostess.com":[1,12],"theredmentv.com":[3],"theredpin.com":[1,8],"theredx.com":[1],"thereformation.com":[9],"theregister.co.uk":[1,5],"theregistrationsystem.com":[1],"theregistrycollection.com":[1],"therepopulation.com":[1,12,3],"theresafanclub.com":[1],"theresponse.jp":[1,12],"therestaurantstore.com":[1,9],"theresumator.com":[1],"theretailrecruiter.org":[12],"theretrofitsource.com":[1,9],"therewardhub.com":[1],"therhinestoneworld.com":[1,9],"theriansaga.com":[1,12],"theriaque.org":[1,12,4],"theribbonretreat.com":[9],"theriftarcade.com":[12],"theright.fit":[12],"therightbank.com":[1],"therightstuff.biz":[12,3],"theringlord.com":[1,9],"therise.org":[1],"thermacell.com":[12,9]}