{"zohradating.com":[10],"zoig.com":[12],"zoiper.com":[1,5],"zojirushi.com":[1,9],"zol.co.zw":[1,5],"zol.com.cn":[1,5,9],"zola.com":[9],"zoll-auktion.de":[1,3,9],"zoll.com":[1,12],"zollonline.com":[1],"zomato.com":[12],"zombaio.com":[1],"zombiemodding.com":[12,3,3],"zombiepandemic.com":[1,3,3],"zombiepumpkins.com":[1],"zombies.nu":[1,12,3],"zombiesrungame.com":[1],"zomm.com":[1],"zomro.com":[1,5],"zon.pt":[1],"zona-satelite.com":[1,5],"zonablackberry.com.ve":[1,12,5],"zonacerealista.com.br":[1,9],"zonacitas.com":[10],"zonajobs.com.ar":[1,12],"zonajobs.com.co":[1,12],"zonajobs.com.mx":[1,12],"zonaleros.net":[3,3],"zonaprop.com.ar":[8],"zonarsystems.net":[1],"zonasulatende.com.br":[1,9],"zondervan.com":[12],"zondervanacademic.com":[12],"zondle.com":[1],"zone-aquatique.com":[1,9],"zone-h.org":[12],"zone-quebec.com":[1,12],"zone-telechargement.com":[12],"zone-telechargement.eu":[3],"zone-telechargement.ru":[3],"zone-telechargement.ws":[3,12],"zone-telechargement1.com":[3,12],"zone-telechargements.com":[3],"zone-torrent.fr":[3,5,10],"zone-torrent.net":[12],"zone-turf.fr":[1,3,9],"zone.ee":[1,5],"zone4.ca":[1],"zonealarm.com":[1,5],"zonealarm.fr":[1,5],"zonebourse.com":[2],"zonediet.com":[1,12,4],"zoneedit.com":[1,5],"zonefivesoftware.com":[1,12,5],"zonelabs.com":[1,5],"zonenet.ca":[3],"zonenet.me":[12],"zoneofgames.ru":[12,3,3],"zonep.net":[1],"zoner.com":[1],"zonerama.com":[1],"zonerecompenses.ca":[1],"zones.com":[1,5],"zonesecure.org":[12],"zong.com.pk":[1],"zonga.ro":[1,12,3],"zonguru.com":[1],"zonicordering.com":[1],"zonky.cz":[1],"zonlotto.com":[1,3],"zonmaster.com":[1],"zonnebloem.nl":[1,12],"zonnepanelen.net":[1,9],"zonomi.com":[1,5],"zononi.com":[12],"zonvid.com":[12],"zoo-sextube.com":[12],"zoo.org":[1,12],"zoo.org.au":[1,12],"zoobeauval.com":[1,12],"zoobit.co.in":[12],"zoobuh.com":[1,12],"zooburst.com":[12],"zoocasa.com":[1,8],"zoodfood.com":[1,3],"zoodles.com":[12],"zoofast.fr":[1,9],"zoogtv.com":[1,5,12],"zoogvpn.com":[1,5,12],"zoohit.cz":[1,12,9],"zoohit.si":[1,12,9],"zookaware.com":[1,5],"zoolert.com":[9],"zoologo.de":[9],"zoolz.co.uk":[1,5],"zoolz.com":[1,5],"zoom-a.com":[1,12],"zoom.co.uk":[3,9],"zoom.com":[12]}