{"balcaodeempregos.com.br":[1,6],"balder.se":[1,12],"baldmove.com":[3],"baldur-garten.at":[1,12,9],"baldur-garten.ch":[1,12,9],"baldur-garten.de":[1,9],"baldursgate.com":[3],"baldwins.co.uk":[1,9],"balearia.com":[12],"balenciaga.com":[1,9],"balens.co.uk":[1,12],"balfour.com":[1,12,9],"balfourbeatty.com":[1,12],"balglobal.com":[1,12],"balibaris.com":[9],"baliblinds.com":[9],"baligam.co.il":[9],"balinea.com":[1,12],"balkandownload.org":[12],"balkaniyum.tv":[1,12,3],"balkansport.info":[3,10],"ball.com":[1,12],"ballarat.edu.au":[12],"ballarddesigns.com":[1,9],"ballejaune.com":[1],"ballet.ca":[1,12],"balletbeautiful.com":[1,9],"ballicom.co.uk":[1,9],"ballisticproducts.com":[9,12],"ballons-a-gogo.com":[1,3,9],"balloonplanet.com":[1],"ballotbin.com":[1,12],"ballotboxonline.com":[1,12],"ballou.se":[1,5],"ballroomdancers.com":[1,12,3],"ballstreams.com":[12],"balluun.com":[1],"ballwatch.ch":[1,12],"ballyfitness.com":[12],"ballytech.com":[1,12],"baloise.ch":[1,2],"baloo-gestion.fr":[1],"baloo-sante.fr":[1],"balsamhill.co.uk":[1,9],"balsamhill.com":[1,9],"balsamik.fr":[9],"balsamiq.cloud":[1],"balsamiq.com":[1],"balticmiles.com":[1,3],"balticnetworks.com":[1,9],"baltimorecity.gov":[1,12],"baltimorecountymd.gov":[1,12],"baltimorehousing.org":[1,12],"baltimoreravens.com":[3],"baltimoreresearch.com":[1],"baltimoresun.com":[1,12,7],"baltlife.com":[1],"balzac-paris.fr":[1,12,9],"bam-karaokebox.com":[1],"bam.com.gt":[1],"bam.org":[1,12,3],"bama.ir":[1,9],"bamagazine.com":[1,12],"bamason.com":[9],"bambeco.com":[9],"bambinodiapers.com":[12,9],"bambinou.com":[1,9],"bambooclothing.co.uk":[9],"bamboohr.co.uk":[12],"bamboohr.com":[1],"bambooloans.com":[1,2],"bamboomt2.eu":[1,12],"bamboosolutions.com":[1],"bambora.com":[1],"bambuser.com":[1],"bamigo.com":[9],"bamilo.com":[9],"baml.com":[1,2],"bamplay.com":[1,3],"bamsec.com":[1],"banahosting.com":[1,5],"banamex.com":[1,2],"banamex.com.mx":[1,2],"banana-moon-clothing.co.uk":[9],"banana-print.co.uk":[1,9],"bananafingers.co.uk":[9],"bananalotto.com":[12],"bananalotto.fr":[12],"bananamall.co.kr":[12,1,9],"bananarepublic.com":[9],"bananastreet.ru":[1,3],"bananatag.com":[1,5],"bananatic.com":[3,3],"bananatic.de":[3],"bananatic.es":[3,3],"bananatic.fr":[3,3],"bananki.pl":[3],"banapassport.net":[12],"bancacambiano.it":[1,2]}