{"estibot.com":[12],"estimize.com":[1],"estimote.com":[1],"estjob.com":[1,6],"estmt.net":[1],"estoesotraliga.es":[3],"estone.cc":[12],"estore-sslserver.eu":[12],"estore-sslserver.us":[12],"estore.com.au":[1,5,9],"estories.com":[1],"estorilsolcasinos.pt":[12],"estout.com":[1,9],"estoycerca.com":[10],"estp.fr":[12],"estradadoslivros.org":[12,3],"estranky.cz":[1],"estraspa.it":[1,12],"estrategiaconcursos.com.br":[1,12],"estrategiasdeinversion.com":[1,2],"estratex.com":[1,5],"estream.com":[1,5],"estream.to":[1,10],"estreamone.com":[1],"estreams.tv":[1,3],"estrela10.com.br":[9],"estrepublicain.fr":[1,12,3],"estubview.com":[12],"estudegratis.com.br":[1,12],"estudysource.com":[12,9],"esty.com":[12],"esu.edu":[12],"esu.eu":[1,12,9],"esu3.org":[1,12],"esunbank.com.tw":[1,2],"esuperfund.com.au":[1],"esupplements.com":[9],"esupport.com":[1,5],"esurance.com":[1,2],"esure.com":[1,2],"esurebroker.com":[1,2],"esurv.org":[1,12,5],"esurveyspro.com":[1,5],"esvbible.org":[12],"esvonline.org":[12],"esvstudybible.org":[12],"eswater.co.uk":[1],"eswe-versorgung.de":[1,12],"eswe.com":[1],"esy.es":[1],"esyoil.com":[1,9],"esysco.net":[12],"et-foundation.co.uk":[1,12],"et-view-support.com":[12],"etadventures.com":[1,12],"etailsystems.com":[1],"etam.com":[9],"etap.com":[1,5],"etapestry.com":[1,12],"etat.lu":[1,12],"etatpur.com":[1,12,9],"etax.com":[1,2],"etax.com.au":[1,12,9],"etb.co":[1],"etb.com":[1],"etb.com.co":[12],"etc-meisai.jp":[1,12],"etcconnect.com":[12,11],"etcnow.com":[1,9],"etcontactnetwork.com":[1],"etdadmin.com":[1,12],"etea.gov.gr":[1,12],"eteach.com":[12,6],"eteachergroup.com":[1,12],"eteamsponsor.com":[1,12],"eteamz.com":[1],"etechparts.com":[9],"etekcitizen.com":[12],"etekcity.com":[1,9],"eteleon.de":[1,5,9],"etelimited.co.uk":[12],"etelmar.net":[12],"etendersni.gov.uk":[1,12],"etenet.com":[12,4],"etengo.de":[1,12,5],"eter9.com":[1],"eterna.de":[9],"eternagame.org":[12],"eternal-wow.com":[12,3],"eternalcardgame.com":[1,3],"eternalcrusade.com":[3],"eternaldesire.com":[12,3],"eternalwars.com":[3],"eternitygames.org":[12],"eternitytower.net":[12],"etest.edu.cn":[12],"etest.net.cn":[12],"etex.net":[1],"etf.com":[2]}