{"premiumcredit.com":[12],"premiumdata.net":[1,2,5],"premiumegeszsegpenztar.hu":[1,2,12],"premiumfaucetnetwork.com":[12],"premiumflorist.com":[1,9],"premiumgfs.com":[12],"premiuminstant.com":[1],"premiumize.me":[1,5],"premiumlinkgenerator.com":[1,5],"premiumoutlets.com":[1,9],"premiumparking.com":[1],"premiumpass.com":[12],"premiumpixels.com":[1],"premiumpress.com":[1,5],"premiumrxdrugs.com":[9],"premiumsim.de":[1,5],"premiumtv.co.uk":[1],"premiumy.pl":[1],"premoa.co.jp":[1,9],"premsocks.com":[1,12,9],"prenatal.nl":[9],"prendreunrendezvous.fr":[1],"prenhall.com":[12],"prenium-pc.com":[5],"prenservice.se":[1],"prentu.de":[1,3,9],"prentu.fr":[1,3,9],"prenumerera.se":[12],"preoc.es":[1,12],"preownedweddingdresses.com":[1,9],"prepacode-enpc.fr":[1,12],"prepagent.com":[1,12],"prepaid-global.de":[1,5,9],"prepaid-hoster.de":[1],"prepaid-usenet.de":[1,5],"prepaid24.co.za":[1],"prepaidaccess.com":[1,12],"prepaidcardstatus.com":[1],"prepaidcodecenter.com":[1,5],"prepaiddigitalsolutions.com":[1],"prepaidfinancialservices.com":[1,2],"prepaidlegal.com":[1],"prepaidonline.com":[1,9],"prepaidskyharbor.com":[1],"prepaidtravelsim.com.au":[1],"prepar3d.com":[1,12],"prepare-enrich.com":[1,12],"preparedpantry.com":[3],"preparetodie.com":[12],"preparewise.com":[1,3,9],"preparonsmaretraite.fr":[1,12],"prepas.org":[1,12],"prepass.com":[1],"prepaytec.com":[12],"prepbaseballreport.com":[1,12,3],"prepdish.com":[1,3],"prepecn.com":[1,12],"prepexpert.com":[12],"prephero.com":[1,12,3],"prepiska.com":[1],"preplounge.com":[1,12],"preply.com":[1,12],"prepmyfuture.com":[1,12],"prepostseo.com":[1,5],"preppergroups.com":[1,12],"preppergunshop.com":[9,12],"prepscholar.com":[1,12],"prepsportswear.com":[9],"prepvolleyball.com":[1,12,3],"prepware.com":[1,12],"preqin.com":[1,2],"prereg.net":[1],"prerender.io":[1,5],"presalepasswordinfo.com":[1,12,3],"preschoolclix.com":[1,9],"prescribingsafetyassessment.ac.uk":[1,12],"prescriptionlab.com":[1,9],"prescriptionsolutions.com":[1,9],"prescriptives.com":[1,9],"prescrire.org":[12],"presdo.com":[1],"presearch.io":[1,12],"presenca.pt":[1,12],"presencehealth.org":[1,12,4],"presencehost.net":[12],"presencepro.com":[1],"presencing.com":[1,12],"present.me":[1],"presentationload.com":[1],"presentationload.de":[1],"presentationpro.com":[1,9],"presentermedia.com":[1,12],"presentsformen.co.uk":[9],"presetpond.com":[1],"president-republicains.fr":[12],"president.fr":[1,3],"president.gov.ua":[1,12,7],"president.jp":[1,12],"presidentialcard.com.au":[1]}