{"getkard.com":[1,9],"getkeys.net":[12],"getkeysmart.com":[1,9],"getkisi.com":[1,5],"getkudos.me":[12],"getkudoz.com":[1,6],"getkuna.com":[1],"getlamps.net":[1,12],"getleads4free.com":[1],"getlenses.co.uk":[1,9],"getlicensingready.com":[1],"getlighthouse.com":[1],"getlike.vn":[1],"getliner.com":[1,12],"getlink4u.info":[12],"getlinkpro.net":[12],"getlinks.co":[1,6],"getloaded.com":[1],"getlocalhealthplans.com":[1,12,4],"getlocalization.com":[1],"getlucky.com":[1,3],"getmagic.com":[1],"getmail.no":[1,5],"getmailbird.com":[1,5],"getmailspring.com":[1,5],"getmapping.com":[1],"getmeadow.com":[1,12],"getmealplans.com":[1,3],"getmeaticket.co.uk":[1,3],"getmeed.com":[1,12,5],"getmehome.ca":[1],"getmehome.com":[1,12,3],"getmein.com":[1,3],"getmethere.com":[1],"getmimo.com":[12,5],"getminute.com":[1,12,5],"getmobile.de":[1,5],"getmonero.org":[1,5],"getmore.de":[1,9],"getmotopress.com":[1,5],"getmsoffice.com":[1,9],"getmusicbee.com":[1,12,5],"getmyaccounts.com":[12],"getmyads.com":[1],"getmybalance.com":[1,9],"getmyboat.com":[1,12,9],"getmydocument.com":[1,12],"getmyfirstjob.co.uk":[1],"getmyfox.com":[1],"getmyfreebitcoin.com":[2],"getmygift.se":[1,9],"getmyid.com":[1],"getmyinvoices.com":[1],"getmyip.com":[1,5],"getmymacros.com":[1,12],"getmymail.co.uk":[1],"getmyperks.com":[1,9],"getmyrvdirectories.com":[12],"getmywarez.com":[12],"getnaughty.com":[10],"getnaughtygirls.com":[12],"getnice.com":[1,3],"getninjas.com.br":[1,12],"getnoticedtheme.com":[1],"getnotify.com":[1,5],"getnugg.com":[1,12],"getoccasion.com":[1],"getoffthex.com":[1,5],"getolympus.com":[1,9],"getomnify.com":[1],"getonetastic.com":[12],"getonsip.com":[1,5],"getoptimind.com":[1],"getordained.org":[1,12],"getordering.com":[12],"getoutfox.com":[1,5],"getoutofdebtfree.org":[1],"getpaid.social":[1],"getpaidmail.com":[1],"getpaidsurveys.com":[1],"getpaidto.com":[1,9],"getpaidtodrive.co":[12],"getpaidtotry.com":[1],"getpaidtotrysurveys.com":[1,12],"getpaint.net":[1,12,5],"getpantheon.com":[1,5],"getpark.co.uk":[1,9],"getpayd.com":[1],"getpebble.com":[1],"getperch.com":[1],"getpersonas.com":[1,5],"getphotos.co.uk":[1,12],"getpiper.com":[1],"getpocket.com":[1,12],"getpocketbook.com":[1],"getpoindexter.com":[1],"getpostman.com":[1,5],"getpremise.com":[1],"getprismatic.com":[1]}