{"clubflyers.com":[1,9],"clubford.ro":[1,12],"clubforeplay.com":[12,1],"clubfreetime.com":[1,12,3],"clubfrontier.org":[1,3,10],"clubgoldcasino.net":[12],"clubgrido.com.ar":[12],"clubhofmann.com":[1,12,3],"clubhouse.io":[1,5],"clubhouseonline-e3.com":[1],"clubhouseonline-e3.net":[12],"clubhubssl.com":[1,12],"clubic.com":[1,5,7],"clubifone.com":[10],"clubinfernodungeon.com":[12],"clubintrawest.com":[12],"clubjensens.dk":[1],"clubjensens.se":[1],"clubjuegos.com":[12],"clubkdo.fr":[12],"clubkillers.com":[12,3],"clubkinder.fr":[1,12],"clubkino.cl":[1],"clubkviar.com":[1],"clublacosta.com":[1],"clublandlv.com":[12],"clublexus.com":[1,12],"clublink.ca":[1,3],"clublloyds.com":[1],"clublocker.com":[12],"clublog.org":[1],"clubmahindra.com":[1,12,11],"clubmatas.dk":[1],"clubmed-collectivites.com":[12],"clubmed.com":[1,11],"clubmed.fr":[1,12],"clubmedta.com":[1],"clubmiles.com.ec":[1],"clubmonaco.com":[9],"clubnorplus.com":[1],"clubnuoveidee.it":[1,12],"clubopel.com":[1,12,10],"cluborange.fr":[1],"clubpenguin.com":[1,3],"clubpenguinisland.com":[1,3],"clubpenguinrewritten.pw":[1,3],"clubplanner.be":[12],"clubplayercasino.com":[3,3],"clubpoker.net":[3,3],"clubpremier.com":[1,9],"clubprivevacances.com":[1,11],"clubready.com":[1],"clubregistration.net":[1,9],"clubroadster.net":[1,3,10],"clubrsx.com":[1,3,10],"clubrunner.ca":[1],"clubs.nl":[1,12],"clubsale.com":[1,9],"clubsearay.com":[10],"clubseat.at":[1,9,12],"clubseventeen.com":[12],"clubshop.com":[1,9],"clubsissy.com":[12,1],"clubsnap.com":[1,12,3],"clubsobeys.com":[12],"clubsocial.com.br":[1,12],"clubsocietaires-ceidf.com":[1],"clubsoftlinks.com":[1],"clubsolarisvip.com":[1],"clubsolution.co.uk":[1,12],"clubspark.uk":[1],"clubspeedtiming.com":[1],"clubster.com":[1],"clubstore.co.uk":[1,9],"clubtelco.com":[1,5],"clubtexting.com":[1],"clubtix.com":[1,12,3],"clubtone.net":[1,12,3],"clubtouareg.com":[1,3],"clubtraining.com.au":[1,12],"clubtropicana.fr":[3],"clubtug.com":[12],"clubv1.com":[1],"clubvicio.com":[12],"clubvie.fr":[1,12],"clubvips.com":[1],"clubvita.no":[1,12],"clubvps.com":[5],"clubvwgolf.com":[1],"clubw.com":[12,9],"clubwebsite.co.uk":[1],"clubwien.at":[1,12],"clubwise.com":[1],"clubworldcasinos.com":[3,3],"clubworldgroup.com":[1],"clubwpt.com":[3,3],"clubwrx.net":[12],"clubxiangqi.com":[3],"clubxterra.org":[1,3,10]}