{"clearchemist.co.uk":[1,9],"clearcoin.co":[1],"clearcompany.com":[1],"clearcontext.com":[1,5],"clearcorrect.com":[1,12],"clearcosthealth.com":[1],"cleardb.com":[1,5],"cleardocs.com":[1],"clearedjobs.net":[1,6],"clearent.net":[12],"clearestimates.com":[1],"clearfit.com":[1],"clearhaus.com":[1],"clearlawinstitute.com":[1,12],"clearleap.com":[1,5],"clearlogin.com":[1,5],"clearly.ca":[1],"clearly.co.nz":[1,9],"clearly.com.au":[9],"clearlycontacts.ca":[1],"clearlycontacts.com.au":[9],"clearmatch.co":[12],"clearme.com":[1],"clearmode.com":[1],"clearmountainbank.com":[1,2],"clearnet.co.nz":[1,5],"clearoneadvantage.com":[1],"clearos.com":[1,5],"clearplay.com":[1,3],"clearpointcreditcounselingsolutions.org":[1,12],"clearscore.co.za":[1],"clearscore.com":[1,2],"clearslide.com":[1],"clearstar.net":[1],"clearsurance.com":[1],"clearswift.com":[1,5],"cleartax.in":[1,2],"clearthunder.com":[1],"cleartrip.ae":[11],"cleartrip.com":[11],"clearvalueconsulting.com":[1],"clearview.com.au":[1,2,12],"clearviewenergy.com":[1],"clearviewfcu.org":[1,2],"clearvoice.com":[1],"clearvoicesurveys.com":[1],"clearwire.com":[1],"clearxchange.com":[1],"cleaverfirearms.com":[12],"clecenter.com":[1,12],"cleco.com":[1,12],"cleec.com":[1,12,9],"cleeng.com":[1],"clef-en-ligne.com":[1,9],"clement.ca":[1],"clementfaugier.fr":[12],"clemobile.com":[1],"clemson.edu":[12],"cleo.ca":[9],"cleo.net.uk":[1],"cleor.com":[9],"cleosviproom.com":[1,3,3],"cler.ch":[1],"clerk-17th-flcourts.org":[1,12],"clerkauction.com":[1],"clerky.com":[1,12],"clermont-universite.fr":[12],"cletile.com":[1],"cletn.com":[1,12],"clevacances.com":[1,11],"cleveland.com":[1,12,7],"clevelandart.org":[1,12],"clevelandbrowns.com":[1,3],"clevelandclinic-jobs.com":[1,12],"clevelandclinic.org":[1,12,4],"clevelandclinicabudhabi.ae":[12,11],"clevelandclinicmycareonline.org":[1],"clevelandorchestra.com":[1,12],"clevelandwater.com":[1],"clever-cloud.com":[1,5],"clever-excel-forum.de":[12,10],"clever-tanken.de":[1,9],"clever.com":[1,12],"cleverapps.io":[1,5],"cleverbot.com":[1,12],"cleverbridge.com":[1],"cleverbux.com":[1],"clevercoin.com":[2],"clevergizmos.com":[1],"clevermine.co":[12],"cleverprogrammer.com":[1],"cleverreach.com":[1],"cleverreach.de":[1],"cleverscript.com":[1,5],"clevertap.com":[1],"clevertraining.com":[9],"clevertronic.de":[1,5,9],"clevnet.org":[1,12],"clevr.com":[1]}