{"goodly.pro":[1],"goodmandean.com":[1,12],"goodmanfielder.com.au":[1],"goodmanmfg.com":[1,9],"goodmans.net":[9],"goodmantheatre.org":[1,12],"goodmood.org":[12],"goodness.com.au":[1,3,9],"goodnessdirect.co.uk":[3],"goodnews.click":[1,7],"goodnightjournal.com":[1,12],"goodnoows.com":[1,7],"goodpay.coop":[1],"goodprint.co.uk":[1],"goodreads.com":[3],"goodrichqualitytheaters.com":[1,3],"goodrunguide.co.uk":[1,12],"goodrx.com":[1,9],"goods.ph":[9],"goodsam.com":[1],"goodsamcamping.com":[1,11],"goodsamclub.com":[1],"goodsamers.com":[1],"goodsamroadside.com":[1],"goodsamtravelassist.com":[1,12],"goodschoolsguide.co.uk":[1,12],"goodsearch.com":[1,9],"goodsmileshop.com":[1,9],"goodstart.org.au":[1,12],"goodsync.com":[1,5,10],"goodtherapy.org":[1,12,4],"goodtogo.com":[1,12],"goodtoknow.co.uk":[1,3],"goodtyping.com":[1,12],"goodvibes.com":[12,9],"goodville.com":[1],"goodwe-power.com":[1],"goodwheel.de":[1,9],"goodwill.org":[1,12],"goodwillaz.org":[12],"goodwillindy.org":[1,12],"goodwillng.org":[1,12],"goodwintx.com":[1],"goodwood.com":[1],"goodworld.me":[1,12,3],"goodxxxflix.com":[12],"goodybeads.com":[1,9],"goodycard.co.nz":[1],"goodyear.com":[1,9],"goodyearautoservice.com":[1,9],"goodyearaz.gov":[1,12],"goodygoody.com":[1,12],"goodysdelivery.gr":[1,3],"goofbay.com":[1,9],"goofbid.com":[1,9],"googiehost.com":[1,5],"googl.com":[7],"google-analytics.com":[12],"google.at":[7],"google.be":[7],"google.ca":[7],"google.ch":[7],"google.co.in":[7],"google.co.jp":[7],"google.co.kr":[7],"google.co.nz":[7],"google.co.th":[7],"google.co.uk":[7],"google.co.za":[7],"google.com":[7],"google.com.ar":[7],"google.com.au":[7],"google.com.br":[7],"google.com.hk":[7],"google.com.mx":[7],"google.com.ph":[7],"google.com.tr":[7],"google.cz":[7],"google.de":[7],"google.dk":[7],"google.es":[7],"google.fr":[7],"google.ie":[7],"google.it":[7],"google.nl":[7],"google.no":[7],"google.pl":[7],"google.pt":[7],"google.ro":[7],"google.ru":[7],"google.se":[7],"googleadservices.com":[12],"googlealert.com":[1],"googleapis.com":[12],"googlechrome.com":[12],"googlecode.com":[12],"googledrive.com":[12],"googlemail.com":[1],"googleplay.com":[3]}