{"cutco.com":[9],"cutealphabets.com":[12,3],"cutedeadguys.net":[1,12],"cuteembroidery.com":[1,12,3],"cuteforeigngirls.com":[1],"cuteorder.com":[1],"cutepdf.com":[1,12,5],"cuterussianbabes.com":[1],"cutetax.ca":[1,9],"cutleryandmore.com":[9],"cutlerycorner.net":[9],"cutmytaxes.com":[1,2],"cutoutandkeep.net":[1,12,9],"cutplasticsheeting.co.uk":[1,9],"cutss.com":[9],"cutterbuck.com":[1,9],"cuttingedgegamer.com":[1],"cuttingedgeknives.com.au":[9,12],"cutwin.com":[1],"cutx.org":[1],"cuusoo.com":[1],"cuw.edu":[12],"cuwest.org":[1,2],"cuyahogacounty.us":[1,12],"cuyana.com":[9],"cv-coach.com":[6],"cv-library.co.uk":[6],"cv-mallen.se":[1,6],"cv-ok.nl":[1,12],"cv-online.se":[1,6],"cv-surgeon.co.uk":[1,6],"cv-voorbeeld.nl":[1,6],"cv.co.uk":[1,12,6],"cv.ee":[12],"cv.lt":[1,6],"cv.lv":[12],"cv.ua":[12],"cva-eve.org":[1,12],"cvaden.com":[1],"cvapor.com":[9],"cvbankas.lt":[1,12],"cvbrowser.com":[1],"cvc.com.br":[12],"cvcb.com":[1,2],"cvcc.edu":[12],"cvcentre.co.uk":[1,6],"cvcheck.biz":[1],"cvcheck.com":[1,12],"cvchecker.com":[1,6],"cvdesignr.com":[1],"cvengenharia.com.br":[1],"cvent.com":[1],"cvenvacaturebank.nl":[1,6],"cvgairport.com":[1],"cvkeskus.ee":[1,6],"cvlinens.com":[1,9],"cvmail.com.au":[1,12],"cvmailuk.com":[1,12],"cvmanager.com":[1,6],"cvmarket.lt":[1],"cvminder.com":[1],"cvmkr.com":[1,6],"cvmsolutions.com":[1],"cvnt.net":[1],"cvonline.hu":[1,6],"cvonline.lt":[1,6,9],"cvous.com":[1,12],"cvp.com":[1,9],"cvpeopleafrica.com":[1,12,6],"cvr.dk":[1,12],"cvs.com":[9],"cvscaremark.com":[1,12,4],"cvscaremarkspecialtyrx.com":[9],"cvsd.org":[12],"cvsdude.com":[1,5],"cvshealth.com":[1,12],"cvsnet.co.kr":[1],"cvsphoto.com":[9],"cvsspecialty.com":[1,12,9],"cvster.nl":[1,12,6],"cvtc.edu":[1,12],"cvtools.com":[1],"cvtrumpet.co.uk":[1,6],"cvtrust.com":[1,12],"cvty-secure.com":[1],"cvty.com":[1],"cvut.cz":[12],"cvvshop.lv":[1,12,9],"cvwarehouse.com":[1],"cvwd.org":[1],"cvwdwater.com":[1,12],"cvwebasp.com":[1],"cvwebvision.it":[1,5],"cw-mobile.de":[9],"cw-usa.com":[12,1,3],"cw.com":[12],"cwars.ru":[12,3,3],"cwbank.com":[1,2],"cwbook.com.tw":[1,12,9]}