{"thespicery.com":[1,3],"thespoilingdeadfans.com":[3,10],"thesportshq.com":[9],"thesslstore.com":[1,5],"thestage.co.uk":[1,12,3],"thestall.com":[12],"thestampmaker.com":[1,9],"thestampsoflife.com":[1],"thestand.co.uk":[1,3],"thestar.com":[3,7],"thestar.com.my":[12,7],"thestate.com":[12,3,7],"thestationerystudio.com":[1,9],"thestereoboutique.com":[1,9],"thesting.com":[12],"thestockmarketwatch.com":[2],"thestranger.com":[1,3,7],"thestreet.com":[1,2,7],"thestudenthotel.com":[1],"thestudentroom.co.uk":[12],"thestudio.com":[1,9],"thestudiodirector.com":[1],"thestyleoutlets.com":[1,12],"thesubfactory.net":[3],"thesufferfest.com":[1,12],"thesullivangroup.com":[1],"thesun.co.uk":[1,3,7],"thesundaytimes.co.uk":[1,12,7],"thesuperaffiliatenetwork.com":[1],"thesuperherouniversity.com":[1],"thesupplierclearinghouse.com":[1,12],"thesupremesaint.com":[12],"thesynergycompany.com":[1,3,9],"thetablet.co.uk":[12,3,7],"thetalentmanager.co.uk":[1,5,6],"thetamusic.com":[1,12],"thetaoofbadass.com":[1,12,3],"thetappingsolution.com":[1,12],"thetatoken.org":[1,12],"thetaxbook.com":[1,12],"thetaxbook.net":[5],"theteaspot.com":[1,3],"thetech.org":[1,12],"thetechgame.com":[3,3],"thetechtrader.com":[1,2],"theteflacademy.com":[1,12],"thetelegraphandargus.co.uk":[1,3,7],"thetenspot.com":[1,12,3],"thetesler.co":[1],"thethingsnetwork.org":[1,12,5],"thethinkery.net":[1,5],"thethinkingatheist.com":[1,12],"thethinkingtraveller.com":[1,11],"thethyroidsecret.com":[12],"theticketfactory.com":[1,12],"theticketfairy.com":[1,3],"theticketsellers.co.uk":[1],"theticketstore.co.uk":[1,12],"thetiebar.com":[9],"thetileapp.com":[1,9],"thetimes.co.uk":[1,12,7],"thetoken.io":[1,2],"thetollroads.com":[1],"thetopjobshop.com":[1],"thetops.fr":[1,9],"thetoptens.com":[1,12,3],"thetournament.com":[1,3,3],"thetowntalk.com":[1,12,7],"thetoyshop.com":[9],"thetrackernetwork.com":[12],"thetrackr.com":[1,9],"thetracktor.com":[5,9],"thetradedesk.com":[1],"thetradersden.org":[1,12],"thetrafficincome.com":[1],"thetrain.com":[1,12,11],"thetrainline.com":[1,11],"thetranet.fr":[1,12],"thetravelinstitute.com":[1,12],"thetriffid.com.au":[1],"thetripledoor.net":[1],"thetriplemclub.com.au":[1],"thetruckersreport.com":[1,6],"thetrumpet.com":[12,7],"thetrustedinsight.com":[1,12],"thetruthaboutcancer.com":[12,4],"thetruthaboutcars.com":[12],"thetruthspy.com":[1,5],"thetubestore.com":[9],"thetvdb.com":[3],"thetypingcat.com":[1,12],"theubi.com":[1],"theukulelesite.com":[1,9],"theukuleleway.com":[1,12],"theultimatefinish.co.uk":[9],"theuniversim.com":[1,12],"theunlimitedsystem.com":[12],"theunlockr.com":[1,5,7],"theuntz.com":[1,3]}