{"alienvault.com":[1,5],"alienware.com":[12],"alienwarearena.com":[1],"alierahealth.com":[1,12],"aliexpress.com":[9],"aliexpress.nl":[12],"alifelong.asia":[1],"alifelong.biz":[12],"align-trex.co.uk":[9],"alignable.com":[1],"aligncommerce.com":[1],"aligncu.com":[1,2],"aligntech.com":[1,12],"aligntoday.com":[1],"alimama.com":[1],"alimarket.es":[1,12],"alimed.com":[1,4,9],"alimentasonrisas.es":[1,9],"alimentasorrisos.pt":[1,12],"alimentationmaison.com":[1,9],"alina.se":[5,9],"alinea.fr":[9],"alinean.com":[1],"alinearestaurant.com":[1,12],"alinityapp.com":[1],"alinma.com":[12],"alinmaonline.com":[1,12],"alinshop.in":[12],"alinta.net.au":[1],"alintaenergy.com.au":[1,12],"alio.lt":[1,9],"alionscience.com":[1,12],"aliorbank.pl":[1,2],"alipay.com":[1],"aliphia.com":[1],"alis-sa.com":[1,12],"alison.com":[1,12],"alisonkrauss.com":[1,12,3],"alispa.it":[1,12],"alisupermercati.it":[1,12],"alisweb.org":[1,12],"alitalia.com":[1,11],"alitalia.it":[1,11],"alittleincubart.com":[12],"alittlemarket.com":[9],"alittlemercerie.com":[9],"aliva.de":[9],"alivecor.com":[1,9],"alivein5.co":[12],"alivemod.com":[1,12,3],"aliveshoes.com":[1,9],"alixiomobilite.fr":[12],"aliyun.com":[1,5],"alizee-soft.com":[1,12],"aljazeera.net":[12,7],"aljazeerajobs.com":[1],"aljazeerasport.tv":[12],"aljt.com":[12],"alk.com":[1],"alka-web.com":[1],"alkad.org":[1,5],"alkatreszek.hu":[1,9,12],"alkislarlayasiyorum.com":[12,3,7],"alkitaabtextbook.com":[1,12],"alko.fi":[12,1,9],"alkosto.com":[1,9],"all-batteries.es":[9],"all-batteries.fr":[9],"all-battery.com":[9],"all-ebooks.com":[7,12,3],"all-for-one.fr":[1,3],"all-gamez.com":[3,3],"all-inkl.com":[1,5],"all-musculation.com":[12,4],"all-patch.net":[12],"all-spec.com":[1,9],"all.biz":[1,9],"all4.com":[1,3],"all4adventure.com":[1,3,9],"all4cellular.com":[9],"all4cycling.com":[9],"all4golf.de":[1,9,3],"all4nothin.net":[5],"all4phones.de":[12,5,10],"all4running.nl":[9],"all4webs.com":[1,5],"allabolag.se":[1],"allaboutcareers.com":[1,12,6],"allaboutcircuits.com":[1,12,5],"allaboutdance.com":[9],"allaboutdoors.com":[1,9],"allaboutincontinence.co.uk":[1,9],"allaboutjazz.com":[1,12,3],"allaboutthefans.com":[1,9],"allaboutyou.com":[1,12,3],"allacademic.com":[12],"allaccess.com":[1,12,3],"allafrica.com":[1,12],"allakhazam.com":[1,3]}