{"hankypanky.com":[12,9],"hankyu-dept.co.jp":[1,9],"hankyu-hotel.com":[1,11],"hankyu-travel.com":[1,11],"hanleywooduniversity.com":[1,12],"hanmi.com":[1,2],"hannaandersson.com":[9],"hannaford.com":[3],"hannants.co.uk":[1,9],"hannity.com":[1,7],"hannover-stadt.de":[12],"hannovermesse.de":[1,12],"hannoversche-volksbank.de":[1],"hannoversche.de":[1,2],"hanon-shop.com":[9],"hanover.com":[1,2],"hanploi.com":[1,12],"hans-natur.de":[9],"hansanders.be":[1,9],"hansanders.nl":[1,9],"hansapark.de":[1],"hansapost.ee":[9],"hanseaticbank.de":[1,2],"hanser-ebooks.de":[1,12],"hanshintigers.jp":[1,3,3],"hanson.net":[1,3],"hantek.com":[1,12],"hants.gov.uk":[1,12],"hants.sch.uk":[12],"hanwha-security.com":[1,12],"hanyang.ac.kr":[12],"hanzdefuko.com":[1,9],"hanze.nl":[12],"hanzigrids.com":[1,12,5],"hao123.com":[1,3],"hap.org":[1,12],"hapag-lloyd.com":[12],"hapari.com":[9],"hapeko.de":[1,6],"hapeople.com":[1],"haphost.com":[1,5],"hapibenefits.com":[12],"hapimag.com":[1,12],"hapitas.jp":[1,9],"hapixel.bz":[1,12,3],"hapo.org":[1],"happ-e.fr":[1,5],"happify.com":[1,12],"happii.dk":[9],"happilyhooked.com":[1],"happilyunmarried.com":[1,9],"happy-capital.com":[1,2,12],"happy-neuron.com":[1,12],"happy-size.de":[9],"happy-team.org":[1,3],"happy.bg":[1,3],"happy150nestle.ch":[1,12,4],"happyapps.io":[1],"happybank.com":[1,2],"happyberry.co.uk":[1,12],"happybidday.com":[9],"happybirthdates.com":[1],"happybirthdaytoyou.com":[1,3,9],"happycampus.com":[1,12],"happychefuniforms.com":[1,9],"happychicgroup.com":[1,9],"happyco.com":[1],"happycow.net":[1,3],"happycrafters.com":[1,9],"happycrocky.com":[1,9],"happydays.nu":[1,9,11],"happydeals.gr":[1,9],"happydesk.com":[1],"happyfete.com":[1,3,9],"happyfor.win":[3,3],"happyfoto.at":[1],"happyfoto.cz":[1,12,3],"happyfoto.sk":[1,3,9],"happyfox.com":[1],"happyfoxchat.com":[1],"happygocard.com.tw":[1,12],"happygrasshopper.com":[1],"happyhair.fr":[12,3],"happyhippoherbals.com":[9],"happyhotel.jp":[1,11],"happyhotpizza.hu":[12],"happyhousesitters.com.au":[1],"happyinvestor.com":[1,2],"happyiptv.com":[1],"happylife-world.com":[1,9,11],"happymail.co.jp":[1,12],"happymoney.co.kr":[12],"happyneuron.fr":[1,12,5],"happynumbers.com":[12],"happyon.jp":[1,3],"happyoz.com":[1],"happypancake.com":[10],"happypancake.fi":[10],"happyplus.com.ph":[1]}