{"toutypasse.com":[1,9],"tov.org.il":[1],"tovala.com":[1,3],"tovek.se":[1,12],"towbook.com":[1,5],"towelliee.com":[12],"tower.im":[1,12,5],"tower.jp":[1,3,9],"towercoverage.com":[1],"towerdata.com":[1,5],"towerfcu.org":[1,2],"towerfcuonline.org":[1,2],"towerhamlets.gov.uk":[1,12],"towerhobbies.com":[9],"towerpacs.com":[1],"towerswatson.com":[1],"town.ag":[12],"townandcountryprinting.com":[1],"townbi.com":[1],"townebank.com":[1,2],"townebanksecure.com":[12],"townforms.com":[1,5],"towngas.com":[1],"townhall.com":[3,7],"townnews.com":[1],"townofcary.org":[1,12],"townplanner.com":[1],"townsendpress.net":[1,12],"townshoes.ca":[9],"townsq.io":[1],"townsquared.com":[1],"townwifi.com":[12],"towonk.com":[12],"towson.edu":[12],"towsure.com":[9],"toxxxictube.com":[12],"toya.net.pl":[1,12,3],"toyboywarehouse.com":[10],"toydemon.com":[9],"toyhou.se":[1],"toyo.ac.jp":[12],"toyodiy.com":[1,12,9],"toyokeizai.net":[1,12],"toyoko-inn.com":[1,11],"toyorebate.com":[1],"toyota-4runner.org":[12],"toyota-europe.com":[1,12,12],"toyota-financement.fr":[1,12],"toyota-tech.eu":[1,12],"toyota.ca":[1,9,12],"toyota.co.jp":[1,12],"toyota.co.uk":[1,12],"toyota.com":[1,12],"toyota.com.au":[1,9,12],"toyota.de":[1,9,12],"toyota.es":[1,9,12],"toyota.fr":[1,9],"toyota.it":[1,9],"toyota.jp":[1,12],"toyota.se":[1,9],"toyotafinanceonline.com.au":[1],"toyotafinancial.com":[1],"toyotanation.com":[1,12],"toyotaownersclub.com":[1,12],"toyotaownersonline.com":[1,12],"toyotapartsdeal.com":[9,12],"toyotaperformancecenter.com":[12],"toypro.com":[3,9],"toyscenter.it":[9],"toysrus.at":[9],"toysrus.ca":[9],"toysrus.ch":[9],"toysrus.co.jp":[9],"toysrus.co.uk":[9],"toysrus.com":[9],"toysrus.com.au":[9],"toysrus.de":[9],"toysrus.es":[9],"toysrus.fr":[9],"toytowngermany.com":[7,1,12],"toywiz.com":[9],"tozandoshop.com":[9],"tozlu.com":[9],"tp-eovi-mcd.net":[12],"tp-isante.fr":[1],"tp-link.com":[1,5],"tp-link.us":[1,5],"tp.edu.sg":[12],"tp.edu.tw":[1,12],"tp1.jp":[12],"tpa.com":[1,12],"tpabenefits.com":[1],"tpac.org":[1,12],"tpay.com":[1],"tpb.gov.au":[1,12],"tpb.vn":[1,2],"tpc-etesting.com":[1,12],"tpc.com":[12],"tpcllp.com":[1,12]}