{"surefirewealth.com":[1],"surefit.net":[1,5],"suremed.com":[1],"surepayroll.com":[1],"sureprep.com":[1,12,5],"sureseats.com":[1,3],"suresecure.com":[12],"sureserver.com":[12],"suresupport.com":[1,12,5],"surething.co.uk":[1],"surething.com":[1,5],"suretrader.com":[1,2],"suretycloud.com":[1,12],"sureware.com":[1],"surewest.com":[1],"surewest.net":[3,7],"surexdirect.com":[1],"surf.stick":[12],"surf4coin.com":[1],"surfaceforums.net":[5,10],"surfair.com":[1,12,3],"surfanic.co.uk":[9],"surfddtank.top":[1],"surfdome.com":[9],"surfdome.fr":[9],"surfearner.com":[1,12,5],"surfeasy.com":[5,12],"surfer.com":[1,3,7],"surfermag.com":[3],"surfersjournal.com":[1,12],"surffact.de":[9],"surfingbird.ru":[1],"surfline.com":[1,7],"surflinegh.com":[1],"surflottery.com.au":[1,3],"surfly.com":[1],"surfmore.eu":[1,12,3],"surfnetcorp.com":[1,5],"surfory.com":[1,12,5],"surfprofit.eu":[1],"surfrace.nl":[1,12],"surfreturn.com":[1,12],"surfskeleton.com":[12],"surfsonix.com":[1],"surfspot.nl":[1,5,9],"surfstitch.com":[9],"surftown.com":[1,5],"surftown.dk":[1,5],"surftown.se":[1,5],"surftp.com":[1,5],"surfwithmoney.com":[1],"surge.sh":[1,5],"surge365.com":[1],"surgeforcegroup.com":[1,12],"surgelearning.ca":[1,12],"surgentcpe.com":[1,12],"surgeons.org":[1,12],"surgicalcore.org":[1,12],"surinaamseten.nl":[1,3],"surinternet.com":[1],"surinvitation.com":[1,9],"surlaroutedesvacancesavecdaunat.fr":[1],"surlatable.com":[9],"surmesurepascher.com":[9],"surpasshosting.com":[1,5],"surpay.site":[1],"surplex.com":[1,9],"surplusammo.com":[9,12],"surpluscenter.com":[9],"surpluscomputers.com":[12],"surplustronics.co.nz":[9],"surpricenow.com":[1,11],"surprize.ch":[1,9],"surrealmoviez.info":[12],"surrey.ac.uk":[1,12],"surrey.ca":[1,12],"surreycc.gov.uk":[1],"surreylibraries.org":[1,12],"surreyportal.co.uk":[12],"surreyschools.ca":[12],"surs.org":[1,12],"suruga-ya.jp":[3,9],"surugabank.co.jp":[1,2],"survarium.com":[1,3,3],"surveilzone.com":[9],"surveyanalytics.com":[1],"surveyanyplace.com":[1,12],"surveybods.com":[1],"surveycenter.com":[1,12],"surveychoice.com.au":[1],"surveyclub.com":[1,12],"surveyconsensus.com":[1],"surveydownline.com":[1],"surveyeah.com":[1],"surveyeveryone.com":[1],"surveyfunnel.io":[1,12],"surveygizmo.com":[1],"surveygizmo.eu":[1],"surveygoo.com":[1]}