{"juicedb.com":[12,9],"juicemaster.com":[12],"juiceplus.ch":[12,1,3],"juiceplus.com":[12,1,3],"juiceplusvirtualoffice.com":[1],"juicer.io":[1],"juicerecipes.com":[1,3],"juicerewards.co.uk":[1],"juicero.com":[12,1],"juicyads.com":[12],"juicyboys.com":[12],"juicycouture.com":[9],"juicystakes.eu":[3,3],"jujama.com":[1],"juju.com":[1],"juke.com":[12],"jukebox.fr":[3,3],"jukeboxprint.com":[1,2,9],"jukedeck.com":[1,12],"jukely.com":[1,12,3],"jukinmedia.com":[1,3],"jula.no":[1,9],"jula.se":[9],"julbo-pro.com":[9],"juleica-antrag.de":[1,12],"julep.com":[1,9],"jules.com":[1,9],"julesjordan.com":[12],"julianbakery.com":[1,9],"juliasneedledesigns.com":[1,9],"juliendorcel.com":[9],"julipa.com":[9],"julitec.com":[1],"juliusbaer.com":[1,12],"julyservices.com":[1,12],"jumbabet.com":[3,3],"jumblo.com":[1],"jumbo-score.com":[1],"jumbo.cl":[12,3,9],"jumbo.com":[1,9],"jumbo.com.ar":[9],"jumbo.pt":[9],"jumbocash.net":[12],"jumboleerplein.nl":[1,12],"jumbolotto.de":[3],"jumbomail.me":[1,5],"jumbopets.com":[12,9],"jumbula.com":[1],"jumei.com":[9],"jumeirah.com":[1,11],"jumia.ci":[9],"jumia.cm":[9],"jumia.co.ke":[9],"jumia.com":[1],"jumia.com.eg":[9],"jumia.com.gh":[9],"jumia.com.ng":[9],"jumia.com.tn":[9],"jumia.ma":[9],"jumia.sn":[9],"jump4love.com":[10],"jumpbooks.com":[1,12],"jumpbox.com":[1,5],"jumpchart.com":[1],"jumpcloud.com":[1,5],"jumpcut.com":[1,12],"jumpdesktop.com":[1,5],"jumpeyecomponents.com":[1,12,5],"jumpflight.com":[1],"jumpforward.com":[1,12],"jumplead.com":[1],"jumpline.com":[1,5],"jumpmanual.com":[1,12],"jumpmath.org":[12],"jumpro.pe":[1,12],"jumpsend.com":[1],"jumpshare.com":[1,5,10],"jumpshot.com":[1],"jumpstart.com":[12],"jumpstartmd.com":[1,12],"jumptags.com":[1],"jumptuit.com":[1,5],"jumpw.com":[1],"junaeb.cl":[12],"junecloud.com":[1,12,9],"juneyaoair.com":[1,11],"jungborn.de":[1,9],"jungfrau.ch":[1,12],"junghanswolle.de":[9],"jungledisk.com":[1,5],"jungleerummy.com":[1,3,3],"junglejapan.com":[1,5],"junglememory.com":[1,12],"junglescout.com":[1,5],"junglokdo.com":[1,3,3],"jungseed.com":[3,9],"junior-entreprises.com":[1,12],"juniorgolfscoreboard.com":[1,12,3],"juniorlibraryguild.com":[1,12]}