{"okc.gov":[1,12],"okcaller.com":[1,12,5],"okcashbag.com":[12],"okcasual.com":[10],"okchanger.com":[1,2],"okcoin.cn":[1,2],"okcoin.com":[2],"okcollegestart.org":[12],"okcountyrecords.com":[1,12],"okcu.edu":[12],"okcupid.com":[10],"okdhs.org":[1],"okdhslive.org":[1,12],"okemo.com":[1],"okex.com":[2],"okeydostavka.ru":[12],"okhca.org":[1,12],"okhcp-eds.com":[12],"oki-ni.com":[9],"okidata.com":[1,12],"okidoki.ee":[9],"okidokiland.com":[1,9],"okigolf.com":[1,3],"okik.me":[1],"okitour.net":[1,11],"okjobmatch.com":[12],"okkazeo.com":[1,12],"okko.tv":[1,12,3],"oklahomacentral.org":[1,2],"oklahoman.com":[1,12,7],"oklahomanaturalgas.com":[12],"okmall.com":[1,9],"okmoney.es":[1],"okoban.com":[1],"okodukai.jp":[1,9],"okpal.com":[12],"okpay.com":[1],"okq8.se":[1],"okstate.edu":[12],"oksusu.com":[12],"okta-emea.com":[1],"okta.com":[1],"oktapreview.com":[12],"oktatas.hu":[12],"oktawave.com":[1,5],"okticket.de":[1,12,3],"oktoplus.com.br":[1],"oktopost.com":[1],"oktw.me":[1],"okulistik.com":[12],"okwave.jp":[1,12],"ola.com":[9],"ola.vn":[1,12],"olacabs.com":[1],"olafdj.fr":[3],"olaplex.com":[1,12],"olarila.com":[12,10],"olark.com":[1],"olat.com":[1,12],"olatheks.org":[1,12],"olatheschools.com":[1,12],"olay.co.uk":[1,12,9],"olay.com":[1,12,9],"olaz.de":[1,12,9],"olb-ebanking.com":[12],"olbg.com":[3],"old-friends.co":[12],"oldcaronline.com":[1,9,12],"oldcastle.com":[1],"oldchicago.com":[1],"oldenbourg-klick.de":[1,12],"oldenglishinns.co.uk":[1],"olderdatingonline.co.uk":[10],"olderdatingonline.com":[10],"olderwomendating.com":[10],"oldfriends.co.nz":[12,10,9],"oldgods.net":[12],"oldham.gov.uk":[1,12],"oldi.ru":[9],"oldies.com":[3,9],"oldmutual.co.za":[1,2],"oldmutual.com.co":[1,2,12],"oldmutualinternational.com":[1,12],"oldmutualwealth.co.uk":[1,2],"oldmutualwealth.it":[1,2],"oldnational.com":[1,2],"oldnavy.ca":[9],"oldnavy.com":[9],"oldorchard.com":[12,1,9],"oldrepublictitle.com":[1],"oldride.com":[1,9,12],"oldschoolhack.de":[12],"oldschoolhack.me":[12,3],"oldtimecandy.com":[1,9],"oldtimepottery.com":[9],"oldtimersguild.com":[12,3,10],"oldtownschool.org":[1,12],"oldversion.com":[1,5],"oldvictheatre.com":[1,12]}