{"socialsecurity.com":[12],"socialsecurity.gov":[1,12],"socialsecurity.org":[12],"socialsecuritysolutions.com":[1],"socialsecuritytiming.com":[1],"socialserve.com":[1,12],"socialservice.com":[6],"socialsex.biz":[10],"socialshaker.com":[1],"socialshield.com":[1,5],"socialshopper.com":[12],"socialsoup.com":[1,12,3],"socialsourcingnetwork.com":[12],"socialspark.com":[1],"socialspirit.com.br":[1,12,3],"socialstudies.com":[12],"socialstudiofx.net":[1],"socialsuite.io":[12],"socialsurf4u.com":[1],"socialtables.com":[1],"socialtalent.co":[1,12],"socialtext.net":[1,12],"socialtoaster.com":[1],"socialtools.ru":[1],"socialtrade.biz":[1,12],"socialtrader.co":[1],"socialtrafficalchemy.com":[12],"socialtraininglab.com":[1,12],"socialu.com":[12],"socialware.be":[12],"socialware.com":[1],"socialworkers.org":[1,12],"sociate.ru":[1],"sociboom.com":[12],"socibot.us":[12],"societe.com":[12],"societegenerale.com":[1,12],"societegenerale.fr":[1,2],"societeinfo.com":[1,5],"society6.com":[9],"societyforscience.org":[12],"societygolfing.co.uk":[1,12],"societyleadership.org":[12],"societyoflove.org":[12],"socihub.io":[1],"sociodofutebol.com.br":[1,9],"sociotex.com":[1,12],"sociotorcedor.com.br":[1,12],"socious.com":[1],"sockclub.com":[1,9],"sockdreams.com":[9],"socket.net":[1],"socketlabs.com":[1],"socketmobile.com":[1,5],"socketsforlife.com":[9],"sockfancy.com":[1,9],"sockittome.com":[9],"socksaddict.com":[9],"sockshare.com":[10],"sockshop.co.uk":[9],"soclean.com":[1],"socnhi.com":[1,12],"sococo.com":[1],"soconngas.com":[1,12],"socookbook.com":[1,3],"socopa.com.br":[1,2,12],"socopa.fr":[1],"socougar.com":[1,12],"socphotostore.com":[1,3,9],"socpublic.com":[1,12,5],"socrambanque.fr":[1,2],"socrata.com":[1,12],"socratestheme.com":[1,5],"socratic.org":[12],"socraticforum.com":[1],"socrative.com":[12],"socratos.net":[1],"socscms.com":[1,12],"soctop.net":[1],"socupnews.com":[1],"sod.co.jp":[12,1,9],"sodahead.com":[1],"sodapdf.com":[1,12],"sodastream.be":[1,9],"sodastream.co.il":[1,9],"sodastream.co.uk":[1,9],"sodastream.com.au":[1,9],"sodastream.de":[12,1,9],"sodastream.fr":[1],"sodastream.nl":[1,9],"sodastreamusa.com":[12,1,9],"sodebo.com":[1,3],"sodebo.fr":[1,3],"sodeco-new.com":[9,12],"soderbergpartners.se":[1,12],"sodetrel-mobilite.fr":[1],"sodexhomail.com":[1,12,5],"sodexhopass-mx.com":[1,12],"sodexhopass.it":[12]}