{"furnishweb.com":[1],"furniture-work.co.uk":[1,9],"furniture7.com":[1,9],"furniturebox.se":[9],"furnitureclinic.co.uk":[1,9],"furniturefinders.com":[1,9],"furnitureinfashion.net":[9],"furniturelandsouth.com":[1,9],"furniturepick.com":[9],"furniturerow.com":[9],"furplay.net":[1,3],"furriesxtreme.org":[1,12],"furry-paws.com":[12],"furry-telegram-groups.net":[1,12],"furrybeachclub.com":[1,12],"furrymap.net":[1,12],"furrymate.com":[1,12],"furrynetwork.com":[1],"furstre.am":[1,12,5],"furu-po.com":[1],"furu1online.net":[1],"furunavi.jp":[1,9],"furusato-tax.jp":[1],"furvilla.com":[12],"fury.io":[1,5],"fusa.be":[1,5],"fusacq.com":[1,12],"fuse.net":[1,3,7],"fusebux.com":[12],"fusemail.com":[1,5],"fusesport.com":[1],"fusetools.com":[1,12,5],"fuseuniversal.com":[1,12],"fusil-calais.com":[9,12],"fusion-festival.de":[1,12,3],"fusion-lifestyle.com":[1,12],"fusion-network.eu":[12],"fusion-universal.com":[12],"fusion101.com":[10],"fusionbeads.com":[1,9],"fusioncash.net":[12],"fusioncharts.com":[1,12,5],"fusioncom.co.jp":[1,5],"fusioneticssportsscience.com":[1],"fusionfalluniverse.com":[12],"fusionhq.com":[1],"fusioninvoice.com":[1],"fusionio.com":[12],"fusionrewards.com.au":[1,9],"fusionwebclinic.com":[1],"fusionwifi.com":[1],"fusiumsolutions.com":[1],"fussball.de":[1,12,3],"fussballcup.de":[1],"fussballlivestream.tv":[3],"fussballoesterreich.at":[1,12],"fust.ch":[1,9],"futa.edu.ng":[1,12],"futanaripalace.com":[10],"futanet.hu":[1,12,3],"futbalnet.sk":[3],"futbin.com":[1],"futbol.cat":[1,5],"futbolemotion.com":[9,3],"futbomb.com":[3,9],"futebol.com":[3],"futebolcard.com":[1,3],"futebolmelhor.com.br":[12],"futfanatics.com.br":[1,9,3],"futfreak.com":[12],"futgalaxy.com":[1,3],"futgalaxy.nl":[1,3,3],"futgenie.com":[1],"futglory.com":[9],"futgoles.com":[1,3,3],"futhead.com":[12],"futmanager.com":[1,3],"futmatebot.com":[12],"futmillionaire.com":[1,2],"futminna.edu.ng":[12],"futon-factory.fr":[1,9],"futpacks.com":[1],"futrli.com":[1],"futroyale.fr":[12],"futterbauer.de":[1,12,9],"futterfreund.de":[1,12,9],"futterplatz.de":[12,9],"futu5.com":[1,2],"futur.fr":[1],"futura-sciences.com":[12],"futuracapital.net":[1,5],"futuraimbativel.com":[12],"futuramo.com":[1],"futurashop.it":[9],"future-bank.com":[2,12],"future-shop.jp":[1,9],"future-x.at":[1,5,9],"future-x.de":[1,5,9],"futureadpro.com":[1]}