{"nap.edu":[12],"napa-benefits.org":[1],"napaautocare.com":[1,9],"napacanada.com":[9,12],"napalmrecords.com":[9],"napaonline.com":[9],"napapijri.com":[9],"napaprolink.ca":[1],"napaprolink.com":[1,9],"naparebates.com":[1,9],"napastyle.com":[9],"napatraining.com":[1,9],"napc.pro":[1,12],"napcocomnet.com":[12],"napcosecurity.com":[1],"napcustomer.com":[1],"naperville-lib.org":[1,12],"naperville203.org":[12],"napfa.org":[1,12],"napier.ac.uk":[1,12],"napiprojekt.pl":[1,12,3],"napisy24.pl":[3,12],"napitonline.com":[1],"naplesgov.com":[1,12],"naplesnews.com":[1,12,7],"napoleongames.be":[3,3],"napoleonx.ai":[1,2,12],"napolyon.com":[1,12],"napratica.org.br":[1,12],"napsgear.org":[1,12,9],"napshelp.com":[1,5],"napster.co.uk":[1,3],"napster.com":[1],"napster.de":[1,12,3],"napthe.vn":[1],"napw.com":[1,12],"nar.realtor":[1,12],"naranja.com":[1,9],"naranjasdelcarmen.com":[12,1,3],"narayana-verlag.de":[1,12,4],"narbonneaccessoires.fr":[1,9],"narendramodi.in":[1,12],"narescue.com":[1],"narfe.org":[1,12],"naric.org.uk":[1,12],"narms.com":[1,12,12],"narod.ru":[1,5],"narodnipanel.cz":[1,12],"narodnypanel.sk":[1,12],"narpm.org":[1,12],"narrativeapp.com":[1],"narrativemagazine.com":[12,3],"narro.co":[1,12],"narrow.io":[1],"narrpr.com":[1,8],"narscosmetics.com":[1,12,9],"naruho.do":[3],"naruto-arena.com":[3,3],"naruto-kun.hu":[1,12,3],"narutobase.net":[3],"narutodaichien.com":[3],"narutodaichien.net":[12],"narutoforums.com":[3],"narutogame.com.br":[3,3,9],"narutoplayers.com.br":[1,3],"nas-central.org":[1,12],"nas-forum.com":[1,5],"nas.edu":[12],"nas4free.org":[1,5],"nasa.gov":[1,12,7],"nasafcu.com":[1,2],"nasaproracing.com":[1,12],"nasaprs.com":[12],"nasaspaceflight.com":[12,3],"nasb.com":[1,2],"nasba.org":[1,12],"nasboces.org":[12],"nascar.com":[3],"nascarfancouncil.com":[12],"nascarhologram.com":[1,3],"nascigs.com":[12,12,9],"nasdaq.com":[1,2],"nase.org":[12],"nashanyanya.ru":[1,6],"nashbar.com":[9],"nashuanutrition.com":[1,9],"nashuatelegraph.com":[1,12,7],"nashville.gov":[1,12],"nashville.org":[1,12],"nashvillesymphony.org":[1,12,3],"nashvillewraps.com":[1,9],"nasioc.com":[1,12,3],"nasm.org":[1,12],"nasn.org":[12],"naspa.de":[1,2],"naspa.org":[1,12],"nasponline.org":[12],"nassau247.com":[1,9],"nassaucountyny.gov":[1,12]}