{"thinkbigmembers.com":[12],"thinkbroadband.com":[1,5],"thinkbuzan.com":[1,12],"thinkcentral.com":[12],"thinkcerca.com":[12],"thinkcreditreports.com":[1],"thinkedu.com":[9],"thinkempire.com":[9],"thinkenergy.com":[1,12],"thinkery.me":[1,12,5],"thinkeryaustin.org":[1,12],"thinkexist.com":[1,12],"thinkforex.com":[2],"thinkfree.com":[12],"thinkful.com":[1,12],"thinkgaming.com":[1,5],"thinkgeek.com":[9],"thinkhdi.com":[1],"thinkheyday.com":[1,12],"thinkhr.com":[1],"thinkib.net":[1,12],"thinkific.com":[1],"thinkingcapital.ca":[1],"thinkingphones.com":[1],"thinkmarkets.com":[2],"thinkmate.com":[1],"thinkmoney.co.uk":[1,2],"thinkorswim.com":[2],"thinkpacifica.com":[1,12,4],"thinkpad-forum.de":[12,3,5],"thinkpads.com":[1,5,7],"thinkparametric.com":[1,12],"thinkport.org":[12],"thinkproject.com":[1],"thinkreg.com":[1,5],"thinksai.com":[1],"thinkscripter.com":[1,12,10],"thinkspain.com":[1,12],"thinkster.io":[1,12,5],"thinksteroids.com":[12],"thinkstockphotos.ca":[1,12,10],"thinkstockphotos.co.uk":[1,12,10],"thinkstockphotos.com":[1,12,10],"thinkstockphotos.com.au":[1,12,10],"thinkstockphotos.de":[1,12],"thinkstockphotos.fr":[1,12],"thinkswap.com":[12],"thinktankphoto.com":[1,9],"thinkthroughmath.com":[12],"thinktq.com":[1,12],"thinkup.com":[1,9],"thinkupthemes.com":[1,5],"thinkwave.com":[1,12],"thinkwell.com":[12],"thinkwellhomeschool.com":[12],"thinkzoom.com":[1,12],"thinslimfoods.com":[3],"thinstuff.com":[5],"thirdchannel.com":[1],"thirdeditions.com":[1,12,3],"thirdfederal.com":[1,2],"thirdfederalonline.com":[1,2],"thirdgen.org":[1,12,9],"thirdhome.com":[1],"thirdlight.com":[1],"thirdlove.com":[12,9],"thirdmanstore.com":[1,3,9],"thirdsector.co.uk":[1,12],"thirdspace.london":[1,12],"thirdspace.us":[1,12],"thirdstreetsoftware.com":[12,5],"thiriet.com":[1],"thirstofnight.com":[1,12],"thirtykingdoms.com":[3],"thirtyminutesormore.net":[1,5],"thirtyonegifts.com":[9],"thirtyonetoday.ca":[1],"thirtyonetoday.com":[1],"this.cm":[1,12],"thisamericanlife.org":[1,12,3],"thisav.com":[12],"thiscrush.com":[1,3],"thishabbo.com":[1,12],"thisis.co.uk":[12],"thisisaday.com":[12],"thisisads.co.uk":[1],"thisisant.com":[1,12],"thisislanguage.com":[1,12],"thisislegal.com":[1,12,5],"thisislondon.co.uk":[1,3,7],"thisismoney.co.uk":[1,2],"thisismyjam.com":[12],"thisispowder.co.uk":[1,9],"thisisushomesense.ca":[1,12],"thisisusmarshallscanada.ca":[1,12],"thisisuswinners.ca":[1,12],"thisiswhyimbroke.com":[1,9],"thislife.com":[10],"thisoldhouse.com":[1,9]}