{"wiltec.info":[1,9],"wilton.com":[1,3],"wiltshire.gov.uk":[1,12],"wiltshirefarmfoods.com":[1,3,9],"wimba.com":[12],"wimdu.co.uk":[1,11],"wimdu.com":[1,11],"wimdu.de":[1,11],"wimdu.es":[1,11],"wimdu.fr":[1,11],"wimdu.it":[1,11],"wimdu.nl":[1,11],"wimhofmethod.com":[1,12],"wimi-teamwork.com":[1,5],"wimi.pro":[1,5],"wimi5.com":[1,12,5],"wimoodshop.nl":[1,9],"wimp.de":[1],"wimp.dk":[1,3],"wimp.no":[1],"wimpmusic.com":[1,3],"wimpmusic.se":[1],"wimpykidclub.co.uk":[1,3],"win-10-forum.de":[1,5],"win-free-stuff.com.au":[3,3],"win-raid.com":[12,10],"win-torrent.net":[12,5],"win-vps.com":[1,5],"win.be":[1,5],"win2day.at":[3],"win3x.org":[12],"win7download.de":[1,5],"win7vista.com":[1],"winadaycasino.eu":[3,3],"winadinner.com":[1,3],"winafordfusion.ca":[1,12],"winafordmustang.ca":[1,9,12],"winamax.fr":[3,3],"winamp.com":[12],"winancial.com":[1,2],"winario.de":[3,3],"winautomation.com":[1,5],"winbank.gr":[1,2],"winbiap.de":[1,12],"winbiap.net":[12],"winboard.org":[1,5],"winc.com":[12],"winc.com.au":[12],"wincapweb.com":[1,12],"wincashlive.com":[1],"wincert.net":[1,5],"wincher.com":[1,5],"winchester.ac.uk":[12],"winchesterstar.com":[12,3,7],"winclub.pl":[5,10],"winco.com.br":[1],"wincrsystem.com":[12],"wincustomize.com":[1,5],"wind.com.gr":[1,9],"wind.gr":[1],"wind.it":[1,12],"windalert.com":[1,12,7],"windandweather.com":[9],"windcreekcasino.com":[12],"windeed.co.za":[1],"windelbar.de":[9],"windeln.ch":[1,9],"windeln.de":[9],"winderfarms.com":[1,3],"windermere.com":[1],"windesheim.nl":[12],"windev.com":[1,5],"windguru.cz":[12],"windhaveninsurance.com":[1],"windmobile.ca":[1,5],"windofluck.com":[12],"windowfarms.org":[1,12],"windowmalaysia.my":[1,12],"windowparts.com":[9],"windows-10-forum.com":[1,5],"windows-7-forum.net":[1,5],"windows-hilfe-forum.de":[1,5],"windows-noob.com":[5],"windows.com":[1,5],"windows.net":[1,5],"windows10download.com":[5],"windows10forums.com":[5,10],"windows10update.com":[1,5],"windows7download.com":[5],"windows7forums.com":[5,10],"windows8downloads.com":[1,5],"windowsazure.cn":[1,5],"windowsazure.com":[1,5],"windowsbbs.com":[1,5,10],"windowsblogitalia.com":[1,5,7],"windowscentral.com":[5],"windowsdeal.com":[1,5],"windowsfacile.fr":[1,5],"windowsforum.com":[5,10]}