{"thebase.in":[1,5,9],"thebathoutlet.com":[9],"thebatterysf.com":[12],"thebatterysupplier.com":[9],"thebay.com":[9],"thebeardclub.com":[1,9],"thebeast1.com":[1,12,5],"thebeast2.com":[1,12,5],"thebeastkodi.com":[1,12,5],"thebeautifulwalk.com":[1,12],"thebeautyplace.com":[9],"thebeautyst.com":[1,9],"thebeerexchange.io":[1],"thebehemoth.com":[12,3,3],"thebeijinger.com":[1,12],"thebellgarage.com":[1,9],"thebeneficial-ebanking.com":[1,2],"thebeneficial.com":[12],"thebenefitbank.org":[1],"thebenefitshub.com":[1],"thebescasino.com":[12],"thebest-fruitfarm.ru":[1],"thebestdessertrecipes.com":[1],"thebestof.co.uk":[1],"thebestshop.eu":[12,9],"thebestspinner.com":[1,12,5],"thebetterhealthstore.com":[9],"thebetterlife.com":[1,12],"thebettyrocker.com":[7,1,12],"thebibleproject.com":[12,12],"thebigbelltest.org":[1,12],"thebigchallenge.com":[5],"thebigfreechiplist.com":[3,3],"thebiggive.org.uk":[1,12],"thebigknow.com":[1,12],"thebigu.info":[12],"thebigword.com":[1],"thebillioncoin.info":[1],"thebillioncoin.org":[1],"thebillioncoin.trade":[12],"thebitcoin.pub":[12],"thebitcoincode.co":[1,2],"thebitcoincode.com":[1,2],"thebitcoinscode.com":[1],"theblackboxostv.co.uk":[1],"theblackfriday.com":[1,9],"theblacksimmer.com":[1,12,10],"theblacktux.com":[1,9],"theblackvault.com":[12],"theblaze.com":[1,5],"theblizzard.co.uk":[12,3],"theblockheads.net":[1,12,9],"theblocksfactory.com":[12],"thebloggerprogramme.com":[10,3,11],"thebloodconnection.org":[1,12],"thebloodsugardiet.com":[12,3,4],"thebluebook.com":[1],"thebmc.co.uk":[1,12],"thebodycoach.co.uk":[1,12],"thebodycoach.com":[1,12],"thebodyshop-usa.com":[1,9],"thebodyshop.ca":[1,9],"thebodyshop.co.uk":[1,9],"thebodyshop.com":[1,9],"thebodyshop.com.au":[9],"thebodyshop.de":[1,9],"thebodyshop.fr":[1,9],"thebodyshop.in":[1,9],"thebodyshop.nl":[1,9],"thebookedition.com":[1,3,9],"thebookingbutton.com":[1],"thebookofeveryone.com":[1,3,9],"thebookpatch.com":[1,9],"thebookpeople.co.uk":[3,9],"thebookseller.com":[12,3],"thebookyard.com":[1,9],"thebootstrapthemes.com":[1,9],"theborgata.com":[1,3,3],"thebossgroup.com":[1],"thebot.net":[1,5,10],"thebotnet.com":[10],"thebouqs.com":[1],"thebox.bz":[1],"thebrain.com":[1,12],"thebrandbank.com":[1,2],"thebreakaway.net":[10,3],"thebrick.com":[9],"thebrilliantclub.org":[1,12],"thebrilliantgiftshop.co.uk":[9],"thebroad.org":[1,12],"thebrokentoken.com":[9],"thebruerystore.com":[1,9],"thebuddyforum.com":[10],"thebuildcardservicing.com":[1],"thebump.com":[12,4],"thebusinessdesk.com":[1,12],"thebusinessplanshop.com":[1],"thebuxer.com":[1,12],"thecakedecoratingcompany.co.uk":[9]}