{"seriespepito.to":[12,3],"seriessub.com":[1,12,3],"seriestv.in":[10],"seriesyonkis.com":[3],"seriesyonkis.sx":[12],"serif.com":[1],"serifwebresources.com":[1],"seriousaboutcoffee.com":[1,3,9],"seriousbloggersonly.com":[1,12],"seriouscigars.com":[12,9],"seriouseats.com":[12],"seriousteachers.com":[12],"serisystem.com":[1],"serko.com":[1],"serko.travel":[1],"sermepa.es":[12],"sermo.com":[1,12,4],"sermon.net":[1,5],"sermonaudio.com":[1,12,12],"sermoncentral.com":[12,3,12],"sermonplayer.com":[12],"sermons.com":[12,12],"sermonsearch.com":[1,12,12],"sermonshare.net":[12],"sermonspice.com":[1,12],"sermonstudio.net":[12],"sernac.cl":[1,12],"serpbook.com":[1,12,5],"serpclix.com":[1],"serped.net":[1,5],"serpfox.com":[1],"serplab.co.uk":[1,12],"serplis.com":[3],"serprank.com":[1,12,5],"serpro.gov.br":[1,5],"serps.com":[1,5],"serpstat.com":[1,5],"serpwoo.com":[1],"serta.com":[1,9],"sertifi.com":[1],"sertifi.net":[1],"servadomicile.fr":[1,12],"servage.net":[1,5],"servconfig.com":[12],"servcorp.net":[1],"servcorponline.com.au":[1,12],"servdiscount.com":[5],"serve.com":[1,2],"servebbs.com":[1,5],"servebeer.com":[1,5],"servedbystadium.com":[1],"serveftp.com":[1,5],"serveftp.net":[1,5],"serveftp.org":[1,5],"servegame.com":[1,5],"servegame.org":[1,5],"servehttp.com":[1,5],"servelite.fr":[1],"server-essentials.com":[1,5],"server-eye.de":[1,5],"server-he.de":[12],"server-home.org":[12],"server-provider.com":[1,5],"server-secure.com":[12],"server.pro":[1,5],"server101.com":[1,5],"server4voice.de":[1,5],"server4you.com":[1,5],"server4you.de":[1,5],"server4you.net":[1,5],"serverbuilds.nl":[1,5],"servercontrolpanel.de":[12],"servercraft.co":[1,5],"serverdata.net":[1],"serverdensity.com":[1,5],"serverdensity.io":[1,5],"serverfault.com":[5,10],"serverfire.net":[1],"servergamers.net":[1,5],"serveriai.lt":[12],"servermania.com":[1,5],"serverminer.com":[1,3,5],"serveromat.com":[1,3,5],"serverpact.com":[3,5],"serverpact.nl":[3,5],"serverpilot.io":[1,5],"serverping.net":[1,5],"serverplan.com":[1,5],"serverpoint.com":[1,5],"serverportal.com":[1],"serverpress.com":[1,5],"serverprofis.net":[1,5],"serversdirect.com":[1,5],"serversfree.com":[1,5],"servershop24.de":[1,5,9],"serversicuro.it":[5],"serversmtp.com":[1],"serversplus.com":[1,5,9],"serversupply.com":[1,5,9]}