{"m1net.com.sg":[1,12],"m2bob.net":[1,5],"m2epro.com":[1],"m2j.co.jp":[1,2,12],"m2omedia.com":[12],"m2p.com":[3],"m3-connect.de":[1],"m3.com":[1,12,4],"m3as.com":[1],"m3com.com.sa":[12],"m3connect.de":[1],"m3cutters.co.uk":[1],"m3forum.net":[1,12],"m3globalresearch.com":[1,12],"m3panel.com":[1,9],"m3panel.dk":[1,9],"m3panel.se":[1,9],"m3play.com":[1,3,3],"m3post.com":[1,3,12],"m4carbine.net":[10],"m4m-world.com":[10],"m4m4sex.com":[10],"m4marry.com":[1],"m4maths.com":[1,12],"m4v.me":[1,3,5],"m5board.com":[1,12],"m5leadmachine.com":[12],"m6.fr":[1],"m6boutique.com":[9],"m6mobile.fr":[1],"m6r.fr":[1,12],"m6toll.co.uk":[1],"m7group.eu":[1,3],"m86security.com":[1,5],"m88cvf.com":[3],"ma-bimbo.com":[1,3,3],"ma-bmw.com":[1,12],"ma-box-media.fr":[1,5],"ma-carte-cadeau.com":[9],"ma-carte-dialogues.fr":[1],"ma-comptabilite.com":[1,12],"ma-config.com":[5],"ma-demarche-fse.fr":[12],"ma-galerie-marchande.com":[1,9],"ma-guilde.fr":[1,12],"ma-page.fr":[1,12,5],"ma-planete.com":[1,12,3],"ma-prepa-quotidienne.fr":[12],"ma-queue.com":[12],"ma-reduc.com":[1,9],"ma-residence.fr":[1,12],"ma-seedbox.me":[1,5],"ma-web.nl":[1,12],"ma.edu":[12],"ma.gov.br":[1,12],"ma.us":[12],"maa.org":[12],"maac.net":[1,8],"maaf.fr":[1,2],"maafvie.fr":[12],"maagie.de":[12],"maakenterprises.com":[12],"maam.ru":[12],"maarif.com.sa":[1,12],"maas360.com":[1,5],"maasmechelenvillage.com":[1,9],"maastrichthousing.com":[12],"maastrichtuniversity.nl":[1,12],"maatwerk.nl":[1],"maavaishnodevi.org":[1,12],"mabanque.bnpparibas":[1,2],"mabanqueprivee.bnpparibas":[1,2],"mabanquepro.bnpparibas":[1,2],"mabeauteengagee.fr":[12,3],"mabelleferme.fr":[1],"mabelslabels.com":[1,9],"mabeo-direct.com":[9],"mabimods.net":[1,12,5],"maboiteabeaute.com":[9],"mabonnesante.fr":[12,4],"maboutiqueonaturel.com":[1,3,9],"maboutiqueregimedukan.com":[1,3],"mabuhaymiles.com":[1],"mabusinessattitude.fr":[1],"mac-bb.org":[12],"mac-forums.com":[10],"mac-msp.com":[1],"mac-torrents.com":[1],"mac-torrents.me":[12],"mac-tv.de":[1,12,3],"mac.com":[1,9],"mac.com:80":[1,9],"mac1.no":[1,5,9],"mac4ever.com":[3,7,9],"macabacus.com":[1],"macafee.com":[1,5,9],"macalester.edu":[12],"macam.ac.il":[1,12],"macanforum.com":[1,3]}