{"hh-point.jp":[1,12],"hh.kz":[1,6],"hh.ru":[1,6],"hh.se":[12],"hh.ua":[1,6],"hh2.com":[1],"hhchealth.org":[1,12,4],"hhcolorlab.com":[1,9],"hhgregg.com":[9],"hhgroups.com":[3],"hhimagehost.com":[1],"hhk-international.com":[12],"hhloans.com":[1,12],"hhmi.org":[12],"hhonors.com":[1],"hhonorsdining.com":[1],"hhpublishing.com":[1,12],"hhpv.de":[12],"hhs.gov":[1,12],"hhs.nl":[1,12],"hhsc.ca":[1,12,4],"hhshopwithpoints.com":[12],"hhsys.org":[1,12,4],"hhu.de":[12],"hhv.de":[1,9],"hhwforum.hu":[12,3,10],"hi-epanel.com":[1,12],"hi-life.co.uk":[1],"hi-million.com":[1,12],"hi-pda.com":[1,5],"hi-precision.com.ph":[1,12,4],"hi-tier.de":[1,12,5],"hi.is":[12],"hi.nl":[1,5],"hi10anime.com":[3],"hi5.com":[10],"hia.com.au":[1],"hiapk.com":[1,12],"hiapphere.com":[1,5,10],"hiapphere.org":[1,10],"hibbett.com":[12],"hibid.com":[1,9],"hibike.com":[9],"hibike.de":[1,9],"hibiki-an.com":[3,9],"hibiki-radio.jp":[1,3,3],"hibiyakadan.com":[1,9],"hibob.com":[1],"hiboox.fr":[1,3,10],"hibou-music.com":[1,12,3],"hibou-music.fr":[1,12,3],"hiboutik.com":[1,5],"hibox.co":[1],"hibu.com":[1],"hiccears.com":[1,12,5],"hichina.com":[1,5],"hickoryfarms.com":[3,9],"hicloud.com":[12],"hicoria.com":[1,5],"hicx.net":[1],"hidbid.com":[1,9],"hidden4fun.com":[12,3],"hiddenapp.com":[1,5],"hiddenlistings.com":[1],"hiddenlol.com":[12,3],"hiddensecretsofmoney.com":[1,12,3],"hiddenvalley.com":[1,3],"hiddns.com":[12],"hide-my-ip.com":[5,12],"hide-my-ip.org":[1,5,12],"hide.io":[1,5,12],"hide.me":[1,5,12],"hidebux.com":[5,12],"hideipvpn.com":[5,12],"hidelinks.in":[12],"hideman.net":[1,5,12],"hideme.be":[12],"hidemyass.com":[1,5,12],"hidemynumbers.com":[1],"hideproxy.me":[12],"hidester.com":[5,12],"hidevolution.com":[1,9],"hidglobal.com":[1,5],"hidinc.com":[1,12],"hidive.com":[1],"hidow.com":[1,12,4],"hidplanet.com":[1,12,10],"hidrive.com":[1,5],"hied.com":[12],"hiexpress.com":[1,11],"hif.com.au":[1],"hifi-forum.de":[3,7,9],"hifi-manuals.com":[1],"hifi-regler.de":[1,9],"hifi4all.dk":[12],"hifiberry.com":[1],"hificollective.co.uk":[1,9],"hificorner.nl":[1,9],"hificorp.co.za":[9]}