{"ss.lv":[9],"ss396.com":[9],"ssa.com":[12],"ssa.gov":[1,12],"ssa.me":[12],"ssa.org":[1,12],"ssactivewear.com":[9],"ssanalyzer.com":[1],"ssat.org":[1,12],"ssb-ag.de":[1,12],"ssb.it":[12],"ssb.no":[1,12],"ssbbartgroup.com":[1,12],"ssc-inc.com":[1],"ssc.edu":[12],"ssca.org":[1,12],"sscfundservices.com":[1],"sscnapoli.it":[12],"ssctech.com":[1],"sscu.net":[1,2],"ssdapp.com":[1],"ssdb.me":[1,12],"ssdcenter.nl":[1,5,9],"ssdcl.com.sg":[1,12],"ssdgpi.be":[12],"ssdnodes.com":[1,5],"sse-shares.com":[12],"sse.co.uk":[1],"sseairtricity.com":[1,9],"ssebusiness.co.uk":[1],"ssense.com":[1,9],"ssepd.co.uk":[1,12],"ssereward.com":[1],"ssfautoparts.com":[1,9,12],"ssfcu.org":[1,2],"ssfhs.org":[1,12,4],"ssfs.com.au":[1,2,12],"ssg.com":[9],"ssg.org.au":[12],"sshxl.nl":[12],"ssi-partner.com":[12],"ssih.org":[1,12],"ssill.info":[1,5],"ssir.org":[12],"ssisurveys.com":[1,12],"sska.de":[1,2],"sskduesseldorf.de":[1,2],"sskk.fi":[3,9],"sskm.de":[1,2],"ssl-account.com":[1,9],"ssl-eshops.de":[12],"ssl-gesichert.at":[12],"ssl-id.de":[9],"ssl-id1.de":[12],"ssl-news.info":[1,5],"ssl-secure-server.net":[12],"ssl-trust.com":[1,5],"ssl.com":[1,5],"ssl247.co.uk":[1,5],"ssl247.fr":[1,5],"ssl2buy.com":[1,5],"ssl3-secure-server.net":[12],"ssl7.net":[1],"sslcertificate.com":[1,5],"sslcertificaten.nl":[1,5],"sslco.com":[1,2],"ssldomain.com":[1,12],"sslespweb.com":[12],"sslfirearms.com":[1,9],"sslforfree.com":[1,5],"sslicny.com":[1],"sslkundenserver.de":[12],"sslmarket.de":[1,5],"sslmate.com":[1,5],"sslpoint.com":[1,5],"sslpost.com":[1],"sslprivateproxy.com":[1,5],"sslprotected.nl":[1,5],"sslrelay.com":[12],"ssls.com":[1,5],"sslsecure.com.au":[1,5],"sslsecurepayments.net":[1],"sslsites.de":[12],"sslsvc.com":[12],"ssm-einfo.my":[1,12],"ssm.com.my":[1,12],"ssmhc.com":[1,12,4],"ssndob.cc":[12],"sso.gov.ky":[1,5],"sso.ir":[1],"ssoa.bl.uk":[12],"ssoidp.gov.ps":[12],"ssonetwork.com":[1,12],"ssp-app.ca":[1,12],"ssp-europe.eu":[1],"ssp-hosting.com":[12],"ssp-intl.com":[1],"sspacademylive.co.uk":[1,12],"sspai.com":[1,12]}