{"cuddleclones.com":[1,12,9],"cuddlecomfort.com":[1],"cuddledown.com":[9],"cudenver.com":[1],"cudl.com":[1],"cudo.com.au":[1,9],"cudrc.com":[1],"cue-branch.com":[12],"cue-commerce.net":[12],"cue-lillenorddefrance.fr":[12],"cue-monitor.jp":[1],"cue.cc":[9],"cue.org":[1,12],"cuelinks.com":[1],"cuentadigital.com":[1],"cuentas-premium.com":[12],"cuentica.com":[1],"cuesta.edu":[12],"cuetoems.com":[1,12],"cueup.com":[12],"cuevana.tv":[12],"cuevapor.com":[12,12,9],"cuhk.edu.hk":[12],"cui.edu":[12],"cuidadodesalud.gov":[1],"cuir-city.com":[9],"cuisinart.com":[1,9],"cuisinartwebstore.com":[1,3,9],"cuisine-etudiant.fr":[12],"cuisine-plus.tv":[12],"cuisine.tv":[12],"cuisineactuelle.fr":[1,3],"cuisineaddict.com":[3,9],"cuisineaz.com":[3],"cuisineetvinsdefrance.com":[3],"cuisinelibrary.com":[1],"cuisines-schmidt.com":[1,9],"cuisinezvosidees.fr":[1],"cuisinstore.com":[1,3,9],"cuisissimo.com":[1,9],"cuissedegrenouille.com":[9],"cuivre.com":[1,12],"cukusa.com":[5,9],"culinaerie.com":[1],"culinary.edu":[12],"culinaryagents.com":[1,6],"cullgame.com":[1],"cullmanec.com":[1,12],"culsllc.com":[1],"cultbeauty.co.uk":[1,9],"cultival.fr":[1,12],"cultizm.com":[9],"cultmovienetwork.com":[1,3],"cultofmac.com":[1,7,9],"cultpens.com":[9],"cults3d.com":[3],"cultstyles.de":[12],"cultura.com":[3,9],"cultura.gov.br":[1,12],"culturaacademica.com.br":[12],"culturainglesa.net":[1,12],"culturainglesasp.com.br":[1,12],"culturalcare.com":[1,12],"culturaldata.org":[1,12],"culturaldistrict.org":[1,12],"culturall.com":[1],"culturalnavigator.com":[1,12],"culturalservices.net":[1,12,5],"culturaparatodos.es":[10],"culture.fr":[1,12],"culture.leclerc":[3,9],"cultureamp.com":[1],"culturebd.com":[3],"culturecontreculture.fr":[12],"culturedcode.com":[1,12],"culturedfoodlife.com":[1,12],"cultureforum.net":[12],"culturegrams.com":[1,12],"culturegrants.org":[1,12],"cultureindoor.com":[9],"culturekings.com.au":[9],"cultureland.co.kr":[1,12,9],"culturelle.com":[1,12,4],"culturesagri.fr":[12],"culturesforhealth.com":[1,9],"culturetheque.com":[12],"culturevelo.com":[9,3],"culturevulturedirect.co.uk":[1,9],"culturewizard.com":[1,12],"culvers.com":[1],"cumberland.co.uk":[1,2],"cumberlandcountylibraries.org":[1,12],"cumberlandfarms.com":[1],"cumblastcity.com":[12],"cumbria.ac.uk":[12],"cumhunt.com":[12],"cumlouder.com":[12],"cummins-distributors.com":[1,12],"cummins.com":[1]}