{"arvato-support.com":[12],"arvato-systems.de":[1],"arvento.com":[1],"arvest.com":[2],"arvestcentralmortgage.com":[1],"arvig.com":[1,5],"arvig.net":[1],"arvixe.com":[1,5],"arvixevps.com":[1,5],"arvo.org":[1,12],"arx.com":[1],"arx.to":[1,3],"arxgaming.com":[1,3],"arxiv-sanity.com":[1,12,5],"arxiv.org":[12],"aryion.com":[12,3],"aryty.com":[1],"arznei-telegramm.de":[12,4],"as-garten.de":[1,9],"as-invest.co.il":[1,2,12],"as.com":[3],"as24.com":[1,12],"as3companies.dk":[1,12],"asa.com":[1,12],"asa.edu":[1,12],"asa.org.uk":[1,12],"asa2fly.com":[1,12,9],"asaas.com":[1,12],"asada.gov.au":[1,12],"asadventure.com":[9],"asaecenter.org":[1,12],"asaging.org":[1,12],"asahi-fh.com":[1,12,9],"asahi-mullion.com":[1,12,3],"asahi.com":[1,12],"asahibeer.co.jp":[12],"asahiinryo.co.jp":[1,12],"asahq.org":[1,12],"asam.org":[12,4],"asambeauty.com":[1,9],"asana.com":[1,5],"asanarebel.com":[1,12,4],"asanfile.com":[12,5],"asante.org":[1,12,4],"asap-cheques.com":[1,9],"asap-supplies.com":[9],"asap.be":[1,12],"asapchecks.com":[1,9],"asapconnected.com":[1,12],"asapinkjets.com":[1,9],"asaporg.com":[1,12],"asav.org.br":[12],"asb.by":[1,2],"asb.co.nz":[1,2],"asbaces.com":[12],"asbbank.co.nz":[1,2],"asbhawaii.com":[1,2],"asc.edu":[1,12,5],"asc.es":[1,12],"ascaccess.net":[12],"ascap.com":[1,12],"ascassociation.org":[1,12],"ascb.org":[1,12],"ascd.org":[1,12],"ascdirect.co.uk":[1,9],"asce.org":[1,12],"ascelibrary.org":[1,12,5],"ascendfcu.org":[1,2],"ascendpages.net":[12],"ascendproject.com":[1],"ascendtech.us":[9],"ascendtms.com":[1,5],"ascensia.co.uk":[1,4],"ascensia.de":[1,12,4],"ascensiadiabetes.ca":[1,4],"ascension.org":[1,12],"ascensionhealth.org":[1,12],"ascensionpress.com":[1,12,12],"ascensus.co.uk":[12],"ascensus.com":[1,2,12],"ascent.co.nz":[9],"ascentia.fr":[1],"ascentis.com":[1],"ascentive.com":[1,5],"ascentone.com":[12],"ascii.com":[1,12,5],"ascmag.com":[1,12],"asco.org":[1,12,4],"ascodevida.com":[7,1,3],"ascolour.co.nz":[9],"ascolour.com.au":[9],"ascomp.de":[1,5],"ascopharm.de":[1,9],"ascopubs.org":[12,4],"ascoregestion.com":[12],"ascot.co.uk":[1],"ascp.org":[1,12],"ascpskincare.com":[1,12],"ascribe.io":[1]}