{"ardoq.com":[1,5],"ardour.org":[1,12,5],"ardrone.com":[9],"arduino.cc":[1],"arduino.org":[12],"ardupilot.org":[1,12,5],"are.na":[1,12],"area-enligne.com":[12],"area-serveur.eu":[1,3],"areadocandidato.com.br":[1],"areafiles.org":[12],"arealchange.com":[1,12],"areamembri.it":[12],"areamobile.de":[3,5,7],"areaprivada.pt":[12],"areas.fr":[1],"areatemps.com":[1],"areatrend.com":[9],"areavag.com":[12],"areaverda.cat":[1,12],"areavibes.com":[1,12],"arebackoffice.com":[12],"arecontvision.com":[1,5],"arena-serveur.com":[12],"arena-tournament.com":[12],"arena-tr.com":[1],"arena.ch":[12],"arena.net":[1,12],"arena17.com":[3],"arena4g.com":[1,5,7],"arenabg.ch":[12],"arenabg.com":[12],"arenacraft.it":[1,12],"arenadrafts.com":[1,12],"arenaelite.net":[1,12,5],"arenaflowers.com":[1,9],"arenagg.com":[1,3],"arenajunkies.com":[12,3],"arenaknights.com":[12],"arenamastery.com":[1],"arenaoffate.com":[1,3],"arenapoa.com.br":[12],"arenaracingcompany.co.uk":[1,3],"arenastage.org":[1,12],"arenavalue.com":[1],"ares-forum.com":[1],"ares-project.uk":[1,5,10],"arescasino.com":[12],"areszcoin.com":[1,2,9],"arethusa.su":[12],"aretiredcollection.com":[1,12,9],"areva.com":[1,12],"areyouahuman.com":[1,12],"areyouinterested.com":[10],"areyoulivingsocial.com":[1],"areyouwatchingthis.com":[3],"argaam.com":[1,12],"argcompo.com":[12],"argenia.com":[1],"argenmu.com":[1,12],"argenprop.com":[1,12],"argenta.be":[1],"argenta.nl":[1,2],"argenteam.net":[3,12],"argenteutilities.com":[1,12,5],"argentglobalnetwork.com":[12],"argentinawarez.com":[1,12],"argentmania.com":[1],"argento.co.uk":[9],"argetra.de":[1,12],"argeweb.nl":[1,5],"argewebhosting.nl":[1,5],"argim.net":[1,10,5],"argobux.tk":[1],"argoit.com.br":[1,12],"argoncredit.com":[1],"argos-creditcard.co.uk":[1,2],"argos-pet-insurance.com":[1,12],"argos.co.uk":[1,9],"argos.ie":[9],"argosy.edu":[12],"arguetraining.com":[12],"argus-presse.fr":[1],"argusauto.com":[1,12],"arguscarhire.com":[1,9,11],"argusdelassurance.com":[1,2],"argusjeux.fr":[3],"argusleader.com":[12,3,7],"argusmedia.com":[1],"arhaus.com":[9],"ari-soft.com":[1,5],"aria.co.uk":[5,9],"aria.com":[1],"ariamax.it":[1],"ariase.com":[1],"ariat.com":[9],"ariaup.com":[1,10],"ariba.com":[1,12],"aribaasp.com":[12]}