{"urlaubsgruss.com":[1,9],"urlaubsguru.de":[1,11],"urlaubspiraten.de":[1,11],"urldroplet.com":[12],"urma-pdl.fr":[12],"urmedia.net":[1,3],"urmet.fr":[1,5,9],"urmet.it":[1,12],"urnotalone.com":[1,12],"urosario.edu.co":[12],"urs.com":[1,12],"urs.org":[1,2,12],"urssaf.fr":[1,12],"urthbox.com":[1,3,9],"urthecast.com":[1,12],"urv.cat":[12],"us-canteen.com":[1,9],"us-hsia.net":[12],"us-immigration.com":[1,12],"us-mattress.com":[9],"us-themes.com":[1],"us.com":[12],"us.es":[12],"us.jobs":[1,6],"us.org":[1,5],"us.to":[1,5],"us2.net":[1,5],"us2guntur.com":[9],"usa-cigarettes.com":[12,9],"usa-foreclosure.com":[1],"usa-people-search.com":[1,12],"usa-signingagent.com":[1],"usa.cc":[5],"usa.com":[1,12],"usa.edu":[12],"usa.gov":[1,12],"usa2georgia.com":[1],"usa2me.com":[1],"usa4sale.net":[1],"usaa.com":[1,2],"usab.com":[3],"usabilitydynamics.com":[1,5],"usabilityhub.com":[1,12,5],"usabilla.com":[1],"usablelife.com":[1],"usablenet.com":[1],"usabluebook.com":[1,9],"usabmx.com":[3],"usabox.com":[1],"usaboxing.org":[3],"usac.edu.gt":[12],"usac.org":[1,12],"usacarry.com":[12,9,12],"usach.cl":[12],"usaco.org":[1,12],"usacoinbook.com":[1,9],"usacontactpoint.com":[12],"usacycling.org":[1,3],"usadawgs.com":[9],"usaddress.com":[1,9],"usadiscountwarehouse.com":[9],"usadisk.com":[12,3],"usaepay.com":[1,5],"usafa.edu":[12],"usafa.org":[12],"usafawebguy.com":[1,12],"usafirearmtraining.com":[12,9,12],"usafis.org":[1,12],"usafootball.com":[1,12,3],"usafootballpools.com":[1],"usaforeclosurelist.com":[8],"usafundingapplications.org":[1,12],"usafunds.org":[1,12],"usagc.org":[1,12],"usagrantapplications.org":[1,12],"usagreencardlottery.org":[1,12],"usagym.org":[1,12,3],"usahockey.com":[3],"usaintlouis.be":[1,12],"usair.com":[12],"usairways.com":[1,11],"usairwaysmastercard.com":[1],"usajobs.com":[1,6],"usajobs.gov":[1,12,6],"usaknifemaker.com":[9],"usal.es":[12],"usalearning.gov":[1,12],"usalearns.org":[1,12],"usalight.com":[9],"usalliance.org":[1,2],"usamail1.com":[1,9],"usamilitarymedals.com":[9],"usamls.net":[1,8],"usana.com":[1,12],"usanetwork.com":[3],"usappy.jp":[1],"usarchery.org":[1,3],"usarmyrotc.com":[12],"usarugby.org":[1,12,3]}