{"dossierfamilial.com":[1,12],"dossinet.me":[3,12],"dosya.tc":[1,5,10],"dot-st.com":[9],"dot.gov":[1,12],"dot.ph":[1,5],"dot.tk":[12],"dot5hosting.com":[1,5],"dota2.com":[1,3],"dota2.ru":[1,3],"dota2lounge.com":[12],"dotacinema.com":[1],"dotafire.com":[1,3,3],"dotamax.com":[3,3],"dotandbo.com":[9],"dotblock.com":[12],"dotcloud.com":[1,5],"dotcologne.de":[1,5],"dotcom-monitor.com":[1,5],"dotcomgiftshop.com":[9],"dotcomsecretsbook.com":[1,12],"dotcomsecretslabs.com":[1,12],"dotdotbuy.com":[1],"doteasy.com":[1,5],"dotemu.com":[3,3],"doterra.com":[1],"dotexpressway.com":[1,12],"dotfit.com":[1,12],"dotfoods.com":[1],"dotfree.com":[12],"dothi.net":[1,8],"dothome.co.kr":[1,5],"dotinstall.com":[12,5],"dotlan.net":[1],"dotloop.com":[1],"dotmailer.com":[1],"dotmed.com":[1,12,4],"dotnetfiddle.net":[1,5],"dotnetideas.com":[1,12,5],"dotnetnuke.com":[1,5],"dotnetpro.de":[1,12,5],"dotnetrocks.com":[1,12,5],"dotopia.com":[1],"dotpay.pl":[1],"dotphoto.com":[1,9],"dotpost.com":[1],"dotproject.net":[1,12,5],"dotroll.com":[1,5],"dotsis.com":[12],"dotspirit.com":[1,5],"dotsquares.com":[1],"dotstaff.com":[1],"dotster.com":[1],"dotstore3.com.br":[1],"dotsub.com":[1],"dotti.com.au":[9],"dottnet.it":[1,12],"dottori.it":[1,12,4],"dottybingo.com":[3,3],"dotvpn.com":[1,5],"dotvpn.com:443":[1,5],"dotz.com.br":[12],"dotzila.com":[9],"douban.com":[1,12,3],"douban.fm":[1],"doublealpha.biz":[9,12],"doublebitcoins.com":[2],"doubleclick.net":[12,1],"doubledaybookclub.com":[3,9],"doubledaylargeprint.com":[3,9],"doubledutch.me":[1],"doublefine.com":[1,3],"doubleinks.com":[9],"doubleknot.com":[1],"doublepizza.net":[1,9],"doublerobotics.com":[1,5],"doublestruck.eu":[12],"doubletake.com":[1],"doubletakedeals.com":[1,9],"doubletakeoffers.com":[1,9],"doubleteamedteens.com":[12],"doubletoasted.com":[3,7],"doubletrade.com":[1,12],"doubletrade.net":[1,5],"doubleviewcasting.com":[12],"doubleyourfreelancing.com":[1,12,5],"doubs.fr":[1,12],"douce-france.fr":[1,3],"dough.com":[1,2],"doughbies.com":[1],"douglas.at":[1,9],"douglas.bc.ca":[12],"douglas.ch":[1,9],"douglas.co.us":[1,12],"douglas.de":[1,9],"douglas.it":[1,9],"douglas.nl":[1,9],"douglas.pl":[1,9],"douglascollege.ca":[12]}