{"wageworks.com":[1,12],"waggtagg.com":[1,12],"waghotels.com":[1,12],"wagjag.com":[1,9],"wagner.dk":[9],"wago.com":[1],"wago.io":[1,3],"wagonhq.com":[12],"wagslending.com":[1],"wagwalking.com":[1,12],"wahanda.com":[1,7],"wahas.com":[12,3,3],"wahealthplanfinder.org":[12],"wahedu.com":[1],"wahinstitute.net":[1],"wahm.com":[1,12],"wahoofitness.com":[1,9],"wahooly.com":[12],"wahpaycheck.com":[1],"wahprogram.com":[1],"wahrev.com":[1],"wai.org":[1,12],"waiariki.ac.nz":[1,12],"waikato.ac.nz":[12],"wainmatepackage.com":[1,12],"waipu.tv":[3],"waiter.com":[1],"waitersonwheels.com":[1],"waitingroomsolutions.com":[1,4],"waitlistcheck.com":[1],"waitlisted.co":[1],"waitrapp.com":[1],"waitrose.com":[1,9],"waitrosecellar.com":[12,9],"waitrosedirect.com":[12],"waitroseflorist.com":[1,9],"waitrosegarden.com":[9],"waitrosegifts.com":[1,9],"waitrosepet.com":[12,9],"waiverforever.com":[1],"waiverking.com":[1,12],"wajas.com":[12],"wakanim.tv":[12],"wakari.io":[1,5],"wakasa.jp":[1,12],"wakatime.com":[1,12,5],"wake.com":[1],"wake.io":[1],"wakefern.com":[1],"wakefield.gov.uk":[1,12],"wakefieldpaymentsolutions.com":[1],"wakegov.com":[1,12],"wakehealth.edu":[1,12,4],"wakeinternalmedicine.com":[1,4],"wakemed.org":[1,4],"wakesys.com":[1],"waketech.edu":[12],"wakeuptosleep.com":[12],"wakfu.com":[1,3,3],"wakfubuild.fr":[1,12,3],"wakoopa.com":[1],"wakwak.com":[1,5],"wal-mart.com":[9],"walbusch.at":[9],"walbusch.ch":[9],"walbusch.de":[9],"waldata.fr":[1,2],"waldenlocalmeat.com":[1],"waldenu.edu":[1,12],"waldenulibrary.org":[12],"waldorf-music.info":[12],"walemedia.com":[1,3,3],"wales.gov.uk":[12],"wales.nhs.uk":[12],"walesessentialskills.com":[1,12],"walesonline.co.uk":[1,12,7],"walgreen.com":[1,9],"walgreens.com":[1,9],"walgreenshealth.com":[12],"walgreenslistens.com":[1,12],"walgreensviewpoint.com":[12],"walkathome.com":[1,12],"walkenhorsts.com":[1],"walkera.com":[1],"walkerart.org":[1,12],"walkergames.net":[1],"walkerplus.com":[1,12,3],"walkers.co.uk":[1],"walkertracker.com":[1,12],"walkhighlands.co.uk":[1,12],"walkiees.co.uk":[1,12],"walkingspree.com":[1],"walkingworks.com":[1,12],"walkingworld.com":[1,12],"walkinlab.com":[1,12],"walkinwifi.net":[12],"walkjogrun.net":[1,12],"walklakes.co.uk":[1,12],"walkme.com":[1]}