{"kreissparkasse-diepholz.de":[1,2],"kreissparkasse-duesseldorf.de":[1],"kreissparkasse-euskirchen.de":[1,2],"kreissparkasse-heinsberg.de":[1,2],"kreissparkasse-ravensburg.de":[1,2],"kreissparkasse-schwalm-eder.de":[1,2],"kremer-pigmente.com":[1,12,9],"kremlin.ru":[1,12],"krepublishing.com":[9],"kress.de":[1,12],"kresserinstitute.com":[12,4],"kreuzfahrten.de":[1,11],"krft.net":[12],"krier.fr":[1,12],"kriesi.at":[1,5],"krikzz.com":[12],"krim.nl":[1,11],"krimi-couch.de":[12,3],"krimklubben.no":[1,3,9],"kringle.cash":[1],"kringle.com":[1,9],"kriscarr.com":[1,12],"krisha.kz":[1,8],"krispykreme.co.uk":[1],"krispykreme.com":[1,3],"krispykreme.com.au":[1,9],"krispykremerewards.co.uk":[12],"kristeligt-dagblad.dk":[1,12],"kritz.net":[7,12,3],"krl.org":[1,12],"krm.com":[1],"kroger.com":[1],"krogeriwireless.com":[1,5,9],"krokonuts.ws":[12],"kroll.com":[1],"krollbondratings.com":[1,12],"krollcorp.com":[9],"krolop-gerst.com":[1],"kroma.co.nz":[1,9],"krombacher.de":[12,1,12],"kromtech.com":[1,5],"kromtech.net":[1,5],"kronaflyff.com":[1,3],"kronansapotek.se":[9],"krone.at":[1,3],"kronehit.at":[12],"kronos-web.com":[1],"kronos.com":[1],"kronos.net":[12],"kronoshosting.com":[12],"kronostm.com":[12],"krooncasino.com":[3,3],"krop.com":[1],"krosmaga.com":[1,12,3],"krosmaster.com":[1,3,3],"krosmoz.com":[1,12],"krossover.com":[12,3,3],"krothium.com":[12,5,10],"kroton.com.br":[12],"krowdster.co":[1],"krrb.com":[1,9],"krs.bz":[12],"krstarica.com":[12,3,7],"krueger.de":[1,3],"kruidvat.be":[9],"kruidvat.nl":[9],"kruis.nl":[9],"kruise.com":[1,12],"krungsrionline.com":[12],"krups.de":[1,3],"krux.com":[1],"kryolan.com":[1,12,9],"kryptex.org":[1,5],"krypto-gold.com":[1],"kryptonia.fr":[1,3,9],"kryptotrend.com":[1,2,12],"krys.com":[1,9],"krystal.co.uk":[1,5],"krzn.de":[1,12],"ks-auxilia.de":[1],"ks.gov":[12],"ks.ua":[12],"ks.us":[12],"ksa-teachers.com":[12],"ksacpr.org.sa":[1,12],"ksau-hs.edu.sa":[12],"ksbe.edu":[12],"ksbecomm.com":[12],"kscans.com":[12],"kscle.org":[1,12],"kscourts.org":[12],"kscu.com":[1,2],"ksde.org":[12],"ksdenki.com":[1,9],"kseb.in":[1,12],"ksfcu.org":[1,2],"ksh.hu":[1,12],"kshownow.asia":[12],"kshuntfishcamp.com":[1,12]}