{"financo.fr":[1,2],"finans.dk":[1],"finansbank.com.tr":[1,2,12],"finanzaonline.com":[12],"finanzblick.de":[1],"finanzcheck.de":[1,2],"finanze.it":[1,2,12],"finanzen-broker.net":[1,2],"finanzen.ch":[2],"finanzen.de":[1,2],"finanzen.net":[2],"finanzen100.de":[1,2],"finanzfrage.net":[1,12],"finanznachrichten.de":[1,2,12],"finanztreff.de":[2],"finao.com":[1,9],"finaoonline.com":[1,9],"finarea.ch":[1],"finaref.fr":[1],"finaxbux.com":[1,5],"finbox.io":[1,2],"fincaraiz.com.co":[1,8],"fincen.gov":[1,12],"finchvpn.com":[5,12],"finciero.com":[1,9],"finconsum.es":[1],"finconsumo.it":[12],"find-a-musician.com":[1,12,3],"find-bride.com":[12,1,3],"find-jeux.com":[12],"find-job.net":[1,6],"find-us-here.com":[12],"find-your-horse.com":[12],"finda.co.nz":[1],"findababysitter.com":[1,12],"findababysitter.com.au":[1],"findacamp.com.au":[1,11],"findacode.com":[1,12],"findacrew.net":[1,9],"findaflat.com":[1],"findagaylover.com":[10],"findagrave.com":[12],"findagraveforums.com":[12,11],"findajobmatch.com":[1,6],"findamaturelover.com":[10],"findamover.com.au":[1],"findapart.com.au":[1,9,12],"findaproperty.com":[8],"findarace.com":[1,3],"findartinfo.com":[1,12],"findashemalelover.com":[12],"findatrade.com":[1],"findaupair.com":[1,12],"findbolig.nu":[1,12,8],"findchips.com":[9],"findcompsnow.com":[1],"findeks.com":[1],"findemployment.com":[1,6],"finder.com":[1],"finder.com.au":[1],"finder.fi":[1,12],"findery.com":[1,12],"findeur.fr":[1],"findicons.com":[12],"findis.fr":[12],"finditparts.com":[9],"findizer.fr":[1,9],"findlaw.com":[1,12],"findlay.edu":[12],"findling.de":[1],"findloveasia.com":[10],"findly.com":[1],"findmall.com":[1,12,3],"findmeagift.co.uk":[9],"findmespot.com":[1,12],"findmind.ch":[1,12],"findmotivatedsellersnow.com":[1],"findmyfavouriteteacher.com":[12],"findmymatches.com":[10],"findmyorder.com":[1],"findmypast.co.uk":[1,12],"findmypast.com":[1,12],"findmypast.com.au":[1,12],"findmypast.ie":[1,12],"findmyshift.co.uk":[1],"findmyshift.com":[1],"findmysuper.com.au":[1],"findmysupplies.co.uk":[1,9],"findnsave.com":[9],"findo.com":[1,5],"findomestic.it":[1,2],"findoms.com":[12,1],"findoverwatch.com":[1,12,3],"findpenguins.com":[1,12],"findrenttoown.com":[1,8,9],"findrfp.com":[1,12],"findrichguys.com":[1],"findroommate.dk":[1,11],"findrow.com":[12,1,3]}