{"nak.hu":[1],"naked.com":[12],"nakedapartments.com":[8],"nakedbus.com":[3],"nakedcph.com":[9],"nakedlocals.com":[10],"nakedmates.co.uk":[12],"nakednews.com":[12,3,3],"nakedsword.com":[12],"nakedwines.com":[12],"nakedwines.com.au":[12],"nakenprat.com":[12,10],"naketano.com":[9],"nakido.com":[12],"nakiki.de":[1,9],"nalchbp.org":[1,12],"nalearning.org":[1,12],"nalgasclub.com":[12],"nalgene.com":[1,9],"nalive.com":[12],"nalog.ru":[1,2,12],"nalogia.ru":[1,2,12],"nam.gov.bn":[12],"namava.ir":[3,7],"namb.net":[1,12,12],"namcobandaigames.eu":[12],"name-coach.com":[1,12],"name-services.com":[12],"name.com":[1,5],"namebadge.com":[1],"namebadgesinternational.co.uk":[1,12],"namebadgesinternational.us":[1,12],"namebay.com":[12],"nameberry.com":[1,12,9],"namebright.com":[1,5],"namebubbles.com":[9],"namecheap.com":[1,5],"namecheck.co.kr":[12],"namedrive.com":[1,5],"nameisp.com":[12],"namejet.com":[12],"namely.com":[1],"namelypayroll.com":[12],"namemc.com":[3],"namemesh.com":[1,12,5],"namepal.com":[12],"namepros.com":[1,5],"namerobot.de":[1,5],"names.co.uk":[1,5],"namesbeyond.com":[1,5],"namescout.com":[1,5],"namesecure.com":[12],"namesilo.com":[1,5],"namespro.ca":[1,5],"namestation.com":[1,5],"nametagcountry.com":[1,9],"namethatporn.com":[12],"namethatpornstar.com":[3],"nami.org":[12,4],"namingforce.com":[1,5],"namingmatters.com":[1,12],"namirial.com":[1],"namiwalks.org":[1,12],"namm.org":[1,12],"namshi.com":[9],"namsopro.com":[1,12,5],"namss.org":[1,12],"namu.wiki":[1,12],"nan-net.jp":[1,12],"nana10.co.il":[12,3,7],"nanacast.com":[1],"nanaco-net.jp":[12],"nanaimo.ca":[1,12],"nanairo.co":[1,12],"nancyboy.com":[9],"nancysnotions.com":[1,9],"nandida.com":[9],"nandos.co.uk":[12],"nandos.com.au":[1,3],"nandos.com.my":[1,3],"nanigans.com":[1],"nannyservices.ca":[1],"nano-11.com":[12],"nano-reef.com":[12],"nano.ir":[12],"nanobank24.com":[1,12],"nanobox.io":[1,5],"nanocad.com":[1,5],"nanocad.ru":[1,12,5],"nanohash.net":[1,2,5],"nanohub.org":[1,12],"nanoleaf.me":[1,9],"nanos.io":[1,3,5],"nanosystems.it":[1,5],"nanowallet.io":[1],"nanowrimo.org":[1,12],"nanshanlife.com.tw":[1],"nantes.fr":[1,12],"nantesmetropole.fr":[1,12]}