{"mijnnti.nl":[1,12],"mijnnvm.nl":[12],"mijnobvion.nl":[1],"mijnolvg.nl":[1,12,4],"mijnonlinepolismap.nl":[1],"mijnoostappen.nl":[1],"mijnorderstatus.nl":[1],"mijnoverheid.nl":[1,12],"mijnpensioenportaal.nl":[1,5],"mijnpgbpensioen.nl":[1,12],"mijnprivilege.nl":[12],"mijnprivileges.nl":[12],"mijnreisoverzicht.nl":[1],"mijnroompot.nl":[12],"mijnsalon.nl":[1],"mijnschoolinfo.nl":[1,12,4],"mijnserie.nl":[1,12,3],"mijnsimpel.nl":[1,5],"mijntelegraaf.nl":[1,12,5],"mijntinteling.nl":[1,9],"mijntu.nl":[1],"mijntuin.org":[1,12,9],"mijnvacansoleil.com":[12],"mijnvakantiegevoel.nl":[1],"mijnverlanglijst.eu":[1,9],"mijnvvd.nl":[1,5],"mijnwarmte.nl":[1,12],"mijnwebwinkel.nl":[1],"mijnwefact.nl":[1],"mijnwinkel.nl":[1],"mijnwoonservice.nl":[12],"mijnyellowbrick.nl":[12],"mijnzorgpagina.nl":[1,12,4],"mijnzorgtoegang.nl":[1],"mijosoft.com":[1,5],"mikandi.com":[12,1],"mikasa.com":[1,9],"mikatiming.de":[1],"mikecrm.com":[1],"mikedillard.com":[1,12],"mikeferry.com":[1],"mikeholt.com":[1,12],"mikesautotrader.com":[1,2],"mikescamerapix.com":[1,9],"mikescigars.com":[12,9],"mikescomputershop.com":[9],"mikeslessons.com":[1,12],"mikle.com":[12],"mikmak.co.il":[12],"mikocon.com":[3],"mikogo.com":[1,5],"mikogo.de":[1,12,5],"mikrocontroller.net":[1,3,5],"mikroe.com":[1,12,9],"mikromarc.no":[12],"mikrotik.com":[1,12,5],"mikvahcalendar.com":[1,12],"mil.be":[1,12,9],"mil.my":[12],"mil.ru":[12],"milalol.com":[12],"milan-jeunesse.com":[1,12],"milanicosmetics.com":[1,9],"milano.it":[12],"milanofinanza.it":[1,2],"milanomalpensa-airport.com":[11],"milanoo.com":[9],"milanopizzeria.ca":[3],"milanote.com":[1],"milanuncios.com":[9],"milaulas.com":[1,12,5],"milb.com":[3],"milbstore.com":[9],"mildenberger-verlag.de":[12],"mileageplus.com":[1],"milecatcher.com":[1],"milehighmedia.com":[12],"milehighrunclub.com":[1,12],"mileiq.com":[1],"milena-velba.com":[12],"milepoint.com":[1,11],"miles-and-more.com":[1,11],"miles-and-travel.com":[1,12],"milesandmore.com":[12],"milesbooster.fr":[1,12],"milesforopinions.com":[1,12],"milesforthoughts.com":[1,12],"mileskimball.com":[9],"milesplit.com":[1,3,3],"milestone.com":[1,9],"milestoneplanner.com":[1,12],"milestonesys.com":[1,5],"milexch.com":[9],"milf-area.com":[10],"milf-area.com.au":[12],"milf-area.se":[10],"milf-finder.com":[12,1],"milf-friend.com":[12,1],"milfaddicts.com":[12,1]}