{"precom.fr":[1],"precyl.pl":[12,5,10],"predatornutrition.com":[9],"predicthq.com":[1],"predictionmachine.com":[3],"predictit.org":[1,12],"predictiveindex.com":[1,12],"predictprotein.org":[1,12],"predictwind.com":[1,12],"predikt.fr":[12],"predix.io":[1,5],"predplatne.cz":[1,12,3],"preemptive.com":[1,5],"preferred411.com":[12],"preferredgolf.com":[1],"preferredhotels.com":[1,11],"preferredmutual.com":[1,2],"preferredone.com":[1,4],"prefiles.com":[12],"prefinery.com":[1,5],"preflightairportparking.com":[1,11],"prefon-retraite.fr":[1,2,12],"pregame.com":[1,3],"preggophilia.com":[12,3,10],"preguntados.com":[12],"prehraj.me":[3],"prehraj.to":[1,5,10],"prehrajto.cz":[1,5,10],"preicfesinteractivo.com":[1,12],"preis24.de":[1,12,5],"preisapo.de":[9],"preisboerse24.de":[1,5],"prekindle.com":[1],"prelado.de":[1,5],"prelaunchx.com":[12],"prelicense.com":[1,12],"prelicensetraining.com":[1,12],"prelinker.com":[1],"preloved.co.uk":[1,9],"prem.link":[1,5],"prembox.com":[1,5],"premera.com":[1,12],"premidaossiduri.it":[1,3,9],"premier-education.com":[1,12],"premier1supplies.com":[1,9],"premieramerica.com":[1,2],"premierbanks.com":[1,2],"premierbet.com":[12],"premiercadeau.com":[9],"premiercardoffer.net":[1],"premiercreditcardsf.net":[1],"premierdesigns.com":[1,9],"premierdesignsincentives.com":[9],"premiere.de":[1,3],"premiere.fr":[3],"premiereclasse.com":[11],"premierecollectibles.com":[1,3,9],"premieredate.tv":[1,3,7],"premiereinteractive.com":[1,3],"premierequine.co.uk":[9],"premiereradio.net":[12],"premierevision.com":[1,12],"premierfoodsafety.com":[1,12],"premiergoldcards.net":[1],"premierguitar.com":[1,12,3],"premierh2o.com":[1,9],"premierhealthpartners.org":[1,12,4],"premierinc.com":[1,12],"premierinn.com":[1,11],"premierleague.com":[12,3,3],"premierleaguepass.com":[12],"premierlife.com":[1],"premierman.com":[9],"premiermiles.co.in":[11],"premieronecu.org":[1,2],"premieronline.com":[12,3,3],"premierplayer.tv":[3,3],"premierplusembroidery.com":[1,9],"premiersoftware.co.uk":[1],"premiertv.es":[1,3],"premieryarns.com":[9],"premioesportsbrasil.com.br":[1,12],"premios.com":[1],"premiosalainnovacion.es":[1],"premium-admin.eu":[12],"premium-club.jp":[1,9,12],"premium-link.net":[12],"premium-uploaded.net":[1],"premium-webmail.de":[12],"premium.com":[12],"premium.pl":[1,5],"premium.to":[1,5],"premiumaccountz.com":[1],"premiumaquatics.com":[9],"premiumarchive.com":[12],"premiumassignment.com":[1],"premiumax.net":[1,5],"premiumbeat.com":[1,3],"premiumchess.net":[1]}