{"micvideal.es":[1,6],"micvweb.com":[1,5,6],"mid-tenshoku.com":[12],"mid.org":[1],"midamerica.biz":[1],"midamerican.com":[1],"midamericanenergy.com":[1],"midasbox.net":[1],"midasplayer.com":[1,3,3],"midasuser.com":[1],"midatacredito.com":[1,2],"midburn.org":[1,12,3],"midco.com":[1],"midco.net":[3,7],"midcoasthealth.com":[1,12,4],"midcocomm.com":[1],"midcounties.coop":[1,12],"middleatlantic.com":[1],"middleburgbank.com":[1,2],"middlebury.edu":[12],"middleburyinteractive.com":[12],"middlesbrough.gov.uk":[1,12],"middlesexbank.com":[1,2],"middlesexcc.edu":[12],"middletownlibrary.org":[12],"midenquest.com":[1,12],"mideplan.cl":[1,12],"midfinance.com":[1],"midfirst.com":[1,2],"midflorida.com":[1,2],"midgampanel.com":[1,12,5],"midheaven.com":[1,3,9],"midhudsonlibraries.org":[1,12,3],"midi-olympique.fr":[1,3,3],"midi-pass.com":[1],"midi-pieces-menager.fr":[12],"midi.com.au":[1],"midi.org":[1,12,5],"midicorp.com":[1,12],"midietkar.net":[1],"midilibre.com":[1,12,3],"midilibre.fr":[1,12,3],"midimusic.de":[1],"midipyrenees.fr":[1,12],"miditeca.net":[1],"midkent.ac.uk":[1,12],"midland.edu":[12],"midlandannuity.com":[1,12],"midlandcreditonline.com":[1],"midlandhardware.com":[9],"midlandnational.com":[1,12],"midlandsb.com":[1,2],"midlandstatesbank.com":[1,2],"midlandstech.edu":[12],"midlandtexas.gov":[1,12],"midmich.edu":[12],"midmichigan.net":[12],"midnightbox.com":[7],"midnightvelvet.com":[9],"midnrreservations.com":[1,3],"midoceanbrands.com":[1,12,9],"midomi.com":[12,3,3],"midpass.ru":[1,12],"midphase.com":[1,5],"midportal.org.uk":[1],"midsouthshooterssupply.com":[9,12],"midsouthsynergy.com":[1,12],"midsummerseve.com":[10],"midtown.com":[1,12],"midtowncomics.com":[3,9],"midtrans.com":[1],"midttrafik.dk":[1,3],"midup.com.br":[1,12,5],"midwayfinanceira.com.br":[1],"midwayusa.com":[9,12],"midwestairlines.com":[1,12,11],"midwestern.edu":[12,4],"midwestgunworks.com":[9,12],"midwestindustriesinc.com":[9,12],"midwestliving.com":[12],"midwestsign.com":[1],"midwestsports.com":[9,3],"midwestsupplies.com":[12],"midwestvet.net":[1,12,9],"midwich.com":[1],"midwife.org":[1,12],"miedge.biz":[1],"miele.at":[1],"miele.be":[1],"miele.ch":[1,9],"miele.de":[1],"miele.fr":[1,9],"miele.it":[1,9],"miele.nl":[1,9],"mieleforlife.com.au":[1],"mieleshop.com.au":[1,9],"mielestore.com":[1,9],"mielmut.fr":[1,12,4],"miespacionorauto.es":[1,9]}