{"airlinesim.aero":[1],"airlink.in":[1],"airliquide.com":[1,12],"airmail.net":[1],"airmailapp.com":[1],"airmalta.com":[1,11],"airmap.io":[1,5],"airmauritius.com":[1,12,11],"airmauritius.mu":[1,12],"airmiles.ca":[1,9],"airmiles.co.uk":[1,12],"airmiles.com":[1,9],"airmiles.nl":[1],"airmilesme.com":[1,9],"airmilesopinions.ca":[1,12],"airmilesshop.nl":[1,12,9],"airmoldova.md":[1,11],"airnav.com":[11],"airnewzealand.co.nz":[11],"airnewzealand.co.uk":[11],"airnewzealand.com":[11],"airnewzealand.com.au":[11],"airnz.co.nz":[11],"airnzonesmart.co.nz":[1,2],"airparkparking.com":[1,3,11],"airparks.co.uk":[1,11],"airpaz.com":[11],"airplanemanager.com":[1,9],"airplaydirect.com":[1,12],"airplus.com":[1],"airpointsstore.co.nz":[9],"airport-la.com":[11],"airport-nuernberg.de":[1,11],"airportangel.co.uk":[12],"airportparking.com":[1,11],"airportparkingconnection.com":[1,11],"airportparkinginc.com":[1,11],"airportparkingreservations.com":[1,11],"airporttaxis-uk.co.uk":[1,9],"airportthai.co.th":[1,11],"airportwifi.com":[1],"airproducts.com":[1],"airpush.com":[12,1],"airrattle.com":[9,12],"airregi.jp":[1],"airrivals.fr":[1,3,3],"airrostiportal.com":[1],"airservicesaustralia.com":[1,12],"airset.com":[12],"airsoft-entrepot.fr":[9,12],"airsoft-horizon.fr":[9,12],"airsoft-land.fr":[9,12],"airsoft-occasion.fr":[9],"airsoft-verzeichnis.de":[12],"airsoftgi.com":[12],"airsoftmegastore.com":[9,12],"airsoftpeak.com":[9,12],"airsoftpro.cz":[9],"airsoftsociety.com":[12,12],"airsoftstation.com":[9,12],"airsoftworld.net":[9,12],"airsplat.com":[9,12],"airsquirrels.com":[1,5],"airstoc.com":[12],"airstory.co":[1],"airstreamclassifieds.com":[1,9],"airstreamcomm.net":[1],"airswap.io":[1,12,3],"airtable.com":[1,5],"airtahitinui.com":[1,11],"airtame.cloud":[12],"airtasker.com":[1],"airtattoo.com":[1,12,3],"airtel.com":[1],"airtel.in":[1],"airteller.com":[12],"airtellive.com":[12],"airtelmoney.in":[1],"airtelworld.com":[12],"airthings.com":[1,12],"airtickets.com":[9,11],"airtickets.com.au":[1],"airtickets24.com":[9,11],"airtime.pro":[1,3],"airtm.io":[1,2],"airtours.se":[11],"airtran.com":[12],"airtransat.ca":[11],"airtransat.com":[11],"airtravelpanel.com":[1],"airtricity.com":[1,9],"airtv.net":[1,3],"airvantage.net":[1,5],"airvistara.com":[1,11],"airvoicewireless.com":[1,5],"airvpn.org":[5],"airvuz.com":[3,7,3],"airwave-networks.net":[1],"airwaveadventurers.net":[1]}