{"roboforex.ru":[2],"roboform.com":[1,5],"robofun.ro":[12],"robokassa.ru":[1],"robokits.co.in":[1,9],"robolike.com":[1],"robomaniac.de":[1,12,3],"robomindacademy.com":[12],"robot-cash.biz":[1],"robot-co.in":[1,2,5],"robot-italy.com":[1,9],"robotbinario.com":[1,2],"robotdigg.com":[1,9],"robotentertainment.com":[12,3,3],"roboter-forum.com":[12,10],"robotevents.com":[1,12],"robotfx.trade":[1,12],"robotistan.com":[9],"robotrading.de":[1,2,12],"robotshop.com":[9],"robotzindisguise.com":[1,5],"roboxchange.com":[1],"robozzle.com":[12,3],"robpapen.com":[1],"robser.es":[1],"robux.org":[12],"roc-nijmegen.nl":[12],"roccat.org":[1],"roccofortehotels.com":[1,11],"roccosiffredi.com":[12],"rocfriesepoort.nl":[1,12],"roche.com":[1,12],"roche.net":[12],"rochebros.com":[1,3],"rochen.com":[1,5],"rochester.edu":[1,12],"rochestergeneral.org":[1,4],"rochesterpubliclibrary.org":[1,12],"rochesterregional.org":[1,4],"rochesterregionalhealth.org":[1,4],"rochioliwinery.com":[12],"rock.com":[9],"rockabilia.com":[3,9],"rockabilly-rules.com":[9],"rockagogo.com":[9],"rockauto.com":[12],"rockband.com":[12,3],"rockbot.com":[1],"rockbottomgolf.com":[9],"rockchoir.com":[1,12],"rockclimbing.com":[12,9],"rockcontent.com":[1],"rockefeller.edu":[12],"rocket-hash.com":[1,2],"rocket-league.com":[1],"rocket.chat":[1],"rocketaccount.com":[1],"rocketbeans.tv":[1,3,3],"rocketblocks.me":[1,12],"rocketbolt.com":[1],"rocketdock.com":[1,5],"rocketdog.com":[9],"rocketeergames.com":[1,3,3],"rocketfuel.com":[1],"rocketgeek.com":[1,12,5],"rockethub.com":[1],"rocketize.me":[1,12],"rocketjump.com":[1,3,7],"rocketlanguages.com":[1,12],"rocketlawyer.co.uk":[1],"rocketlawyer.com":[1],"rocketleaguemods.com":[12],"rocketlife.com":[12],"rocketlinks.net":[1,12],"rocketloans.com":[1,2],"rocketmatter.com":[1],"rocketmatter.net":[1],"rocketmiles.com":[11],"rocketmod.net":[1,12,5],"rocketmortgage.com":[1,2],"rocketpiano.com":[1,12],"rocketquotes.com":[1],"rocketr.net":[1],"rocketreach.co":[1,5],"rocketresponder.com":[1],"rocketrip.com":[1],"rocketroute.com":[1],"rocketsofawesome.com":[1,9],"rocketsoftware.com":[1],"rocketstock.com":[1,9],"rocketstreams.tv":[1],"rockettheme.com":[1,5],"rockettube.com":[12],"rocketz.com.br":[1,3,9],"rockfile.eu":[1,5],"rockgympro.com":[1],"rockhippo.com":[12],"rockhoster.com":[1,5],"rockies.edu":[12]}