{"jobs.cz":[1,12],"jobs.de":[6],"jobs.id":[12],"jobs.ie":[1,6],"jobs.lu":[6],"jobs.net":[1,6],"jobs.nhs.uk":[1,6],"jobs.ua":[1],"jobs180.com":[1,6],"jobs24.co.uk":[1,6],"jobs2careers.com":[1,6],"jobs2shop.com":[1],"jobs2web.com":[1],"jobs4.co.uk":[1,6],"jobs4jobs.com":[6],"jobs4tn.gov":[1,6],"jobsadded.com":[1,6],"jobsara.com":[1,6],"jobsatcu.com":[12],"jobsatosu.com":[1,12],"jobsaved.com":[6],"jobscan.co":[1,6],"jobscentral.com.my":[12],"jobscentral.com.sg":[1,6],"jobscience.com":[1],"jobscore.com":[1],"jobscout24.ch":[1,6],"jobscout24.de":[6],"jobsdb.co.id":[1,12],"jobsdb.co.th":[1,6],"jobsdb.com":[1,6],"jobsearch.co.uk":[1,6],"jobsearch.gov.au":[1],"jobsearchdigest.com":[1,6],"jobserve.co.uk":[1,6],"jobserve.com":[1,6],"jobserve.us":[1,6],"jobsflag.com":[1,6],"jobsglobal.com":[1,12,6],"jobsgopublic.com":[1,6],"jobsindia.com":[1,6],"jobsindubai.com":[1,6],"jobsinkent.com":[1,6],"jobsinlogistics.com":[1,6],"jobsinminneapolis.com":[1,6],"jobsinmotion.com":[6],"jobsinnetwork.com":[12],"jobsinsports.com":[1,6,3],"jobsintrucks.com":[1,6],"jobsinwales.com":[1,6],"jobsite.co.uk":[1,6],"jobskillshare.org":[1,12],"jobslinger.com":[1,9],"jobslingerplus.com":[1,9],"jobsmalaysia.gov.my":[1,12],"jobsonline.co.uk":[1,6],"jobsonline.com":[1,6],"jobsonline.net":[1,6],"jobsoul.it":[1,12],"jobspace.co.za":[6],"jobspider.com":[6],"jobsplus.gov.mt":[1,12,6],"jobspotting.com":[1,6],"jobsradar.com":[6],"jobsregions.be":[1,6],"jobster.com":[1,6],"jobstoday.co.uk":[1,6],"jobstore.com":[1,6],"jobstreet.co.id":[1,6],"jobstreet.com":[1,12,6],"jobstreet.com.my":[1,6],"jobstreet.com.ph":[1,6],"jobstreet.com.sg":[1,6],"jobstreet.vn":[6],"jobstt.com":[1,6],"jobsupportservices.com":[1,6],"jobswithucf.com":[1,12],"jobtalk.jp":[1],"jobtarget.com":[1],"jobteaser.com":[1,12],"jobtech.fr":[1,6],"jobtestprep.co.uk":[1,12],"jobtestprep.com":[1,12],"jobth.com":[6],"jobthai.com":[1,6,9],"jobtic.fr":[1,5,6],"jobtiger.bg":[1,12,6],"jobtoday.com":[1],"jobtomic.com":[6],"jobtopgun.com":[1,6],"jobtrain.co.uk":[1],"jobtransport.com":[1,6],"jobtryout.net":[12],"jobulator.com":[1,5],"jobup.ch":[1,12,6],"joburg.org.za":[1,12],"jobvertise.com":[6],"jobvine.co.za":[1,6],"jobvitae.fr":[1,12,6]}