{"gamer.com.ph":[12],"gamer.com.tw":[12,3,3],"gamer.no":[3,3,5],"gamer.ru":[3,3],"gamerage.com":[3],"gameranger.com":[1,12],"gamerbase.gg":[1,3,5],"gamerdating.com":[1,3],"gamerdna.com":[1],"gamereactor.dk":[12,3],"gamereactor.se":[12,3],"gamereplays.org":[3,3],"gamergen.com":[3,7],"gamergreen.com":[1,9],"gamerguides.com":[1,3],"gamerlaunch.com":[1,3,5],"gamerotica.com":[12,3],"gamers-outlet.net":[5,9],"gamersafe.com":[1],"gamersaloon.com":[3],"gamersboard.com.br":[3,5,10],"gamersbook.com":[1,3],"gamersclub.com.br":[1],"gamersensei.com":[1,12,3],"gamersfirst.com":[3],"gamersgate.co.uk":[9],"gamersgate.com":[9],"gamersgift.com":[9],"gamershop.pt":[1],"gamersky.com":[12],"gamersorigin.com":[12,3,3],"gamersoul.com":[10],"gamerswalk.com":[1],"gamerswithjobs.com":[3],"gamersyde.com":[3,3,7],"gamertransfer.com":[12],"gamerz.be":[5,10],"gamerz123.com":[1,3],"gamerzhost.de":[12],"gamerzplanet.net":[3,5,10],"games-engine.com":[3,3],"games-workshop.com":[1,12,9],"games.co.uk":[3],"games.it":[12,3,3],"games.la":[1,12],"games2game.at":[3,3,9],"games2gether.com":[12],"games4u.se":[1,12],"gamesacademy.com.br":[12],"gamesalad.com":[1,12,3],"gamesamba.com":[1,3,3],"gamesatis.com":[3],"gamesbolt.com":[1,3],"gamesbox.com":[3],"gamesbyemail.com":[1,3],"gamescampus.com":[1,3],"gamescampus.eu":[1],"gamescenter.sk":[3,9],"gamescrow.fr":[10],"gamesdeal.com":[3,9],"gamesdom.com":[3],"gamesdonequick.com":[1,12],"gamesdreams.com":[12],"gameseek.co.uk":[3,9],"gameserver1-mt.com":[12],"gameservers.com":[1,5],"gameservers4free.com":[12],"gamesessions.com":[1],"gamesfull.org":[12],"gamesgames.com":[3],"gamesgrabr.com":[3,3],"gameshadow.com":[3,3],"gameshark.com":[1],"gameshop.at":[3,3,9],"gamesindustry.biz":[1,12,3],"gamesites.cz":[3,5],"gamesjobsdirect.com":[1,6],"gamesload.de":[1,3,9],"gamesmen.com.au":[9],"gamesnexus.com.br":[3],"gamesofa.com":[3],"gamesofdesire.com":[12,3],"gamesonly.at":[3,3],"gamesow.com":[3,3],"gamesparadise.com.au":[3,9],"gamesparks.net":[12],"gamespassport.com":[12],"gamespeak.com":[1],"gamesplanet.com":[3,3,9],"gamesports.net":[7,3],"gamespot.com":[3,7],"gamespree.com":[3],"gamespress.com":[1,12,3],"gamesprite.me":[1,12,3],"gamespy.com":[3,3],"gamesradar.com":[3],"gamesrepublic.com":[3,3,9],"gamesrocket.co.uk":[9],"gamesrocket.com":[9]}