{"looki.us":[12,3],"lookiero.fr":[1,9],"looking4parking.com":[1,3,11],"lookingo.com":[12],"lookout.com":[1,5],"lookseewellington.co.nz":[1,12],"looksharp.co":[1,6],"looksharp.com":[1,6],"looktobook.com":[1,12,11],"lookupmyloan.com":[12],"loom.co":[1,5],"loom.fr":[1,9],"loomes.net":[5],"loomio.org":[1,12],"loomis-express.com":[1,9],"loomisexpress.com":[1,9],"loomly.com":[1],"loon.nl":[1],"loondossier.nl":[1,5],"loonea.com":[1,12],"loonybingo.com":[3,3],"looop-denki.com":[1,9],"loop11.com":[1,5],"loop1helpdesk.com":[1],"loop21.net":[1,5],"loopapply.com":[12],"loopcommunity.com":[1],"looperman.com":[12,3,5],"loopersclub.com":[1],"loopia.com":[1,5],"loopia.no":[1,5],"loopia.rs":[1,5],"loopia.se":[1,5],"loopio.com":[1],"looplabs.com":[1],"loopmasters.com":[1,12],"loopnet.com":[1,8],"loopster.com":[1,12],"looptijden.nl":[1],"loopup.com":[1,5],"loopx.io":[1,2],"loot.bet":[3,3],"loot.co.za":[1,3,9],"loot.com":[1,9],"loot.io":[1],"lootchest.de":[1,9],"lootcrate.com":[9],"loothoot.com":[1,9],"looti.net":[12,3],"lootjestrekken.nl":[1],"lootpalace.com":[1,9],"loots.com":[12],"looxy.com":[10],"lopeordelaweb.li":[3],"lopesnet.com.br":[1,12],"lopgold.com":[12,1],"lopinion.fr":[1,12,7],"lopoca.com":[1,12,3],"loppi.jp":[1,12],"loquax.co.uk":[3,3],"lor.fr":[1,9],"lorainccc.edu":[1,12],"lorand.biz":[1,12,9],"lorangebleue.fr":[1,12],"lorannoils.com":[1,9],"loranscholar.ca":[1,12],"lord.com":[1,12],"lordabbett.com":[1,2,12],"lordandtaylor.com":[12],"lordcraft.net":[1,12,5],"lordgunbicycles.com":[9],"lordlucky.com":[1,3,3],"lordofthecraft.net":[1,12],"lordofultima.com":[1,12,3],"lords-of-usenet.org":[12,10],"lords.org":[1,12],"lordsandknights.com":[1],"lordsofporn.com":[12],"loreal-paris.co.uk":[12,9],"loreal-paris.de":[1,12],"loreal-paris.es":[1,12,9],"loreal-paris.fr":[1,12,9],"loreal.com":[1,12],"loreal.net":[12],"loreal.wans":[12],"lorealparisusa.com":[9],"lorealusa.com":[1,12],"lorenz.com":[1,12],"lorespresso.com":[9],"lorexddns.net":[1,9],"lorextechnology.com":[9],"lorfolio.fr":[1,12],"loriot.io":[1,5],"lorisgolfshoppe.com":[9],"lorizon.com":[10],"lorman.com":[1,12],"lornajane.com.au":[1,9],"loro.ch":[1],"lorraine.eu":[1,12]}