{"tredition.de":[1,12,3],"treds.co.uk":[9],"tredz.co.uk":[9],"tree7.cc":[1,12],"treebitcoin.com":[1,2],"treeclassics.com":[1,9],"treefin.com":[1,2],"treefortbikes.com":[9],"treemall.com.tw":[9],"treemo.ca":[9],"treeoflifebooks.com":[1,12],"treering.com":[1,12],"treesnetwork.com":[1,3],"treffpunkt18.de":[12,1],"trefis.com":[1],"trefor.dk":[1],"treinaweb.com.br":[1,12,5],"treinpunt.nl":[1,3],"trekbikes.com":[9],"trekearth.com":[1,12],"trekitt.co.uk":[9],"trekkinn.com":[9],"trekksoft.com":[1],"trekuniversity.com":[1,12],"trekwear.co.uk":[9],"trelleborg.com":[1],"trellian.com":[1,5],"trelliscience.com":[1,12],"trello.com":[1],"tremblant.ca":[1,9,11],"tremii.com":[9],"tremontlendingloans.com":[1,2],"tremorgames.com":[3],"tremplin-immo.fr":[12],"trend-corner.com":[1,9],"trend-single.de":[12,1,3],"trend-trader.net":[12],"trend-uk.com":[1,5,9],"trendcounter.com":[1,5],"trendevice.com":[1,9],"trendfrage.de":[1,9],"trendgraphix.com":[1],"trendhunter.com":[1,12],"trendimi.com":[1,12],"trendin.com":[9],"trendkite.com":[1],"trendmicro-europe.com":[1,12],"trendmicro.co.jp":[1,5],"trendmicro.com":[1,5],"trendmicro.com.au":[1,5],"trendmicro.eu":[1,12],"trendmls.com":[1,12],"trendnet.com":[1,5,9],"trendsales.dk":[9],"trendscan.de":[1],"trendsecure.com":[1,5],"trendsend.com":[1,9],"trendset.de":[1,12],"trendsgal.com":[9],"trendsresearch.com":[1,12],"trendwatching.com":[1,12],"trendweight.com":[12],"trendybutler.com":[9],"trendyflash.com":[1],"trendyol.com":[9],"trenery.com.au":[1,9],"trenes.com":[1],"trenitalia.com":[1,9],"trenitalia.it":[1,9],"trenkwalderitalia.it":[1],"trenois.com":[1,9],"trenord.it":[1,12,3],"trenta.it":[1],"trentbarton.co.uk":[1],"trentu.ca":[1,12],"treo.ca":[1],"treocentral.com":[1,9],"trepp.com":[1,2],"trepup.com":[1],"tres-bien.com":[9],"tresbienfrench.com":[1,12],"tresbizz.com":[1,5,9],"trescoquines.com":[12,3],"tresiba.com":[12,4],"tresordupatrimoine.fr":[12,9],"tresorit.com":[1,5],"trespass.com":[9],"trevecca.edu":[12],"trevorspace.org":[1,12],"trevx.com":[1,12],"trex-arms.com":[1,9,12],"trex.com":[1],"trezarcoin.com":[12],"trezor.io":[1,5],"tri-ad.com":[1,12],"tri-c.edu":[1,12],"tri-cityherald.com":[1,7],"tri-ed.com":[1],"tri-starsystems.com":[1]}