{"gardenbags.co.nz":[12],"gardenbargains.com":[9],"gardenbird.co.uk":[9],"gardenbuildingsdirect.co.uk":[1,9],"gardencitygroup.com":[1,12],"gardeners.com":[9],"gardenersworld.com":[1,12,3],"gardenexpress.com.au":[1,9],"gardengrocer.com":[1,3,9],"gardenharvestsupply.com":[1,9],"gardeningdirect.co.uk":[1,12],"gardeningexpress.co.uk":[1,9],"gardens4you.co.uk":[1,9],"gardentractortalk.com":[12],"gardenweb.com":[1,9],"gardenwildlifedirect.co.uk":[1,9],"gardenwinds.com":[1,9],"garder-mes-enfants.fr":[12],"gardes-enfants.com":[12],"gardicanin.fr":[1,12],"gardner-webb.edu":[12],"gardnerbank.com":[1],"gare-aux-gays.com":[12,1,3],"gareauxcoquines.com":[12,1,3],"gareauxlibertins.com":[12,1,3],"garena.co.id":[3],"garena.com":[3],"garena.my":[3],"garena.ph":[3],"garena.ru":[12],"garena.sg":[3],"garena.tw":[1,3],"garena.vn":[3],"gares-sncf.com":[1,12],"garlandisd.net":[12],"garlandscience.com":[1,12,9],"garlandtx.gov":[1,12],"garlicwallet.com":[1],"garlik.com":[1,12],"garmentory.com":[9],"garmin.cn":[12],"garmin.com":[1,9],"garmin.com.tw":[1,9],"garmin.de":[1,12,9],"garminconnect.com":[1],"garmingps.ch":[1,9],"garminstore.com.br":[9],"garnelio.de":[1,12,9],"garnethill.com":[9],"garnetwine.com":[12,9],"garnier.de":[12,9],"garnier.fr":[1,12,9],"garnierusa.com":[12,3,9],"garobot.net":[3,3],"garotapopular.com":[1,3,9],"garp.org":[12],"garrafeiranacional.com":[12,9],"garraways.co.uk":[1,9],"garrettpopcorn.com":[1,3],"garrettwade.com":[9],"garrycity.fr":[1,12],"garsoniera.com.pl":[12,1],"garten-schlueter.de":[1,12,9],"gartencenter-shop24.de":[1,12,9],"gartenxxl.de":[1,9],"gartic.com":[12],"gartic.com.br":[12,3],"gartner.com":[1,12,5],"gartnereventsregistration.com":[12],"gartnerstudios.com":[1,9],"garuda-indonesia.com":[12],"garudamiles.com":[1,12],"garyfong.com":[1,9],"garyswine.com":[12,9],"garzantilinguistica.it":[1,12],"gas-south.com":[1],"gas-tankstellen.de":[1,12],"gas.de":[1,9],"gasag.de":[1,12],"gasavingspass.com":[1,9],"gasbijoux.com":[1,9],"gasbuddy.com":[1,9],"gaschoolstore.com":[1,12],"gasco.ae":[12],"gasnatural.com":[1,12],"gasnaturalban.com.ar":[1,12],"gasnaturalfenosa.com.ar":[1,12],"gasnaturalfenosa.com.br":[1,12],"gasnaturalfenosa.com.co":[1,12],"gasnaturalfenosa.com.mx":[1,12],"gasnaturalfenosa.com.pa":[1],"gasnaturalfenosa.es":[1],"gasnaturalvendita.com":[1,12],"gasofac.com.mx":[1],"gasolina-online.com":[1],"gaspedaal.nl":[1,12],"gasrforum.com":[1,12,10],"gassaferegister.co.uk":[1],"gastateparks.org":[1]}