{"speedcurve.com":[1,5],"speeddate.com":[10],"speeddial2.com":[1,5],"speedfeeder.net":[1,12],"speedguide.net":[5],"speediarms.com":[1],"speedify.com":[1,5],"speedlancer.com":[1],"speedledger.com":[1],"speedmaster-shop.at":[1],"speedmeter.de":[1,12,5],"speedminer.io":[12],"speednames.com":[1,5],"speednames.uk":[1,5],"speedo.com":[9],"speedo.com.au":[9],"speedousa.com":[9],"speedpass.ca":[1,9],"speedpass.com":[12],"speedpay.com":[1,2],"speedperks.com":[12],"speedport.ip":[12],"speedppc.com":[1,12],"speedrabbitpizza.com":[12],"speedrfp.com":[1],"speedrun.com":[3],"speedrunslive.com":[3],"speedshop.hu":[1,5,9],"speedsim.net":[12,5],"speedsociety.com":[1,9,12],"speedsolving.com":[1,3],"speedtechlights.com":[1,9],"speedtest.net":[1,5],"speedtest.nl":[1,5],"speedtest.pl":[1,12,5],"speedtestcustom.com":[1],"speedtrader.com":[1,2],"speedtree.com":[1,12,5],"speedtv.com":[3],"speedtypingonline.com":[1,12],"speedup.it":[9],"speeduse.net":[1,5],"speedvid.net":[1,10],"speedway.com":[1,9],"speedway.fr":[1,9],"speedwaymotors.com":[9,12],"speedy.com.ar":[1],"speedyads.com":[1,5],"speedybackup.com":[1,5,10],"speedybarcodes.com":[1,9],"speedybooker.com":[1,11],"speedycash.com":[1,2],"speedymetals.com":[1,9],"speedypassword.com":[1],"speedypin.com":[1,9],"speedyservices.com":[1],"speedyshare.com":[1,3],"speek.com":[1],"speert.com":[9],"speexx.com":[1],"speicherzentrum.de":[1,5],"spektrix.com":[1,3],"spektrum.de":[12],"spektrumrc.com":[1,9],"spel.nl":[3],"spelbutiken.se":[3],"spele.nl":[3],"spellbinderspaperarts.com":[1,3,9],"spelletjes.nl":[3],"spellingbee.com":[12],"spellingcity.com":[12],"spellodrome.com":[1,12],"spellsofmagic.com":[1,12,3],"spellzone.com":[12],"spelpunt.nl":[1,3,3],"spemall.com":[5,9],"spencer-ogden.com":[1,12,11],"spencersavings.com":[1,2],"spencersonline.com":[9],"spencerstuart.com":[1,12],"spendee.com":[1],"spendesk.com":[1],"spendgo.com":[1],"spendit.de":[1,9],"spenergy.co.uk":[12],"spengergasse.at":[1,12],"speqphoto.ca":[12],"sperenza.com":[1,9],"sperry.com":[9],"sperrysoftware.com":[1,5],"sperrytopsider.com":[9],"spesasicura.com":[12],"spests.it":[1,12],"speurders.nl":[1,9],"spex4less.com":[1,9],"spey.ltd":[12],"speyer.de":[1,12],"spezi-haus.de":[1,9],"spf.com":[9]}