{"britishblades.com":[10],"britishcanoeing.org.uk":[1,12],"britishcornershop.co.uk":[1,9],"britishcouncil.org":[1,12],"britishcouncil.org.hk":[1,12],"britishcouncil.org.in":[1,12],"britishcycling.org.uk":[1,3],"britishdressage.co.uk":[1,12],"britishexpats.com":[1,12],"britishfooddepot.com":[1,9],"britishgas.co.uk":[1],"britishgashomeinsurance.co.uk":[12],"britishjobs.co.uk":[6],"britishlegion.org.uk":[1,12],"britishmuseum.org":[1,12],"britishmuseumshoponline.org":[1,12,9],"britishnewspaperarchive.co.uk":[1,12],"britishparts.co.uk":[9,12],"britishpathe.com":[12,3],"britishrowing.org":[1,12],"britishsexcontacts.com":[10],"britishtriathlon.org":[1,12],"britlink.com":[1],"britmethod.co":[1,2],"britmethod.net":[12],"britmethod1.com":[12],"britmethodsoftware.com":[1],"britmilfit.com":[1,12],"britmodeller.com":[1,12],"britsafelearning.com":[12],"britsuperstore.com":[1,3,9],"brittany-ferries.co.uk":[1,9,11],"brivity.com":[1],"brivium.com":[1],"brivo.com":[1],"briweb.com":[1],"brix.io":[1,5],"brizy.com":[12],"brizzly.com":[1,10],"brk.de":[1,12],"brlink.com.br":[1],"brlogic.com":[1,3],"brmethodprofit.com":[12],"brmine.net":[1,2,5],"brnopas.cz":[1],"broad-isp.jp":[12],"broadbandbuyer.co.uk":[1,5],"broadbandbuyer.com":[1,5],"broadbandreports.com":[1,5],"broadbandspeedchecker.co.uk":[1,5],"broadcast.ch":[1,12],"broadcasthe.net":[1],"broadcastify.com":[1,3],"broadcastnow.co.uk":[1,3,7],"broadcom.com":[1,5],"broadgreenscreenings.com":[1],"broadinstitute.org":[12,4],"broadjam.com":[1,3],"broadmail.de":[1],"broadpark.no":[1,5],"broadridge.com":[1],"broadsmart.com":[1,5],"broadsoft.com":[1],"broadspectrum.com":[1,12],"broadstreetvaluations.com":[1],"broadtargetingformula.com":[12],"broadviewnet.com":[1],"broadviewnet.net":[12],"broadvoice.com":[1],"broadwaybank.com":[1,2],"broadwayhd.com":[1],"broadwayoffers.com":[1,9],"broadwayworld.com":[1,12],"broarmy.net":[1,12,3],"brobizz.com":[1],"brobizz.dk":[1],"brocabrac.fr":[12],"brocade.com":[1,5],"brocantelab.com":[1,9],"brock.ac.uk":[1,12],"brock.dk":[1,12],"brockport.edu":[12],"brocksolutions.com":[1],"brocksupply.com":[9],"brocku.ca":[12],"brodboksen.no":[12],"broderbund.com":[1,5],"brodim.com":[12,3],"brodit-shop.de":[1,9],"broditcenter.nl":[1,9],"broetchenbursche.de":[1],"brogsitter.de":[12,9],"brohoof.com":[1],"brokebackasians.com":[12,3],"brokenarrowok.gov":[1,12],"brokenbot.org":[1],"brokenbrain.com":[12],"brokencoast.ca":[12],"brokenlinkbuilding.com":[1]}