{"dns.pt":[1,5],"dns2go.com":[1,5],"dns4me.net":[1,5,12],"dnsalias.com":[1,5],"dnsalias.net":[1,5],"dnsalias.org":[1,5],"dnsbycomodo.com":[1,5],"dnsdynamic.org":[1,5],"dnsever.com":[1,5],"dnsexit.com":[1,5],"dnsfilter.com":[1,5],"dnshome.de":[1,5],"dnsimple.com":[1,5],"dnsmadeeasy.com":[1,5],"dnsomatic.com":[1,5],"dnspark.com":[1,5],"dnspod.cn":[1,5],"dnspod.com":[1,5],"dnsproxy.tv":[1,5,12],"dnsserver.eu":[12],"dnsstuff.com":[5],"dnswl.org":[1,5],"dnt.no":[1,12],"dntly.com":[12],"dntx.com":[1],"dnv.com":[1,12],"dnvgl.com":[1,12],"dnvod.eu":[12],"dnvod.tv":[3],"dnxlive.com":[12],"do-it.org":[1,12],"do-it.org.uk":[1,12],"do.am":[1,5],"do.com":[1],"do.de":[12],"do512.com":[1],"doan.edu.vn":[12],"doba.com":[1,9],"dobambam.com":[1],"dobbersports.com":[3],"dobbies.com":[1,9],"dobell.co.uk":[9],"dobell.fr":[9],"dobest.com":[12],"dobet.com":[3],"dobies.co.uk":[3,9],"dobigmoney.com":[1,12],"dobraprace.cz":[1,12,6],"dobre-ksiazki.com.pl":[1,12,3],"dobreprogramy.pl":[1,5],"dobrestvari.rs":[1],"doc-du-juriste.com":[1,12],"doc-etudiant.fr":[1,12],"doc-tracking.com":[1,12],"doc.edu.vn":[12],"doc.gov":[1,12],"doc88.com":[1,12],"docagent.ca":[1,12],"docagent.net":[1,5],"docapost-bpo.com":[12],"docasap.com":[1],"docavenue.com":[1,12,4],"docbase.io":[1,12,5],"docbook.com.au":[1,4],"doccafe.com":[1,6],"doccheck.com":[1,12],"doccheckshop.de":[1,9],"doccle.be":[1],"docclub.com":[1,3],"docdroid.net":[1,12,5],"docebeleza.com.br":[9],"docebo.com":[1,12],"docebosaas.com":[12],"docfcu.org":[1,2],"docfinder.at":[1,12,4],"docgrader.com":[1,12,5],"docguide.com":[12,4],"dochkisinochki.ru":[9],"dochub.com":[1,12,5],"docin.com":[1,12],"docinsider.de":[1],"docircuits.com":[1,12],"dock.io":[12],"docker.com":[1,5],"docker.io":[1,5],"dockers.com":[9],"docketalarm.com":[1,12],"docketnavigator.com":[1,12],"dockwa.com":[1],"doclasse.com":[9],"docline.gov":[1,12],"doclv.com":[1,12,4],"docma.info":[1,12,3],"docmagic.com":[1,12],"docmarketing.fr":[1],"docmein.com":[1],"docmicro.com":[5,9],"docmorris.de":[1,9],"docnet.com":[1]}