{"fortunejack.com":[12],"fortuneo.be":[1,2],"fortuneo.fr":[1,2],"fortwaynecityutilities.com":[1],"fortworthgov.org":[1,12],"fortworthtexas.gov":[1,12],"fortyninershops.net":[1,12,9],"fortytwo.sg":[9],"forum-actif.eu":[12,3,10],"forum-actif.net":[12,10],"forum-airguns.com":[12,9,12],"forum-aktiv.com":[12,10],"forum-andr.net":[5,10],"forum-audiophile.fr":[12],"forum-auto.com":[12],"forum-bmw.fr":[10],"forum-box.com":[1,12,10],"forum-canada.com":[12,10],"forum-candaulisme.fr":[12,1],"forum-centrale-supelec.fr":[1,12],"forum-clio.com":[12,10],"forum-cookeo.com":[1,3],"forum-des-portables-asus.fr":[12],"forum-ecigarette.com":[1,12,10],"forum-entraide-informatique.com":[1,12,5],"forum-fic.com":[1,12],"forum-fuer-senioren.de":[1,12],"forum-generationmobiles.net":[12,5,10],"forum-iphone.fr":[10],"forum-livre.com":[12,3,10],"forum-maximus.net":[10],"forum-mercedes.com":[1,10,12],"forum-nas.fr":[1,12,10],"forum-officiel.com":[3,10],"forum-officiel.fr":[1,12,10],"forum-olympus-france.com":[12],"forum-opel.fr":[12],"forum-orange.com":[10],"forum-peugeot.com":[1,12,12],"forum-photovoltaique.fr":[12,10],"forum-pro.fr":[12,10],"forum-racacax.ga":[1,12,10],"forum-raspberrypi.de":[12,10],"forum-sam.com":[5,7],"forum-windows7-windows8.fr":[12,5,10],"forum-zafira.com":[1],"forum.ge":[1,12,3],"forum.hr":[12,3],"forum.st":[1,12],"forum24.se":[1,10],"forum2go.nl":[12],"forum2jeux.com":[12,3,10],"forum2ouf.com":[12,10],"forum2x2.ru":[1,12,10],"forum4x4.org":[12,10],"forumactif.be":[1,12,10],"forumactif.biz":[12,3,10],"forumactif.com":[1,12,10],"forumactif.fr":[12,3,10],"forumactif.info":[1,12,10],"forumactif.org":[1,12],"forumactif.pro":[12,3],"forumalgerie.net":[12],"forumangusreid.com":[1,12],"forumaquario.org":[12,3,10],"forumarabia.com":[1,12,10],"forumatic.com":[10],"forumativo.com":[3,10],"forumattivo.com":[1,10],"forumattivo.it":[12,10],"forumaverfight.ovh":[1,10],"forumbee.com":[1,5],"forumbom.com":[12,3,10],"forumbrasil.net":[12,3,10],"forumcardsharing.com":[10],"forumchitchat.com":[1,5],"forumchti.com":[1,12,10],"forumcinemas.ee":[1,3],"forumcinemas.lt":[1,12,3],"forumcinemas.lv":[1,3],"forumclan.com":[3,10],"forumco.com":[1,5,10],"forumcomm.com":[1],"forumcommunity.net":[1],"forumconstruire.com":[1,12],"forumcrea.com":[12,10],"forumcuonline.com":[1],"forumczech.com":[10],"forumdediscussions.com":[12,10],"forumdesados.net":[10],"forumdesccrapido.com":[1,12,10],"forumdesimages.fr":[1,12],"forumdrone.fr":[12,5,10],"forumegypt.net":[1,12,10],"forumeiro.com":[12,10],"forumeiro.net":[12,3,10],"forumeiros.com":[1,10],"forumeiros.net":[12,3],"forumer.com":[1,5]}