{"alcom.ch":[3],"alcon.com":[1,12],"alcopa-auction.fr":[1,9,12],"alcott.eu":[1,9],"alcs.co.uk":[1,12],"alcuin.com":[1,12],"alcurex.com":[1,2,3],"aldaba.com":[1,12],"aldaniti.net":[1],"aldarayn.com":[12],"aldautomotive.com":[1],"aldautomotive.it":[1],"aldcarmarket.com":[12],"aldebaran-robotics.com":[1],"aldebaran.com":[1],"aldebaran.ru":[1,12,3],"aldec.com":[1,5],"aldermore-brokerportal.co.uk":[12],"aldermorebusinesssavings.co.uk":[1,2],"aldermoresavings.co.uk":[12],"aldi-blumen.de":[1,9],"aldi-lotto.de":[1,3],"aldi-mobile.ch":[1,5,9],"aldi-sued.de":[1,9],"aldi-suisse-tours.ch":[1,11],"aldi.co.uk":[12,3,9],"aldi.de":[12],"aldifotos.de":[1,3,9],"aldilife.com":[1,12,3],"aldilife.de":[1],"aldiliquor.com.au":[12,1,9],"aldimobile.com.au":[1],"aldiphotos.co.uk":[1,3,9],"aldirecruitment.co.uk":[1],"alditalk-kundenbetreuung.de":[1,12,5],"alditalk.de":[10],"aldo.com.br":[1,5,9],"aldoran.ru":[1,12,3],"aldoshoes.com":[9],"aleado.com":[1],"aleaur.com":[1],"aleda.fr":[1,12],"alege.de":[1,12],"alegra.com":[1],"alegratka.pl":[1,9],"alegrecompra.com":[12],"alegriashoeshop.com":[9],"alein.org":[12,3],"alekino.tv":[12],"aleks.com":[12],"alektum.com":[1],"alelo.com.br":[1],"alemana.cl":[1,12,4],"alencorp.com":[1,9],"alentus.com":[1,5],"alephbeta.org":[1,12],"alepia.com":[1,9],"alere.com":[1,12],"alerehealth.com":[1,12,4],"alert.io":[1],"alerta24h.com.br":[1,5,9],"alertaemprego.pt":[1,5,6],"alertdiver.eu":[1,12],"alertdriving.com":[1,12],"alertegps.com":[1,12],"alertejob.com":[1,12,6],"alertelectrical.com":[9],"alerteslbc.com":[12],"alertfx.com":[1,2,12],"alerti.com":[1],"alertid.com":[12],"alertlogic.com":[1,5],"alertlogic.net":[1,5],"alertmedia.com":[1],"alertpay.com":[1,5],"alertra.com":[1],"alertregistration.com":[12],"alertservice.ca":[1,12],"alertsite.com":[1,5],"alerus.com":[1,2,12],"alerusfinancial.com":[1,2,12],"alerusrb.com":[1,2],"alesis.com":[1,9],"alessi.com":[1,9],"aletorrenty.pl":[12],"alex-fischer-duesseldorf.de":[1],"alex.nl":[1,3],"alexa.com":[1,5],"alexaboostup.com":[1],"alexamaster.net":[1],"alexandani.com":[9],"alexandar-cosmetics.com":[1,12,9],"alexanderforbes.co.za":[1,2],"alexanderstreet.com":[1,12],"alexanderwang.com":[1,9],"alexandra.co.uk":[9],"alexandra.hu":[12],"alexandreroth.com":[12],"alexandriava.gov":[1,12]}