{"alexbecker.org":[1],"alexfilm.cc":[3],"alexis-robert-bricolage.com":[9],"alexlibraryva.org":[1,12],"alexnld.com":[9],"alexolivier.fr":[1,12],"alexrenew.com":[1,12],"alezaa.com":[1],"alfa-bank.by":[1,2],"alfa-college.nl":[1,12],"alfa-forex.ru":[2],"alfa.com":[1,12,9],"alfa.com.lb":[1,5],"alfa.com.tw":[9],"alfa.cz":[9],"alfabank.com.ua":[1,2],"alfabank.ru":[1,2],"alfabb.com":[1,12],"alfacashier.com":[1,2],"alfacomp.cz":[9],"alfaconcursos.com.br":[1,12],"alfafile.net":[1,5],"alfaforex.com":[1,2],"alfahosting-server.de":[1,5],"alfahosting.de":[1],"alfahosting.org":[1,5],"alfainsurance.com":[1,2],"alfaliquid.com":[1,3],"alfaliquid.fr":[1,3],"alfamiles.com":[1,11],"alfaowner.com":[1,3],"alfaparcel-support.com":[1,9],"alfapolicy.com":[1],"alfaromeo.fr":[1,12],"alfastrah.ru":[1,2],"alfatrade.com":[1,2],"alfemminile.com":[12,3,9],"alfiobardolla.com":[1,12],"alfisti.net":[12],"alfred.com":[12],"alfredangelo.com":[1,12],"alfredforum.com":[1,5,10],"alfredstate.edu":[1,12],"alfresco.com":[1],"algam.net":[12],"algartelecom.com.br":[1],"algaworks.com":[1,12],"algcoffee.co.uk":[1,3,9],"algebra.com":[12],"algebranation.com":[12],"algerietelecom.dz":[12],"algersoft.net":[12],"algisinfo.com":[1,5],"algocashmaster.com":[1],"algocashmaster.net":[1],"algodoo.com":[1,12],"algofly.fr":[3,11],"algolia.com":[1,5],"algonquincollege.com":[1,12],"algopharm.com":[1,12],"algorithmia.com":[1,5],"algosec.com":[1,5],"alhambrawater.com":[1],"alhgroup.com.au":[1],"ali-cle.org":[1,12],"ali213.net":[3,3],"aliabase.fr":[1,12,9],"aliacraft.net":[12],"aliancaadm.com.br":[12],"alianceterritoires.fr":[1,12],"alianza.com":[1,5],"aliaz.com":[1,6],"alibaba-inc.com":[12],"alibaba.com":[9],"alibaba.ir":[1,11],"alibabacloud.com":[1,5],"alibabike.com":[9],"alibonus.com":[12],"alibre.com":[1],"alibris.co.uk":[12,3,9],"alibris.com":[12,3,9],"alice-dsl.de":[12],"alice.box":[12],"alice.com":[1,3],"alice.it":[1],"aliceadsl.fr":[1,12],"aliceandolivia.com":[9],"alicedelice.com":[1,9],"alicesgarden.fr":[1,9],"alicetraining.com":[1,12],"alicex.com":[12,1],"aliciagame.com":[12],"alidropship.com":[1],"aliedwards.com":[1,3,9],"aliefisd.net":[12],"aliengearholsters.com":[1,9,12],"alienskin.com":[1,12,5],"aliensurface.ro":[1,9],"alientech.pt":[9]}