{"portal.io":[1],"portalabre.com.br":[12],"portalava.com.br":[12],"portalbank.dk":[12],"portalbank.no":[12],"portalbereich.de":[12],"portalbuzz.com":[1],"portalcentric.net":[3],"portalcodec.com":[1,12],"portalconnect.net":[1,4],"portaldaqueixa.com":[1],"portaldasfinancas.gov.pt":[12],"portaldecursosrapidos.com.br":[1,12],"portaldepagosmercantil.com":[1],"portaldepassagens.com.br":[12],"portaldetonando.com.br":[12],"portaldocidadao.pt":[1,12],"portaldoestudantenatal.com.br":[12],"portaldorh.com.br":[12],"portaldoscreditos.com.br":[3],"portaldosug.cz":[1,12],"portaldotrader.com.br":[1,5],"portaleargo.it":[1],"portaleducacao.com.br":[1,12],"portalefrecce.it":[12],"portaleimmigrazione.it":[12],"portalelavoro.com":[1],"portaleleva.com.br":[12],"portalemedica.it":[12],"portalento.es":[1,12],"portalfarma.com":[1,12],"portalforpatients.com":[12],"portalgps.com.br":[12,10],"portalhacker.net":[1,5,10],"portalinmobiliario.com":[1,8],"portaliz.com":[12,5,10],"portaljob-madagascar.com":[1,12],"portalnet.cl":[7],"portalosk.pl":[1,12],"portalpositivo.com.br":[1],"portalpravaler.com.br":[1,12],"portalprogramas.com":[1,5],"portalsas.com.br":[12],"portalsinergyrh.com.br":[1,12],"portaltv.tv":[1],"portalusgames.com":[1,12,5],"portalviva.pt":[1],"portaportal.com":[1,12],"portaportese.it":[1,9],"portatour.net":[1],"portercable.com":[1,9],"porterfinance.com":[12],"portfolio123.com":[1,2],"portfoliobox.net":[1],"portfoliocheckup.com":[1,2,12],"portfoliogen.com":[1,12],"portfoliologin.com":[12],"portfoliomonkey.com":[1],"portfolioonline.com.au":[12],"portfoliorecovery.com":[1],"portfoliovisualizer.com":[1,2],"portfolium.com":[1,12,6],"portforward.com":[1,5],"porticobenefits.org":[1,12],"portillos.com":[1],"portima.be":[1,12],"portingteam.com":[12,3],"portlandgeneral.com":[1,12],"portlandonline.com":[1],"portlandoregon.gov":[1,12],"portmerch.com":[1,3],"portmone.com.ua":[1],"portoeditora.pt":[1,12],"portoseguro.com.br":[1,2],"portphillippublishing.com.au":[1,2],"portraitbox.com":[1],"portraitprofessional.com":[1],"portsamerica.com":[1],"portseattle.org":[1,12],"portsmouth.gov.uk":[1,12],"portsmouthfc.co.uk":[1,3,3],"portsupply.com":[1,9],"portswigger.net":[1,5],"porttix.com":[1,3],"portugal2020.pt":[1,12],"portugalmail.pt":[1,5],"portugalproperty.com":[1,8],"portugalvineyards.com":[12,9],"portuguesepod101.com":[1,12],"portwest.biz":[1,9],"porvenir.com.co":[1,12],"porzellantreff.de":[1,9],"poscorp.com":[1],"posepartage.fr":[1,12,10],"posespace.com":[1,12,9],"poshcasino.com":[1],"poshly.com":[1],"poshmark.com":[1,12,9],"posibill.com":[1]}