{"vapable.com":[12,9],"vapage.com":[12,1,9],"vapango.de":[12,9],"vape-box.com":[1,12,9],"vape.gg":[1],"vapeclub.co.uk":[12,9],"vapecraft.ru":[1,3,3],"vapecraftinc.com":[12,9],"vapedojo.com":[12,9],"vapedudes.com":[12,12,9],"vapefiend.co.uk":[9],"vapejoose.com":[12,9],"vapeking.com.au":[12,9],"vapemate.co.uk":[9],"vapenw.com":[9],"vaperev.com":[9],"vaperoyalty.com":[9],"vapers.tv":[3],"vapes.com":[12,9],"vapescapepanel.com":[1],"vapeshop.com":[9],"vapeshoreditch.com":[12,1,9],"vapesocietysupplies.com":[12,9],"vapesocietysupply.com":[12,12,9],"vapesourcing.com":[12,9],"vapewild.com":[9],"vapeworld.com":[12,9],"vapewunder.de":[1],"vapexperience.com":[12,9],"vapiano.com":[1,12],"vaping.com":[9],"vapingunderground.com":[12,10],"vapingzone.com":[12,9],"vapo.es":[12,9],"vapoclope.fr":[12,9],"vapor-freak.de":[12,9],"vapor4life.com":[12,12,9],"vaporauthority.com":[1,9],"vaporbeast.com":[9],"vaporbreak.com":[12,1,9],"vapordna.com":[12,12,9],"vaporfi.com":[1,12,9],"vaporhq.com":[12,9],"vaporider.net":[9],"vaporized.co.uk":[12,9],"vaporkings.com":[9],"vapornation.com":[12,9],"vaporoso.it":[9],"vaporseller.com":[12,9],"vaporshark.com":[12,9],"vaportekusa.com":[9],"vaporwall.com":[1],"vaporworld.biz":[12,12,9],"vaporzone.com":[12,9],"vapostore.com":[12,9],"vapoter.fr":[12,9],"vapotestyle.fr":[9],"vapoteuse.fr":[12,9],"vapour.co.uk":[9],"vapoureyes.com.au":[12,9],"vapouriz.co.uk":[1,12,9],"vapourlites.com":[12,12,9],"vaprosupply.com":[9],"vara.nl":[1,12],"varaaheti.fi":[1],"varagesale.com":[1,9],"vareni.cz":[1,3],"varese.it":[12],"varetire.org":[1,2,12],"varia-store.com":[1,5,9],"varian.com":[1,12],"variantes.com":[9],"varidesk.com":[1,9],"variety.com":[3],"varilux.ca":[1],"variomedia.de":[1,5],"varmatin.com":[1,12,7],"varmilo.com":[1],"varolo.com":[12],"varonis.com":[1,5],"varsity.com":[12],"varsitynewsnetwork.com":[12],"varsitytutors.com":[1,12],"varsityviews.com":[12,3,3],"vartis.de":[1,9],"varus.ua":[1,12,9],"varusteleka.com":[9],"varusteleka.fi":[9],"varuvo.nl":[1,9],"varycode.com":[5],"varzesh3.com":[3],"vasayo.com":[1,12],"vasbyhem.se":[1,12],"vasco.com":[1],"vascomodena.it":[12],"vascorossi.net":[1],"vasecigareta.cz":[12,9],"vaservices.eu":[12],"vashagotivochka.ua":[1,2]}