{"bearingboys.co.uk":[1,9],"bearingpoint.com":[1],"bearprinting.com":[12],"bearstatebank.com":[1,2],"bearunderground.net":[12],"bearworld.com":[12],"bearwww.com":[12],"bearwww.fr":[12],"bearychat.com":[1,5],"beasafehunter.org":[12],"beast-dating.com":[10],"beastcabal.net":[1,12,3],"beastforum.com":[12,3,10],"beastkeeper.com":[1,12],"beastnode.com":[1,5],"beastsofwar.com":[12,3,3],"beasttracker.net":[5],"beastybike.com":[1,9],"beatdek.fm":[1,12],"beate-uhse-movie.com":[12],"beate-uhse.com":[12,9],"beatgenerals.com":[1,12],"beatpad.net":[1],"beatpick.com":[1,12,3],"beatport.com":[3,9],"beatrixapp.com":[1],"beatsbydre.com":[1,9],"beatsmusic.com":[1,9],"beatsnbits.nl":[1,12],"beatstars.com":[1],"beatsuite.com":[1,12,3],"beatthegmat.com":[1,12],"beattheinsiders.com":[3,3],"beatthestreet.me":[1],"beatthetraffic.com":[12],"beau-coup.com":[1,9],"beaumont-legal.co.uk":[1],"beaumont.edu":[1,12,4],"beaumont.org":[1,12,4],"beaumotica.nl":[1,9],"beaurivage.com":[1],"beaute-addict.com":[1,9],"beaute-futee.com":[9],"beaute-test.com":[9],"beautechoix.com":[1],"beauteprivee.es":[1],"beauteprivee.fr":[1],"beautiesltd.com":[9],"beautiful-box.com":[1,3,9],"beautiful-templates.com":[1,5],"beautifulagony.com":[1,3],"beautifulhalo.com":[9],"beautifulpeople.com":[1],"beautinet.com":[1],"beautistas.com":[1,9],"beauty.com":[9],"beautyandtheboutique.com":[1,9],"beautyarmy.com":[9],"beautybar.com":[1,9],"beautybay.com":[9],"beautyboutique.ca":[9],"beautyboutique.com":[12],"beautybox5.com":[9],"beautybrands.com":[9],"beautycoiffure.com":[9],"beautycon.com":[12],"beautycounter.com":[1,9],"beautydeals.net":[1,9],"beautydis.com":[12,3,9],"beautyencounter.com":[9],"beautyexpert.com":[12,9],"beautyflash.co.uk":[1,9],"beautygarage.jp":[9],"beautyheaven.com.au":[1],"beautyjoint.com":[9],"beautylish.com":[9],"beautymnl.com":[9],"beautynetkorea.com":[9],"beautyofnewyork.com":[9],"beautypedia.com":[1,12],"beautypie.com":[1,9],"beautyprive.it":[9],"beautysane.com":[1,12],"beautyshop.fr":[9],"beautyspin.com":[9],"beautysuccess.fr":[9],"beautytester.de":[1,12,9],"beauxarts.fr":[1,12,9],"beavercreek.com":[1],"beaverhomesandcottages.ca":[1],"beavermedicalgroup.com":[1,4],"beazleybreachsolutions.com":[1,12],"bebe-au-naturel.com":[9],"bebe-nounou.com":[12],"bebe.com":[9],"bebe9.com":[9],"bebeboutik.com":[1,9],"bebeconcept.com":[9],"bebeconfort-outlet.fr":[9]}