{"clickondetroit.com":[1,7],"clickonomy.com":[1],"clickpay.com":[1],"clickpay24.ru":[1,9],"clickperfect.com":[1],"clickperks.com":[1],"clickplay.to":[3],"clickpress.com":[12],"clickpromise.com":[12],"clicks.co.za":[9],"clicks.com.au":[1],"clicksafety.com":[1,12],"clicksbux.com":[12],"clicksend.com":[1],"clicksia.com":[12],"clicksign.com":[1],"clicksoftware.com":[1],"clicksophia.com.br":[12,9],"clicksor.com":[1],"clicksrecruit.com.au":[1],"clicksresearch.com":[1,12,9],"clickstay.com":[11],"clicksubmit.co.uk":[1],"clicksure.com":[1],"clickswitch.com":[1,5],"clicktale.com":[1],"clickteam.com":[1,12,5],"clicktime.com":[1],"clicktobuy.nl":[9],"clicktosave.com.au":[1,12],"clicktrackprofit.com":[1,12],"clicktrans.pl":[1],"clicktravel.com":[1],"clickufficio.it":[9],"clickup.com":[1,5],"clickview.com.au":[12],"clickvita.com.br":[1],"clickvoyager.com":[1],"clickwebinar.com":[1],"clickworker.com":[1],"clickx.be":[1,5],"clickxti.com":[1],"clicky.com":[1],"clickyab.com":[1],"clickyclix.com":[1],"clickydraft.com":[1,3],"clickyourscores.com":[1,2],"cliclavoro.gov.it":[1,12],"cliclavoroveneto.it":[1,12],"clicmagneticglasses.com":[9],"clicmanager.fr":[12,1],"clicoeur.fr":[10],"clicpeugeot.com":[1,12],"clicpostal.com":[1,9],"clicpublic.be":[1,3,9],"clicrbs.com.br":[1,12,7],"clicrdv.com":[1],"clicshop.com":[1,9],"clictune.com":[1],"clicxa.com":[1],"clien.net":[1],"client-privilege.com":[12],"client-sites.com":[1,2],"clientaccess.ca":[1],"clientaccessweb.com":[12],"clientam.com":[1,5],"clientaxcess.com":[1],"clientbaseonline.com":[12],"clientcampaigns.com":[1],"clientdirect.net":[1],"clientexec.com":[1],"clientheartbeat.com":[1],"clientis.ch":[1],"clientlook.net":[1],"clientm.pw":[12],"clientonline.nl":[12],"clients-fae.fr":[1,12],"clientseoreport.com":[12],"clientsite.com":[1],"clientsmart.com":[1],"clientsondemand.com":[1],"clientspace.com":[12,5],"clientsuccess.com":[1],"clientsupportsoftware.com":[12],"clientvu.ca":[1,2],"clientwhys.com":[1],"clifford-james.co.uk":[9],"cliffordchance.com":[1,12],"cliffsnotes.com":[12],"cliftoncameras.co.uk":[9],"clihome.com":[12],"clikdelivery.com":[12,1],"clikerz.net":[1],"clikpic.com":[1],"cliks.it":[1],"climate-kic.org":[1,12],"climate.com":[1],"climaterealityproject.org":[1,12],"climbbybike.com":[1,12,9]}