{"rudymawer.com":[1,12,4],"rudys.paris":[9],"rue-des-maquettes.com":[9],"rue-des-puzzles.com":[3,3,9],"rue21.com":[9],"rue89.com":[1,12],"ruedelafete.com":[1,3,9],"ruedelamer.com":[9],"ruedesampoules.com":[9],"ruedesecoles.com":[12],"ruedeshommes.com":[9],"ruedesjoueurs.com":[3],"ruedesparfums.com":[1,9],"ruedespiles.com":[9],"rueducommerce.com":[9],"rueducommerce.fr":[1,9],"rueduteeshirt.com":[9],"rueduvelo.com":[9],"ruelala.com":[12],"ruelsoft.com":[1],"ruesch.com":[12],"ruf-online.de":[1,12],"ruffalocody.com":[1,12],"ruffles.com.br":[1,12],"ruffwear.com":[9],"rufile.org":[1,10],"rug.nl":[12],"rugby-manager.com":[1],"rugby.com.au":[12],"rugbypass.com":[3,3],"rugbyrama.fr":[1,3,3],"rugbyshop.com":[1,9,3],"rugbystore.co.uk":[1,9,3],"rugbytots.co.uk":[1,12],"rugbyworldcup.com":[1,3],"rugdoctor.co.uk":[1,9],"rugdoctor.com":[1],"rugerforum.com":[1,12,10],"rugerforum.net":[12],"ruggedmaniac.com":[1,3],"rugs-direct.com":[1,9],"rugstudio.com":[9],"rugsusa.com":[12],"ruhr-uni-bochum.de":[12],"ruhrnachrichten.de":[1,12,3],"ruhrpott-life.de":[12],"rui-products.com":[1,9],"rulate.ru":[7,12,3],"rule.fm":[3,5],"rule34.xxx":[12],"rule34hentai.net":[12,3],"ruleoneinvesting.com":[1,2,12],"ruliweb.com":[12],"rullionsolutions.com":[12],"rumah123.com":[8,11],"rumahweb.com":[1,5],"rumahweb.org":[12],"rumble-boxing.com":[1,12],"rumble.com":[12,3],"rumblegames.com":[1],"rumbletalk.com":[1,10],"rumbo.com":[11],"rumbo.es":[11],"rumbo.fr":[12,11],"rumeid.com":[1],"rumeliacapital.com":[1,2],"rummycircle.com":[1,3],"rumo.com.br":[12],"rumratings.com":[12,1],"rumundco.de":[12,9],"runabove.com":[1,5],"runalyze.com":[1,12,5],"runboard.com":[1],"runbox.com":[1,5],"runbritain.com":[1,12],"runbritainrankings.com":[1,12,3],"runcam.com":[1,9],"runcard.com":[1,12],"runcloud.io":[5],"runcoach.com":[1,12],"runcpa.com":[1,2],"runczech.com":[1,12,3],"rund-ums-baby.de":[12,4],"rundexter.com":[1],"rundfunkbeitrag.de":[1,12],"rundowncreator.com":[1],"rune-server.ee":[12,3,10],"rune-server.org":[12,3,10],"runeclan.com":[1,12,5],"runeloader.com":[12],"runelocus.com":[1,12,5],"runemate.com":[1],"runescape.com":[1,3,3],"runesofmagic.com":[1,12,3],"runet-id.com":[1,12],"runetki.com":[12],"runexam.com":[1],"runhosting.com":[1,5],"runicgames.com":[1,12]}