{"touchfire.com":[9],"touchmd.com":[1],"touchnet.com":[1,12],"touchnet.net":[12],"touchngo.com.my":[1],"touchnote.com":[1],"touchofclass.com":[9],"touchoffice.net":[1],"touchofmodern.com":[1,12,9],"touchstonecrystal.com":[1,9],"touchstoneresearchgroup.com":[12],"touchtunes.com":[1],"toughmudder.co.uk":[1,12],"toughmudder.com":[1,12,3],"touhou-online.net":[1,12,5],"touloisirs.fr":[12],"toulouse.fr":[1,12],"toupargel.fr":[1,3,9],"tour-magazin.de":[1,9],"touraine-eschool.fr":[1,12],"touratech-usa.com":[9,12],"touratech.de":[1],"touratech.fr":[1],"tourbar.com":[1],"tourbuzz.net":[1],"tourcms.com":[1],"tourdecartes.com":[1,12],"toureiffel.fr":[1,12],"tourenfahrer.de":[1,12],"tourfactory.com":[1],"tourgigs.com":[1,3],"touricoholidays.com":[1],"touridat.com":[1],"touring.be":[1],"touringclub.it":[1,12],"touringplans.com":[1,3],"tourinsoft.com":[1],"tourisme93.com":[1,12,11],"tourisport.fr":[12],"touristeye.com":[1,9,11],"tournamentpokeredge.com":[3,3],"tournamentpools.com":[1,3],"tournamentsoftware.com":[1,12],"tourneymachine.com":[1],"tourneyteam.com":[12],"tourneytime.com":[1,3],"tourneytopia.com":[1],"tournoi.org":[1,12],"tournois-legend.com":[1,3],"tournois-legend.fr":[1,3],"touro.edu":[12],"tourocloudbackup.com":[1,5],"tourolib.org":[12],"tourpaq.com":[1],"tours4fun.com":[1,11],"toursbylocals.com":[1,12,11],"tourtips.com":[11],"tous-les-heros.com":[9],"tous-mes-voeux.com":[1,9],"tous.com":[9],"tousaurestaurant.com":[1],"tousavoir.com":[1,12],"tousbenevoles.org":[1,12],"touscoprod.com":[1,12,3],"tousergo.com":[1,9],"touslescables.com":[5,9],"touslesdrivers.com":[3,5],"tousnoscadeaux.com":[1,9],"touspourlacoupe.fr":[1,12],"tousvoisins.fr":[1,12],"tout-debrid.com":[1,12],"tout-debrid.net":[1,12],"tout-gratuit.be":[1,10],"tout-pour-iphone.com":[1,9],"tout.com":[1],"toutabo.com":[1,12,9],"toutacoup.ca":[1,3],"toutallantvert.com":[12],"toutapp.com":[1],"toutapprendre.com":[1,12],"toutatice.fr":[12],"toutbox.fr":[12],"toutcash.com":[1,9],"toutdentaire.com":[12,9],"touteladomotique.com":[1,12,3],"toutelanutrition.com":[9],"toutembal.fr":[9],"toutemonannee.com":[1,12],"toutes-pieces-electromenager.fr":[1,9],"touteslespoitrines.com":[12,9],"toutesmeslentilles.fr":[1,9],"toutgagner.com":[1,3,9],"toutiao.com":[1,12,7],"toutlehautparleur.com":[1,12,9],"toutless.com":[1,12,10],"toutpourlamoto.fr":[1,9],"toutpourlejeu.com":[3,3,9],"toutpratique.com":[1,9],"toutsurmoneau.fr":[1]}