{"skywalker.gr":[1,12,6],"skywar.net":[1,12],"skyward.com":[1,12],"skyward.io":[1],"skywards.com":[1,11],"skywareinventory.com":[1],"skywarriorthemes.com":[1,5],"skywatchtvstore.com":[1,9],"skyway.capital":[1,12],"skywayinvestgroup.com":[1,12],"skywayslexrfidapps.com":[1],"skywestonline.com":[12],"skywirelessbooster.local":[12],"skyword.com":[1],"skyworksinc.com":[1,5],"skyyart.fr":[3],"skyzone.com":[1,3],"sl-forums.com":[12],"sl.on.ca":[12],"sl.se":[1,12,3],"sla.org":[1,12],"slack.com":[1,10],"slacker.com":[3],"slacksocial.com":[1],"slader.com":[12],"sladkiiflirt.ru":[1,12,3],"slaegtogdata.dk":[1,12],"slain.io":[1,12,3],"slalom.com":[1],"slamjamsocialism.com":[9],"slando.ru":[9],"slando.ua":[9],"slanecycles.com":[9],"slanet.by":[9],"slant.co":[1,12],"slashcam.de":[1,12,3],"slashcv.com":[1,5],"slashdot.org":[1,5,7],"slashkey.com":[1],"slate.com":[12,3,7],"slate.fr":[1,12],"slated.com":[1,12],"slatedroid.com":[12,5,10],"slaters.co.uk":[9],"slavehack.com":[12,5],"slaveregister.com":[12],"slavic401k.com":[12],"slay.one":[3],"slayersonline.net":[12],"slb.com":[1,12],"slbenfica.pt":[1,3,3],"slbja.com":[1,12],"slbloodlines.com":[3],"slc.co.uk":[1,12],"slc.edu":[12],"slc.me":[1],"slcc.edu":[1,12],"slcgov.com":[1,12],"slcl.org":[1,12],"slco.org":[1,12],"slcolibrary.org":[1,12],"slcpl.org":[1,12],"slcschools.org":[12],"sld.cu":[12,4],"sleazyneasy.com":[12],"sledovanitv.cz":[1],"sledujufilmy.cz":[3],"sleekhair.com":[12,9],"sleeklens.com":[1],"sleekmakeup.com":[1,9],"sleeknote.com":[1],"sleepcountry.ca":[9],"sleepcycle.com":[1,12],"sleepdirect.com":[1,9],"sleeper.scot":[1,12],"sleeperbot.com":[12],"sleepingpillsuk.com":[12,12,9],"sleepinn.com":[1,11],"sleepio.com":[1,12],"sleepnumber.com":[1,9],"sleeptrain.com":[1,9],"sleepvantage.com.au":[1,12,4],"sleepyboy.com":[12],"sleepys.com":[1,9],"sleevecityusa.com":[9],"sleh.com":[1,12],"slemma.com":[1],"slenderkitchen.com":[3],"slendertone.com":[1,9],"slevomat.cz":[1],"slfc.com":[1,12],"slfcu.org":[1,2],"slg.vn":[3,3],"slh.com":[1,11],"slhn.org":[1,12,4],"slhs.org":[1,12,4],"sli-systems.com":[1],"sli.do":[1],"sli.se":[1,12]}