{"a2asimulations.com":[12],"a2gov.org":[1],"a2hosted.com":[12],"a2hosting.com":[1,5],"a2hosting.com:2096":[12],"a2oj.com":[1,3],"a2presse.fr":[1,9],"a2psoft.com":[1],"a2zinc.net":[1],"a30secure.com":[1],"a360.digital":[1,12],"a3antistasi.com":[12,10],"a3forum.fr":[1,12],"a4-freunde.com":[1,12,3],"a4-klub.pl":[3],"a4.com":[9],"a4c.com":[9],"a4d.com":[1],"a4free.com":[12],"a4joomla.com":[1,5],"a4team.hu":[1,5,9],"a4toner.com":[1,9],"a5.ru":[1],"a5oc.com":[1],"a8.net":[1,12,5],"a9vg.com":[3,3],"aa-team.com":[5],"aa.co.nz":[1],"aa.com":[1,11],"aa.com.br":[1,11],"aa.com.ve":[1,11],"aa.net.uk":[1,5],"aaa-calif.com":[12],"aaa.com":[1,12],"aaaa.org":[1,12],"aaaaarg.fail":[12],"aaaaarg.org":[1,12],"aaaai.org":[12,4],"aaacooper.com":[1],"aaaddedbenefits.com":[1,12],"aaae.org":[1,12],"aaafx.com":[1,2],"aaahq.org":[1,12],"aaalife.com":[1,12,4],"aaamidatlantic.com":[12],"aaanemembercenter.com":[1,12],"aaanet.org":[1,12],"aaanetaccess.com":[1,2],"aaanne.com":[12],"aaannunci.it":[9],"aaapoptavka.cz":[1],"aaapv.com":[1,12],"aaas.org":[12],"aaasouth.com":[1],"aaawa.com":[1,12],"aab.de":[1],"aab.dk":[1,12],"aaca.org":[1,12],"aacap.org":[12,4],"aacc.edu":[12],"aacc.net":[1,12],"aacc.org":[1,12],"aacea.com":[1,12],"aacei.org":[1],"aacfcu.com":[1],"aacfcuibp.com":[1],"aachen.de":[1,12],"aachener-nachrichten.de":[1,12,7],"aachener-zeitung.de":[1,12,7],"aacn.org":[12],"aacom.org":[12],"aacounty.org":[1,12],"aacpl.net":[1,12],"aacps.org":[1,12],"aacr.org":[1,12],"aacrao.org":[12],"aacreditunion.org":[1,2],"aacrjournals.org":[12,4],"aacsb.net":[12],"aacu.org":[12],"aad.gov.au":[1,12],"aad.org":[12,4],"aadl.com.dz":[12],"aadl.dz":[12],"aadl.org":[1,12,3],"aadrivetech.com":[1,12],"aadvantageeshopping.com":[9],"aae.org":[1,12],"aaf-digital.info":[1,12,10],"aafc.org.au":[1,12],"aafcu.com":[1,2],"aafes.com":[9],"aafin.com":[1],"aafmaa.com":[1],"aafp.org":[1,12,4],"aag.org":[1,12],"aagbi.org":[1,12],"aagrapevine.org":[1,12],"aaha.org":[1,12]}