{"000webhost.com":[1,5],"000webhostapp.com":[1,5],"003.ru":[9],"005.tv":[3],"00disk.com":[1],"0101.co.jp":[1,9],"01100111011001010110010101101011.info":[12,5],"012.net":[1],"012.net.il":[1,5],"0123movies.com":[3,12],"012global.com":[10],"012mail.net":[12],"01net.com":[1],"022.co.il":[1,12],"022022.net":[1],"03trade.com":[1,2,12],"07zr.com":[1,9],"0815.at":[9],"0815.eu":[9],"08liter.com":[1,9],"08online.com":[1,12,3],"0calc.com":[12],"0daydown.com":[1,5],"0fees.net":[1,5],"0fees.us":[1,5],"0mmo.net":[1,5],"0pk.ru":[1,12,10],"0ptical.net":[12],"0rg.fr":[12],"0zz0.com":[1,10],"1-2-3.com":[9],"1-2-3.fr":[9],"1-2-3.tv":[9],"1-2-do.com":[1,12,9],"1-9-90.com":[12],"1-apo.de":[1,9],"1-day.co.nz":[1,9],"1-day.com.au":[1,9],"1-hash.com":[1,5],"1-s.jp":[5,9],"1-save-on-lens.com":[1,9],"1-stop.biz":[1],"1-stopmarketing.com":[12],"1-voip.com":[1],"1.fm":[12],"1.fr":[1,12],"10-free-ebooks.com":[1],"1000-annonces.com":[1,9],"100000volts.com":[9],"10000ft.com":[1],"10000fuer10.de":[1,12],"10000steps.org.au":[1,12],"1000btcezy.com":[1,2],"1000bulbs.com":[9],"1000dosok.ru":[1,9],"1000ordi.ch":[1,5,9],"1000ps.at":[1,12,3],"1000ps.de":[1,12,3],"1000visiteurs.com":[12],"1001-autoentrepreneurs.com":[1],"1001.ru":[1,12],"10010.com":[1],"1001blogsforum.com":[1,12,3],"1001cocktails.com":[12,3],"1001concours.fr":[1,9],"1001f.com":[1],"1001fonts.com":[12,3],"1001interims.com":[1,6],"1001listes.fr":[1,3,9],"1001maquettes.fr":[9],"1001opinions.com":[12],"1001pact.com":[1,12],"1001pallets.com":[1,9],"1001pharmacies.com":[9],"1001pieces.com":[1,9],"1001pneus.fr":[9],"1001salles.com":[1,9],"1001spiele.de":[3],"1001tracklists.com":[3],"10086.cn":[1],"100cameltoe.com":[12],"100daychallenge.com":[1,12],"100kfactory.com":[1],"100kfactory.net":[12],"100kursov.com":[1,12,5],"100lendemain.com":[10],"100offer.com":[1],"100percentpure.com":[1,9],"100sp.ru":[1,9],"100tb.com":[1,5],"101.ru":[3,3],"1010tires.com":[9,12],"101dogs.net":[12],"101domain.com":[1,5],"101fitnesspharma.com":[9],"101img.com":[1,12,10],"101qs.com":[1,5],"101vape.com":[9],"101xp.com":[3]}