{"primavera-online-high-school.com":[12],"primaverabss.com":[1],"prime-date.de":[1,12],"prime-eco-travaux-carrefour.fr":[1],"primeabgb.com":[5,9],"primeassteens.com":[12],"primechoice.com":[9,12],"primechoiceautoparts.ca":[9,12],"primechoiceautoparts.com":[9,12],"primecooper.com":[12],"primecursos.com.br":[1,12],"primedice.com":[12],"primefaces.org":[1,12,5],"primegrid.com":[12],"primehealthcare.com":[1,12],"primeis.com":[1,2],"primejailbait.com":[12,3],"primelending.com":[1,2],"primeline.nl":[1,2],"primelocation.com":[1,8],"primeloops.com":[1,9],"primemc.org":[12,10],"primemu.com":[1,12,3],"primemybody.com":[1,9],"primepay.com":[1],"primephonic.com":[1,12],"primeportal.online":[12],"primera.nl":[9],"primerafila.com.co":[1,12,3],"primerempleo.com":[1,12,6],"primerica.com":[1],"primericaonline.com":[1],"primes-energie.leclerc":[1,12,9],"primescratchcards.co.uk":[1,3,3],"primescratchcards.com":[1,3,3],"primesenergie.fr":[1],"primesingles.de":[1,12,5],"primeslots.com":[3,3],"primesport.com":[1,3],"primesystens.com":[12],"primetel.com.cy":[1,5,9],"primetherapeutics.com":[12],"primetix.com":[1],"primevere.com":[1,3],"primevideo.com":[1,9],"primewayfcu.com":[1,2],"primewayhb.com":[1,12],"primewire.ag":[3],"primewire.org":[3],"primfx.com":[1,12,5],"primitivesbykathy.com":[9],"primo.me":[12],"primobox.net":[12],"primochill.com":[1,9],"primoco.me":[1,12],"primocv.com":[1,6],"primogrillforum.com":[1],"primohoagies.com":[1],"primoloisirs.com":[1],"primonial.fr":[1],"primonialreim.com":[1,2,12],"primoprint.com":[1],"primor.eu":[9],"primosolutionsllc.com":[1],"primotexto.com":[1],"primrose.co.uk":[1,9],"primus-muenzen.com":[1,12,9],"primus.ca":[1],"primuss.de":[1,12],"primustel.ca":[1],"prince-playmobil.com":[12],"prince.org":[1,12,3],"prince2.com":[1,12],"princecharlescinema.com":[1,12,3],"princegeorgescountymd.gov":[1],"princehotels.co.jp":[1,11],"princepreferred.com":[1],"princes-trust.org.uk":[1,12],"princesapop.com":[1,3],"princess.com":[1,11],"princessauto.com":[9],"princesseboutique.com":[9],"princessetamtam.com":[12,9],"princesshouse.com":[1],"princesspolly.com":[9],"princeton.edu":[12],"princetonecom.com":[12],"princetonhealthconnect.com":[12],"princetonreview.com":[12],"principal.com":[1,2],"principalfunds.com":[12],"principality.co.uk":[12],"prinfor.pt":[9],"pringles.com":[1,12],"prink.co.uk":[1],"print-gakufu.com":[1,12,3],"print-ly.com":[1],"print-things.nl":[1,3,9],"print24.com":[1,9]}