{"binarycm.com":[12],"binarycoin.io":[1],"binaryfortress.com":[1,12,5],"binarylane.com.au":[1,5],"binarymate.com":[1,2],"binaryonline.com":[1,2],"binaryoptionautotrading.com":[1,2],"binaryoptionrobot.com":[1,2],"binaryoptions-affiliate.com":[1],"binaryoptions.net.au":[1,2],"binaryoptionsdemo.com":[1,2],"binaryoptionsedge.com":[1,2,12],"binaryoptionsfree.com":[1,2],"binaryoptionsrobot.com":[1,2],"binaryoptionsthatsuck.com":[7,1,12],"binarypromos.com":[2],"binaryrobot365.com":[1,2,12],"binarytilt.com":[1,2],"binaryuno.com":[1,2],"binarywidget.com":[12],"binatex.com":[1,2],"binbango.com":[1],"binbank.ru":[1,2],"binbotpro.com":[1,2],"binbox.io":[1,5],"binck.be":[1,2,12],"binck.fr":[1,2],"binck.nl":[1,2],"bindtuning.com":[1],"binero.se":[1,5],"binerosunidos.org":[12,3,10],"binets.fr":[12],"binfinite.com.my":[1],"bing.com":[7,7],"bingel.be":[12],"bingel.se":[12],"bingenheimersaatgut.de":[1,3,9],"bingfeng.tw":[1,3],"binghamton.edu":[12],"bingj.com":[7],"bingle.com.au":[1,2],"binglee.com.au":[12],"bingo-knights.com":[3,3],"bingo.com":[3,3],"bingo90.fr":[1],"bingoal.be":[3],"bingobilly.com":[3,3],"bingocabin.com":[1,3],"bingocafe.com":[3],"bingocams.co.uk":[1],"bingocams.com":[1,3,3],"bingocanada.com":[9],"bingodiamond.com":[3,3],"bingoentertainment.net":[1,3],"bingoextra.com":[3,3],"bingofest.com":[12],"bingoflash.com":[3,3],"bingoformoney.ag":[9],"bingofun.one":[12],"bingohall.ag":[9,3],"bingoiceland.com":[3,3],"bingoliner.com":[3],"bingolotto.se":[3,3,3],"bingomania.com":[3,3],"bingoonthebox.com":[3,3],"bingoport.co.uk":[1,3],"bingosky.com":[12],"bingosys.net":[12],"bingplaces.com":[1,7],"binisoft.org":[1,5],"binkybunny.com":[1,12,9],"binmovie.org":[3],"binnews.in":[3],"binnews.info":[12],"binnys.com":[1,9],"binomo.com":[1,2],"binotel.ua":[1],"binpress.com":[1,12,5],"binsons.com":[1,9],"bintec-elmeg.com":[5],"bintercanarias.com":[1,12,11],"bintray.com":[1,5],"bintube.com":[5],"binural.org":[1,12,5],"binus.ac.id":[12],"binusian.org":[1,12],"binweevils.com":[12,3],"binx.tv":[1],"bio-apo.de":[1,9],"bio-c-bon.eu":[1],"bio-concept-pharma.com":[12],"bio-info.com":[1,12],"bio-naturel.de":[1,9],"bio-rad.com":[1,12],"bio-santis.com":[1,12],"bio.org":[1,12],"bio29.com":[12],"bioapotheke.de":[12,4,9],"biobaie.com":[12]}