{"skoleintra.dk":[1,12],"skolemad.dk":[1],"skolemaelk.dk":[1,12],"skolemelk.no":[12],"skolplus.se":[12],"skolverket.se":[12],"skoob.com.br":[1,12,3],"skoobe.de":[1,12,3],"skoolbo.com":[1,12],"skoolbo.com.au":[1,12],"skoosh.com":[11],"skoove.com":[1,12],"skore.io":[1],"skoreit.com":[12],"skosay.com":[1],"skoshbox.com":[1,9],"skout.com":[1,12],"skovdebostader.se":[1,12],"skovik.com":[1],"skrapp.io":[1,5],"skraps.io":[1,2],"skratchlabs.com":[3,9],"skreened.com":[9],"skrill.com":[1],"skript-mc.fr":[1],"skritter.com":[1,12],"skroutz.gr":[9],"skruvat.no":[9,12],"skruvat.se":[9,12],"sks-bottle.com":[1],"skstream.co":[3],"skstream.org":[3],"skt-id.co.kr":[12],"sktmembership.co.kr":[12],"sktorrent.eu":[3,12],"sktthemes.net":[1,5],"skuat.com":[1,12,3],"skubana.com":[1],"skugrid.com":[1,9],"skullcandy.com":[1,9],"skunity.com":[1,12,5],"skuola.net":[12],"skuvault.com":[1],"skwirk.com":[1,12],"skwirk.com.au":[1,12],"sky-animes.com":[3],"sky-hash.com":[1],"sky-one.fr":[1,3],"sky.at":[1,3],"sky.ch":[12],"sky.co.nz":[1,3],"sky.co.uk":[1,3],"sky.com":[1,3],"sky.com.br":[1],"sky.com.mx":[1,3,7],"sky.de":[1,3],"sky.fm":[12],"sky.it":[1],"sky8.com":[12],"skyairline.cl":[1,11],"skyairline.com":[1,11],"skyandtelescope.com":[12],"skyauction.com":[9,11],"skybad.de":[1,9],"skyband.mw":[1,5],"skybeam.com":[1],"skybell.com":[1],"skybest.com":[1,12],"skybet.com":[3,3],"skybet.it":[1,3],"skybingo.com":[1,3,3],"skyblock.net":[3,5],"skybound.ca":[1,12,5],"skybound.com":[3,7],"skybox.net":[1,9],"skybridgeclub.com":[1,3],"skybriefing.com":[1,12],"skybtc.com":[12],"skycable.com":[12],"skycade.net":[1,12,3],"skycallbd.com":[1,5],"skycash.com":[1],"skycashusa.com":[1],"skycasino.com":[3,3],"skycatch.com":[1,5],"skychnl.net":[12],"skyciv.com":[1,5],"skycomp.com.au":[5,9],"skycraft.com.br":[1,3,3],"skydemon.aero":[1,12],"skydns.ru":[1,12,5],"skydoesminecraft.com":[12],"skydrive.com":[1,5],"skydrop.com":[1],"skydsl.eu":[1,5],"skyeclosings.com":[1],"skyedu.com":[1,12],"skyeng.ru":[1,12],"skyf.ir":[1,5]}