{"bestbuy.ca":[9],"bestbuy.com":[9],"bestbuy.com.mx":[9],"bestbuybusiness.com":[1,5,9],"bestbuylearninglounge.com":[1,12,9],"bestbuymyvoice.ca":[1],"bestbuyrewardzone.ca":[1,9],"bestbuytradein.com":[1],"bestbuyzonerecompenses.ca":[1,9],"bestbyte.hu":[1,5,9],"bestcare.org":[1,4],"bestcarfinder.com":[1,12],"bestcase.com":[1,12],"bestcasino.com":[3,3],"bestchange.com":[1,2],"bestchange.ru":[1,2],"bestchoice.net.nz":[1,12],"bestchoice123.com":[1,2],"bestchoiceproducts.com":[9],"bestcigarprices.com":[12,9],"bestclub.fr":[1,9],"bestclubsupplies.com":[1,9],"bestcoininv.com":[12],"bestcomm.net":[1,5],"bestcompany.com":[1],"bestcours.com":[12,5],"bestcrosswords.com":[12],"bestcycling.tv":[1,12],"bestday.com.mx":[11],"bestdealmagazines.com":[1,9],"bestdirect.ca":[9],"bestdoctors.com":[1,12,4],"besteasywork.com":[1],"bestegg.com":[1,2],"bestekeus.nl":[9],"bestellen-kamagra.nl":[12,1,9],"besteveralbums.com":[12,3],"besteyecandy.com":[3],"bestferma.ru":[12],"bestform-lingerie.fr":[12,9],"bestfriends.org":[12],"bestfriendspetcare.com":[1,12],"bestgfe.com":[1,12],"bestgoo.com":[12,3,10],"bestgore.com":[12],"besthairbuy.com":[9],"besthealthnutritionals.com":[1,12,4],"bestheating.com":[1,9],"besthomepageever.com":[1,7],"bestialitylovers.com":[12,3],"bestialitytaboo.tv":[12],"bestille.no":[12],"bestilling.nu":[12],"bestingame.it":[3,3],"bestinver.es":[1,2],"bestinvest.co.uk":[1,2],"bestjobs.co.za":[6],"bestjobs.eu":[12],"bestjobs.ph":[6],"bestjobs.ro":[12],"bestkenko.com":[12,9],"bestlawyers.com":[1,12],"bestlife.com":[1],"bestlistmailer.com":[1],"bestmadeco.com":[1,9],"bestmark.com":[1],"bestmarkt.hu":[9],"bestmarques.com":[1,9],"bestmaterials.com":[1,9],"bestmed.co.za":[1],"bestmmatorrents.com":[3],"bestmusicrecorder.com":[3],"bestnamebadges.com":[1,9],"bestnotes.com":[1],"bestofjoomla.com":[1,5],"bestofrobots.fr":[1,9],"bestofshopping.tv":[9],"bestofsigns.com":[1,9],"bestoftheweb.com":[1],"bestpartiesever.com":[1],"bestpaye.fr":[1],"bestpianoclass.com":[1,12],"bestplaces.net":[1,12],"bestpokercoaching.com":[1,3],"bestpokertorrents.com":[3,3,3],"bestpracticelms.com":[1],"bestprice.gr":[9],"bestpricecontacts.com":[1,9],"bestpricedrivingschools.com":[1,9],"bestpricenutrition.com":[9],"bestpricetrafficschool.com":[1,12],"bestpricewholesale.co.in":[1,9],"bestprintbuy.com":[1,8],"bestprofitapp.com":[12],"bestproxyandvpn.com":[5,12],"bestptc.pro":[1],"bestrecipes.com.au":[3],"bestrelax.net":[1,12,9],"bestrepack.net":[12]}