{"threejars.com":[1,12],"threema.ch":[1,5],"threenow.co.nz":[3],"threeriversparks.org":[1,12,3],"threesixtyservices.co.uk":[1],"threewinners.com":[1],"threewords.me":[12],"thri.xxx":[12],"thriftbooks.com":[12,3,9],"thrifty.com":[1,11],"thriftyfoods.com":[1,3,9],"thriftyfun.com":[1,12,9],"thriftynickel.com":[1,12,11],"thriftyparking.com":[1],"thrillist.com":[1,3,3],"thrillreel.com":[3],"thrills.com":[1,3,3],"thriva.co":[1,12],"thriva.com":[1],"thrivecart.com":[1],"thrivecausemetics.com":[1,9],"thriveglobal.com":[1,12],"thrivelabs.io":[1,12],"thrivelife.com":[1,3],"thrively.com":[1,12],"thrivemarket.com":[1],"thrivent.com":[1,2],"thriventcuonlinebanking.com":[1,2],"thrivepatientportal.com":[12],"thrivesolo.com":[1,5],"thrivethemes.com":[1,5],"thrivetrm.com":[1],"throttlehq.com":[1,5],"thruinc.net":[1,5],"thrustmaster.com":[3],"thryv.com":[1],"thsh.co.uk":[1,12,3],"thsweb.com":[1,3],"thueringen.de":[1,12],"thueringerenergie.de":[1,12,9],"thugsforsex.com":[12],"thuisafgehaald.nl":[1,3],"thuisbezorgd.nl":[1,3],"thuisinlimburg.nl":[1,12],"thuiswerk.nl":[1,12],"thule.com":[9],"thumblecrash.com":[1],"thumbshots.com":[1],"thumbtack.com":[1,12],"thumbvu.com":[1],"thumperdc.com":[1,12,5],"thumpertalk.com":[1,9,12],"thun.com":[1,9],"thunderbike.de":[9,12],"thunderbird-mail.de":[1,12,5],"thunderbit.io":[2],"thunderforest.com":[1,12],"thundernetwork.net":[1],"thundernews.com":[1,5],"thunderpick.com":[3],"thundershirt.com":[1,12,9],"thundersplace.org":[1,12],"thundervalleyresort.com":[1,3],"thurrott.com":[1,5],"thuviencuoi.vn":[5,10],"thuviengiaoan.vn":[12],"thuvienphapluat.vn":[1,12],"thuvienvatly.com":[12],"thuze.com":[1,12],"thw.de":[1,12],"thwglobal.com":[1,9,11],"thy.com":[1,12,11],"thycotic.com":[1,5],"thymematernity.com":[9],"thymes.com":[1,9],"thync.com":[1,12,4],"thynkster.com":[1],"thynkster.net":[1],"thyrocare.com":[1,12],"thyssenkrupp.com":[1],"thyssenkrupp.info":[1],"ti-aiuto.it":[1,12],"ti.ch":[12],"ti.com":[1,12,5],"ti.to":[1],"tiaa-cref.org":[1,2],"tiaa.com":[1,2],"tiaa.org":[1,2],"tiancity.com":[1,12,3],"tianya.cn":[1,12],"tib.eu":[1,12],"tibbr.com":[1],"tibco.com":[1],"tibcommunity.com":[1,12],"tiberiumalliances.com":[12,3],"tibf.ir":[1,12],"tibia.com":[3],"tibiabr.com":[1,12,3],"tibiacast.com":[12]}