{"bayerglucofacts.com":[12],"bayern.de":[1,12],"bayernwerk-netz.de":[1,12,5],"bayernwerk.de":[1,12],"bayerparavoce.com.br":[1,12],"bayfed.com":[1,2],"bayfedonline.com":[1,2],"bayfiles.com":[3],"bayfiles.net":[12],"bayhealth.org":[1,4],"baylern.de":[1,12],"baylinerownersclub.org":[3,10],"baylor.edu":[12],"baylorhealth.com":[4],"baylorhealth.edu":[1,12,4],"baylorofficeehr.com":[12],"baylorscottandwhite.com":[4],"baymontinns.com":[11],"baynews9.com":[1,7],"bayonne.fr":[1,12],"bayouhealth.com":[12],"bayphoto.com":[1,9],"bayportcu.org":[1,2],"bayreuther-festspiele.de":[1,12,3],"bayshore.ca":[1,4],"baystars.co.jp":[1,12,3],"baystatehealth.org":[1,12,4],"bayt.com":[1,6],"baytomat.com":[12],"bayviewloanservicing.com":[1,2],"bayw.org":[12],"baywa.de":[12],"bayweb.com":[1],"bayyinah.tv":[1,12],"baz.ch":[12,3,7],"bazaarandroid.com":[1],"bazaarvoice.com":[1],"bazar-bio.fr":[1,9],"bazar.at":[1,9],"bazar.bg":[9],"bazar.cz":[9],"bazar.it":[1],"bazar.sk":[9],"bazaraki.com":[9],"bazaravenue.com":[3,9],"bazarchic.com":[1,9],"bazicenter.com":[12,3],"bazile.fr":[1,9],"bazing.com":[1],"bazoocam.org":[1,12],"bazookajoe.com":[1],"bazumedia.com":[1,12,3],"bazzalia.com":[1,5],"bazzart.org":[1,12,3],"bb-fr.com":[12,10],"bb-play.com":[1,3],"bb-shop.ro":[9],"bb-verpackungsshop.de":[1,9],"bb.com.br":[12],"bb.com.mx":[1],"bb.org.bd":[12],"bbackzone.com":[12,1],"bbactif.com":[12],"bbandt.com":[1],"bbasak.com":[1,9],"bbb.org":[1,12],"bbbaden.ch":[1,12],"bbbank.de":[1],"bbbgame.net":[12],"bbblogin.com":[1],"bbbs.org":[1,12],"bbbsdonate.org":[1,12,9],"bbc.co.uk":[7],"bbc.com":[12,3,7],"bbcamerica.com":[3],"bbcboards.net":[10],"bbcglobalminds.com":[1,3],"bbcgoodfood.com":[3],"bbclothing.co.uk":[9],"bbcollab.com":[1,12],"bbcportal.com":[12],"bbcrafts.com":[1,9],"bbcredux.com":[12],"bbcshop.com":[9],"bbcw.com":[9],"bbd.org":[1,12,4],"bbdatasafe.com":[1],"bbdc.sg":[12],"bbfdirect.com":[1],"bbfr.net":[12,3,10],"bbgraph.com":[1,12,10],"bbgsite.com":[3],"bbguns4less.co.uk":[9,12],"bbh.co.nz":[1,11],"bbh.com":[1,2],"bbhost.com.br":[1,12,5],"bbinary.com":[12,1,12],"bbiq.jp":[1],"bbiuniversity.com":[1]}