{"mmoviper.com":[3],"mmovote.ru":[1,3],"mmowned.com":[12],"mmozone.com":[3],"mmsi2.com":[1],"mmsports.se":[9],"mmt.com.au":[1,5,9],"mmu.ac.uk":[12],"mmu.edu.my":[12],"mmv.fr":[1,9],"mn.co":[1,12],"mn.gov":[1,12],"mn.it":[12],"mn.us":[12],"mnbar.org":[1,12],"mncloyalty.com":[1],"mnemosine-elearning.it":[1,12],"mnet-online.de":[12],"mnet.com":[1,12,3],"mnfct.fr":[1,12],"mnh.fr":[1],"mnhn.fr":[12],"mnhs.org":[12],"mnlinkgateway.org":[1,12],"mnlottery.com":[1,12,3],"mnml.la":[9],"mnogo.ru":[1,9],"mnogo.uz":[12],"mnow.com":[1],"mnpaf.fr":[1,12,4],"mnpals.net":[1,12],"mnpass.net":[1],"mnpctech.com":[3,9],"mnpem.fr":[1],"mnpera.org":[1,12],"mnpower.com":[1,12],"mnps.org":[12],"mnsaves.org":[1,2,12],"mnscorp.net":[12],"mnscu.edu":[12],"mnstate.edu":[12],"mnsu.edu":[12],"mnsure.org":[1,12],"mnt.fr":[1,12],"mnu.edu":[12],"mnzoo.org":[1,12],"mo.ee":[3],"mo.gov":[1,12],"mo.us":[12],"moa.fr":[9],"moaa.org":[1,12],"moanashop.fr":[1,9],"moat.com":[1],"moatusers.com":[1,12],"mob.com":[1,5],"moba8.net":[1,5],"mobafire.com":[1,12,3],"mobage.com":[3,7],"mobahner.com":[1,12],"mobal.com":[1,5],"mobalpa.fr":[1,9],"mobalytics.gg":[1,5],"mobamanager.gg":[1,3],"mobango.com":[3],"mobappcreator.com":[1],"mobar.org":[1,12],"mobatek.net":[1,5],"mobboss-online.com":[12],"mobcrush.com":[12,3],"mobe.com":[1],"mobeam.net":[12],"mobeetechnology.com":[12],"mobeoffice.com":[1,12,3],"moberries.com":[1],"mobeye-app.com":[1,12],"mobfox.com":[1],"mobi-cart.com":[1],"mobi2go.com":[1],"mobibikes.ca":[1],"mobicint.net":[12],"mobicip.com":[1,12,5],"mobicity.com.au":[12],"mobicontrolcloud.com":[1],"mobicow.com":[12,1],"mobicred.co.za":[1],"mobidea.com":[1],"mobidziennik.pl":[1,12],"mobiel.nl":[1,5,9],"mobifone.com.vn":[12],"mobifone.vn":[12],"mobifriends.com":[10,3],"mobify.com":[1],"mobikwik.com":[1],"mobil.cz":[1,5],"mobilarena.hu":[1,5,7],"mobilautomaten.com":[1,3],"mobilbet.com":[1,3],"mobilbonus.ch":[12],"mobilcadde.com":[1,9]}