{"pureencapsulations.com":[1,12,4],"pureflix.com":[1,3],"pureformulas.com":[1,9],"puregym.com":[1],"purehmv.com":[1,9],"purehockey.com":[9,3],"purehost.com":[1,5],"pureinnov.com":[1,9],"purelandsupply.com":[1,9],"pureleverage.com":[1],"purelovers.com":[1,12],"purelyhr.com":[1],"purelyit.co.uk":[6],"puremagnetik.com":[1,12,9],"purematrimony.com":[1,12],"puremature.com":[12,3],"puremix.net":[1,3],"purenootropics.net":[1],"purenudism.com":[12,1,3],"purepages.ca":[1],"purepara.com":[1,9],"purepc.pl":[1,12,5],"purepharma.com":[9],"purepings.com":[12],"pureplay.com":[3,3],"purepoint.com":[1,2],"pureprofile.com":[1,12],"pureromance.com":[12,9],"puresafety.com":[1],"puresight.com":[1,12],"puresleep.com":[1],"puressentiel.com":[1,12,9],"purestorage.com":[1,5],"purestorm.com":[1,12,3],"puretalkusa.com":[1],"puretime03.com":[9],"puretna.com":[12],"pureusenet.nl":[1,5],"purevid.com":[12],"purevip.com":[1],"purevitaminclub.com":[1,9],"purevolume.com":[1,3,3],"purevpn.com":[12],"purewow.com":[1,9],"purforum.com":[12,3,10],"purifier.cc":[1,5],"purina-felix.fr":[1],"purina-gourmet.de":[1],"purina.co.uk":[12],"purina.com":[1,12],"purina.eu":[1,12],"purina.fr":[12],"purinaforprofessionals.com":[1],"purinaone.com":[1,12],"purinaone.fr":[12],"purinaonline.es":[12],"purinaproclub.com":[1,12],"purinaproplanvets.com":[1,12],"puritan.com":[9],"purityproducts.com":[1,12,9],"puriumcorp.com":[1,9],"purkle.com.au":[1],"purl.org":[1,5],"purlive.com":[12],"purlsoho.com":[1,9],"purnimadigital.com":[1,9],"puro.it":[1,9],"puroexpress.com":[12,9],"purolator.com":[1,9],"purple.us":[1,12],"purplebricks.co.uk":[1],"purplebricks.com":[1],"purplebricks.com.au":[1],"purplebriefcase.com":[1,12],"purplecarrot.com":[1,3],"purplefinder.com":[12],"purpleheartpickup.org":[1,12,9],"purplehills.de":[3,3],"purplekittyyarns.com":[1,12,9],"purplemash.co.uk":[12],"purplemash.com":[12],"purpleparking.com":[1,11],"purpleport.com":[1],"purpleportal.net":[12],"purpletie.com":[1],"purpletrail.com":[1,9],"purplevrs.com":[1],"purplewave.com":[1],"purplle.com":[9],"purposegames.com":[12,3],"purse.io":[12],"purseblog.com":[9],"pursevalley.cn":[9],"pursuanthealth.com":[1],"pururin.us":[12,3],"pushalot.com":[1,5],"pushassist.com":[1],"pushauction.com":[1,12],"pushbots.com":[1,5]}