{"allis.com.br":[1],"allisonhouse.com":[1,5,7],"allisontransmission.com":[1,12],"allivet.com":[12,9],"alljackpotscasino.com":[3,3],"alljapanesepass.com":[12],"alljobs.co.il":[12],"allkpop.com":[3],"alllooksame.com":[1,12],"alllossless.net":[3,3],"allmaxx.de":[1,12],"allmeds.com":[1],"allmerica.com":[1],"allmodern.com":[9],"allmovie.com":[3],"allmoviesarea.com":[12],"allmowerspares.com.au":[9],"allmusic.com":[12,3],"allmyapps.com":[12],"allmyfaves.com":[1,12,3],"allmygiveaway.com":[1],"allmysms.com":[1],"allmystery.de":[12,3],"allmyvideos.net":[12],"allnations.com.br":[5,9],"allnatura.de":[1,9],"allnet-italia.it":[1],"allnet.de":[1],"allnetworkpass.com":[12],"allnokia.ru":[1,5],"allnovascotia.com":[1,3],"allnurses.com":[1,12],"allo.ua":[9],"alloalarme.fr":[1,9],"allobebe.fr":[1,9],"allobnk.com":[12],"allocab.com":[1],"allocate-cloud.com":[1],"allocatesmartly.com":[1],"allocine.fr":[3],"alloconv.fr":[1],"allodocteur.fr":[1,12],"allodocteurs.fr":[12,4],"allods.com":[3],"allofamille.fr":[1],"allofgfs.com":[12],"allofmp3.com":[12],"allolive.fr":[1,3],"allomatelas.com":[9],"allopass.com":[1],"allopneus.com":[1,9,12],"alloprof.qc.ca":[1,12],"allorank.com":[1,5],"alloresto.fr":[1,3],"alloris.com":[12],"allotelecommande.com":[9],"allotraffic.com":[12,1],"alloutdoor.co.uk":[9],"allover30.com":[12],"alloverpiercings.nl":[1,9],"allovitres.com":[12,1,9],"allovoisins.com":[1,12],"allowancemanager.com":[1],"alloy.com":[3],"alloyapparel.com":[9],"allparts.com":[9],"allpaws.com":[12],"allpax.de":[1,9],"allpay.com.tw":[12],"allpayments.net":[1],"allpcb.com":[1,3],"allpeoplequilt.com":[1,12,9],"allplan.com":[1,12],"allplayers.com":[1,12],"allpoetry.com":[1,12],"allpointscommunity.com":[1],"allpondsolutions.co.uk":[9],"allpositions.ru":[1,12],"allposters.ca":[3,9],"allposters.co.uk":[3,9],"allposters.com":[3,9],"allposters.de":[3,9],"allposters.fr":[3,9],"allprivatelabelcontent.com":[1],"allprodadsday.com":[1,12],"allprosoftware.com":[1,3],"allra.se":[1,2],"allrealbareback.com":[12],"allrecipes.co.uk":[3],"allrecipes.com":[3],"allrecipes.com.au":[3],"allrecipes.fr":[3],"allregs.com":[1],"allretailjobs.com":[1,6],"allrisks.com":[1],"allromanceebooks.com":[12],"alls-heberg.fr":[1,5],"allsaints.com":[9],"allsaveuk.com":[1]}