{"s4m.xyz":[5,12],"s5themes.com":[1,5],"s60certkey.com":[1,12],"s7.ru":[1,12,11],"sa-mp.com":[3,3],"sa-mp.im":[1,12],"sa-mp.vn":[1,3],"sa-venues.com":[1,11],"sa.com":[12],"sa.dk":[12],"sa.edu.au":[12],"sa.gov.au":[1,12],"saa.co.uk":[1,9],"saabcentral.com":[12],"saabscene.com":[10],"saalesparkasse.de":[1,2],"saamu.net":[12,5,10],"saanich.ca":[1,12],"saarbruecker-zeitung.de":[1,12],"saarland.de":[1,12],"saartoto.de":[3,3,3],"saas-fee.ch":[1,3,9],"saas.gov.uk":[1,12],"saashr.com":[1,12],"saasm2.com":[1],"saasplaza.com":[1,5],"saastopankki.fi":[1,2],"saasu.com":[1],"saatchiart.com":[1,12,9],"saatchionline.com":[1,12,9],"saavn.com":[3,3],"saba.com.au":[9],"sabacloud.com":[12],"sabadellbank.com":[12],"sabadellcam.com":[1,2],"sabaforlife.com":[1,12],"sabah.gov.my":[1,12],"sabam.be":[1,12,3],"sabameeting.com":[1],"sabanet.ir":[1],"sabanow.net":[1],"sabarimalaq.com":[1,12],"sabaton.fr":[1,12,9],"sabavision.com":[12,1],"sabaya.ae":[1,12,3],"sabb.com":[1,2],"sabbaticalhomes.com":[1,12],"sabbnet.com":[12],"sabercathost.com":[1,5,10],"saberforge.com":[1,9],"saberforum.com":[12,10],"sabic-ip.com":[1],"sabic.com":[1],"sabin.com.br":[1,12],"sabinonline.com.br":[1,12],"sabiosciences.com":[1,12,5],"sabis.net":[1,12],"sabmiller.com":[1,12],"sabnzbd.org":[1,5],"sabonnyc.com":[9],"saboom.com":[12],"sabor.com":[1,8],"sabq.org":[1,12,7],"sabre.com":[1],"sabrent.com":[9],"sabresonicweb.com":[12],"sabrinaparis.fr":[9],"sabro.de":[12],"sabscorp.com":[12],"sac-aspirateur.eu":[9],"sac-cas.ch":[1,12,3],"saca.com.au":[1,12,3],"sacbee.com":[3,7],"sacchi.it":[1,9],"saccounty.net":[1,12],"sacd.fr":[1,12],"sacem.fr":[1,12],"sacfcu.com":[1,2],"sacha.nl":[9],"sacheats.com":[10],"sacher.com":[1],"sachsen.de":[1,12],"sachsenlotto.de":[1,9],"saclibrarycatalog.org":[12],"saco-ksa.com":[9],"sacpark.org":[1,12],"sacredheart.edu":[12],"sacrocuore.it":[1,12,4],"sactocu.org":[1,2],"sacu-student.com":[1,12],"sacuacctonline.com":[12],"sacwsd.org":[1],"sad-i-ogorod.ru":[1,9],"saddleback.com":[1,12],"saddleback.edu":[12],"saddlebackleather.com":[1,9],"saddlebackresources.com":[1,12,9],"sadem.it":[1,5],"sadistic.pl":[3]}