{"safety-kleen.com":[1],"safetyculture.com.au":[1,12],"safetyculture.io":[1],"safetyglassesusa.com":[1,9],"safetyhub.com":[1,12],"safetyinsurance.com":[1,2],"safetylearning.co.uk":[12],"safetynetaccess.com":[1],"safetynetcredit.com":[1],"safetyserve.com":[1,12],"safetysign.com":[1,12],"safetysync.com":[1],"safetyunlimited.com":[1,12],"safeway.com":[1,9],"safewayclasses.com":[1,12],"safewayeauction.ca":[1,9],"saffireblue.ca":[9],"saffronbs.co.uk":[1,2],"safilo.com":[1,12],"safirrail.ir":[1,12],"safishing.com":[9],"safra.sg":[1,12],"safran-group.com":[1,12],"safran-helicopter-engines.com":[1],"safti.fr":[1,8],"saftlaunch.com":[1],"safunds.com":[1,2],"sag.org":[1,12,3],"saga.co.uk":[1],"sagadating.co.uk":[10],"sagaenligne.fr":[12],"sagaftra.org":[1,12,3],"sagaftraplans.org":[12],"sagaplatinum.co.uk":[12],"sagashareholder.co.uk":[1,9],"sagawa-exp.co.jp":[1],"sage-quest.com":[1],"sage-shop.com":[12],"sage.co.uk":[1],"sage.com":[12],"sage.de":[1],"sage.es":[12],"sage.fr":[1],"sage.pt":[1],"sageappliances.co.uk":[1,9],"sagechecks.com":[1],"sagecrm.com":[1,12],"sageexchange.com":[1],"sageflyfish.com":[1,9],"sagegateshead.com":[1,12,3],"sagehandisoft.com.au":[1],"sagemath.com":[1,12,5],"sagemember.com":[1],"sagenda.net":[1],"sagenorthamerica.com":[1],"sageone.co.za":[1],"sageone.com":[1],"sageone.com.au":[1],"sageone.de":[1],"sagepay.co.za":[1],"sagepay.com":[1],"sagepayments.net":[1],"sagepub.com":[1,12],"sagernotebook.com":[1,5,9],"sagesouthafrica.co.za":[1],"sagesp.com":[1,12],"sagesure.com":[1],"sagetimeslipsecenter.com":[1,5],"sagetv.com":[1,5],"sageweb.com":[1],"sagfoundation.org":[1,12],"sagicorjamaica.com":[1,2],"sagicorlifeusa.com":[1],"saglik.gov.tr":[1,12,4],"sagooo.com":[1,6],"sagph.org":[1,12],"sah.org.au":[1,12],"sahaj.co.in":[1,12],"sahalie.com":[9],"sahamyab.com":[1,2],"sahibinden.com":[1,9],"sahomeloans.com":[1,2],"sai.org.in":[1,12],"saia.com":[1,9],"saiasecure.com":[1,9],"saib.com.sa":[1,2],"saic.com":[1,12],"saica.co.za":[1,12],"saicloud.com":[1],"saicopvp.com":[12],"saif.com":[1,12],"saiglobal.com":[1,12],"saikoanimes.net":[12],"sail.ca":[9],"sailblogs.com":[1,12,5],"sailboatlistings.com":[1,9],"sailboatowners.com":[9],"sailflow.com":[1,12,7],"sailing.org":[12,3]}