{"healthdataexchange.com":[12],"healthdatamanagement.com":[1,12],"healthdesigns.com":[4,9],"healthearizona.org":[1,12],"healthearizonaplus.gov":[1,12],"healtheast.org":[1,12,4],"healthecare.net.au":[1,5],"healthecareers.com":[12,4],"healthefxforms.us":[1],"healthengine.com.au":[1,12,4],"healthepayment.com":[12],"healthequity.com":[1,2,12],"healthexpense.com":[1],"healthexpress.co.uk":[1,4],"healthexpress.eu":[1,12,4],"healthfair.com":[1,12,4],"healthfirst.org":[1],"healthfirstbillpay.com":[12],"healthfirstfinancial.com":[1],"healthfitness.com":[1,12,4],"healthfood24.com":[1,12,9],"healthfusion.com":[1],"healthfusionclaims.com":[12],"healthgrades.com":[1,4],"healthgram.com":[1],"healthgrove.com":[1,12],"healthguru.com":[1,12,4],"healthhelp.com":[1],"healthhub.com":[12],"healthi.ch":[12],"healthiestyou.com":[1,7],"healthifyme.com":[12,4],"healthinsight.com":[12],"healthinsurance-asp.com":[12],"healthiq.com":[1,12,4],"healthitjobs.com":[1,6],"healthjobsnationwide.com":[1,6],"healthjobsuk.com":[1,6],"healthjump.com":[1],"healthkart.com":[9],"healthkit.com":[1,12],"healthlawyers.org":[1,12],"healthlink.com":[1,4],"healthloop.com":[1,4],"healthlottery.co.uk":[3],"healthmanagement.org.uk":[12],"healthmarkets.com":[1,2],"healthmart.com":[1,12,4],"healthmatchbc.org":[1,12],"healthmeans.com":[1,12,4],"healthmedia.com":[1,12],"healthmonth.com":[1,12],"healthmonthly.co.uk":[1,9],"healthmyself.ca":[1,4],"healthnet.com":[1,12],"healthnetcalifornia.com":[12],"healthnewengland.org":[1,12],"healthofwomenstudy.org":[1,12,4],"healthoptions.org":[1],"healthpartners.com":[1,12,4],"healthpartners.com.au":[1],"healthplan.com":[1],"healthplan.org":[1],"healthplanet.jp":[1,12],"healthplanofnevada.com":[1,12,4],"healthplansinc.com":[1],"healthplex.com":[1],"healthplus.org":[1],"healthportalsite.com":[1],"healthportconnect.com":[1],"healthpost.co.nz":[1,4,9],"healthpost.com":[1,4],"healthpost.com.au":[1,4,9],"healthpride.com.au":[9],"healthproductsbenefit.com":[1,12],"healthqueensplus.com":[1],"healthrangerstore.com":[1,9],"healthrepublic.us":[1],"healthrepublicny.org":[1,12],"healthresources.net":[1,12,9],"healthrevelations.com":[1,12,4],"healthrevelations.net":[12],"healthright.com":[1,12,4],"healthsafe-id.com":[12],"healthservicediscounts.com":[12],"healthsherpa.com":[1],"healthshield.co.uk":[1,12],"healthsmart.com":[1],"healthsouth.com":[1,4],"healthspan.co.uk":[1,12,9],"healthstaffdiscounts.co.uk":[1,9],"healthstream.com":[1,12],"healthtap.com":[1,12],"healthteacher.com":[12],"healthtracker.com":[1],"healthtrader.com":[1],"healthtrails.com":[1,12],"healthtrioconnect.com":[1],"healthtronicsit.com":[1]}