{"destock-source.com":[1,9],"destock-sport-et-mode.com":[9],"destockable.fr":[1,9],"destockage-fitness.com":[1,9],"destockage-games.com":[3,9],"destockjeans.fr":[9],"destockoutils.fr":[1,9],"destockplus.com":[1,9],"destokpc.com":[12,5,9],"destroyallsoftware.com":[1,12,5],"destructoid.com":[3,3],"desura.com":[12],"desy.de":[1,12],"desygner.com":[1],"detailedimage.com":[1,9],"detailersclub.no":[1,12,3],"detailingworld.co.uk":[1,3],"detailresult.nl":[1,12],"detandarts.nl":[12],"detecteur.net":[1,12],"detectify.com":[1,5],"detektiv-conan.ch":[3],"detente-airsoft.com":[9,12],"detente-saloon-torrents.net":[12],"determine.com":[1],"detik.com":[12,3,3],"detma.org":[12],"detmir.ru":[9],"detnorsketeatret.no":[1,12,3],"detoolbox.com":[1,12,5],"detrack.com":[1],"detroitmedia.com":[12],"detroitnews.com":[7],"dettofranoi.it":[1,12],"detuinen.nl":[9],"deu.edu.tr":[12],"deucescracked.com":[1,3],"deuil-imprim.com":[1],"deurag.de":[1],"deusto.es":[12],"deutsch-lernen.com":[1,12],"deutsch-perfekt.com":[1,12],"deutsch-uni.com":[1,12],"deutsch.info":[1,12],"deutschakademie.de":[1,12],"deutsche-annington.com":[1],"deutsche-bank.de":[1,2],"deutsche-bank.es":[1,2,12],"deutsche-bank.it":[3],"deutsche-bildung.de":[1,12],"deutsche-evergabe.de":[1,12],"deutsche-glasfaser.de":[1,9],"deutsche-lieferadresse.com":[1,9],"deutsche-sammlermuenzen.de":[1,9],"deutsche-sportlotterie.de":[1],"deutsche-wirtschafts-nachrichten.de":[1,12,7],"deutschebahn.com":[1,12],"deutschebahn.de":[1,12],"deutschebank-dbdirect.com":[1],"deutschebank.be":[12],"deutschebank.co.in":[1,2],"deutschebank.pl":[1,2],"deutschegrammophon.com":[1,12,3],"deutscheinternetapotheke.de":[1,9],"deutscheinternetversicherung.de":[1,2],"deutschepost.de":[1,12],"deutscher-maklerverbund.de":[1],"deutsches-arthrose-forum.de":[1,12,4],"deutsches-ausschreibungsblatt.de":[1],"deutschesee.de":[1],"deutschland-spielt.de":[12],"deutschlandcard.de":[1,9],"deutschlandsim.de":[1,5,9],"dev-point.com":[10],"dev.local":[12],"devacurl.com":[9],"devapexteam.com":[1,12,5],"devart.com":[1,5],"devbest.com":[10],"devbootcamp.com":[1,12],"devcode.la":[1,12],"devcoftb.com":[1,12,3],"devconnectprogram.com":[1],"devdojo.com":[1,12],"develop.me":[1,12],"developereconomics.com":[1,12],"developmentaid.org":[1,12],"developpez.com":[5],"developpez.net":[5,10],"developtoolmn.org":[1,12],"devenir-rentier.fr":[1,2],"devenirclientmystere.com":[1,3,9],"devenirpaneliste.com":[1,12],"deveo.com":[1,5],"devere-group.com":[1,2],"devere.co.uk":[1,12,11],"devereux.org":[1,12,4],"deverevenues.co.uk":[1],"devero.com":[1]}