{"gratislotto.hu":[12],"gratismusica.org":[3],"gratisoptehalen.nl":[1,9],"gratispeliculas.org":[3,12],"gratispoints.com":[1,12],"gratisprogramas.biz":[12,5],"gratisprogramas.org":[12,3],"gratisserver.nu":[1,5],"gratissms.se":[1],"gratissmsen.nl":[1,10],"gratisverlanglijstje.nl":[1,9],"gratka.pl":[1,9],"gratorama.com":[1,3,3],"grattage.com":[3],"grattan.co.uk":[9],"grattez.fr":[1],"gratuit-domaine.eu":[12],"gratuitdomaine.fr":[1,5],"gratuitoforo.com":[12],"gratwifi.eu":[1,12],"graupner.de":[1,9],"gravatar.com":[1,5],"gravenfun.com":[1,3],"gravie.com":[1],"gravindo.id":[12],"gravis.de":[9],"gravissimo.fr":[9],"gravit.io":[1,5],"gravitydefyer.com":[9],"gravityforms.com":[1,12],"gravityhelp.com":[1,12,5],"gravityscan.com":[1,5],"gravitytales.com":[12,3],"gravityview.co":[1,12],"gravitywiz.com":[1],"gravure-laser-concept.com":[1,9],"gravyforthebrain.com":[1,12],"gray.tv":[1],"graybar.com":[1],"graydon.be":[1],"graydon.nl":[1],"grayhatforum.org":[10],"graylog.org":[1,5],"grayson.edu":[12],"graysonhobby.com":[9],"graysonline.co.nz":[1,9],"graysonline.com":[9],"graysonline.com.au":[9],"grayswine.com.au":[12,9],"graze.com":[1,3],"grazia.fr":[1,12,3],"grc-contact.fr":[1],"grc.com":[1,5],"grcacamping.ca":[1],"grcc.edu":[12],"grcity.us":[1,12],"grcpool.com":[1],"grdf.fr":[1,12],"gre.ac.uk":[1,12],"greasyfork.org":[1,5],"great.gov.uk":[1],"greatart.co.uk":[9],"greataupair.com":[1],"greatbigcanvas.com":[1,12,9],"greatbitcoinstrategies.com":[1,12],"greatbritishchefs.com":[1,3],"greatbritishdiscounts.co.uk":[1,9],"greatcall.com":[1],"greatcanadianrebates.ca":[1,9],"greatclips.com":[1,9],"greatcollections.com":[9],"greatcompetitions.co.uk":[1,3],"greatcontent.com":[1],"greatcontent.fr":[1],"greatcyclechallenge.com":[1,12,3],"greatdaygames.com":[3],"greatdvb.com":[1],"greateasternlife.com":[1],"greater.com.au":[1,2],"greateranglia.co.uk":[1,3,11],"greatergiving.com":[1],"greatergood.com":[1,12],"greaterminds.com":[1,12],"greaterthangatsby.com":[1,12],"greatescapesonline.com":[1,9,11],"greatfallstribune.com":[1,12,7],"greatfunsite.com":[12],"greatgameproducts.com":[1,12],"greatglam.com":[9],"greathobbies.com":[1,9],"greatinsurancejobs.com":[1,6],"greatjob.net":[12],"greatlakes.com":[1,9],"greatlakes.org":[1,12],"greatlakesskipper.com":[9,12],"greatland.com":[1,2],"greatlowcarb.com":[1,3,9],"greatmagazines.co.uk":[1,3,9],"greatmagazines.com.au":[1,9]}