{"kantimemedicare.net":[12],"kantola.com":[1,12],"kantox.com":[1],"kantukan.co.kr":[9],"kanui.com.br":[9],"kanyetothe.com":[12,3],"kanzhun.com":[1],"kao.com":[1],"kaola.com":[9],"kaomanfen.com":[12],"kaos2.com":[1,12,3],"kaotic.com":[3,7],"kapaki.info":[12],"kapaza.be":[1,9],"kapco-global.com":[1,12],"kapersky.com":[1],"kapi-regnum.de":[1],"kapihospital.com":[1,12],"kapiland.de":[1],"kapitall.com":[1,2],"kapitalof.com":[1,12,5],"kapitas.se":[1],"kapiworld.de":[1,12],"kaplan.co.uk":[1,12],"kaplan.com":[12],"kaplan.edu":[12],"kaplanco.com":[12],"kaplanfinancial.com":[1,12],"kaplaninternational.com":[1,12],"kaplanlearn.com":[12],"kaplanuniversity.edu":[12],"kaplearn.edu.au":[12],"kaplun.de":[1,3],"kaporal-jeans.com":[9],"kaporal.com":[9],"kapost.com":[1],"kappaalphatheta.org":[1,12],"kappadelta.org":[1,12],"kappahl.com":[12],"kappakappagamma.org":[1,12],"kappastore.com":[9],"kappersakademie.nl":[12],"kapperskorting.com":[9],"kapre.com":[1,12],"kapruka.com":[1,9],"kapsch.net":[1],"kapstages.com":[1,12],"kapten-son.com":[1,9],"kaptest.com":[1,12],"karafun.com":[1,9],"karafun.de":[1],"karafun.fr":[1],"karagarga.in":[1],"karamba.com":[3,3],"karaoke-versie.nl":[3,9],"karaoke-version.co.uk":[3,9],"karaoke-version.com":[1,3,9],"karaoke-version.de":[3,9],"karaoke.ru":[3,9],"karaokecloud.com":[1,3,9],"karaokegame.com":[12],"karaokekm3.com":[9],"karaokeparty.com":[12],"karaoketexty.cz":[3],"karaoteca.com":[12],"karatbars.com":[1,9],"karcheroutlet.co.uk":[9],"kardiz.com":[1],"karelia.ru":[1,12],"karelo.com":[1],"karen.pl":[1,9],"karenbrown.com":[1,12,11],"karenmillen.com":[9],"kareo.com":[1],"karger.com":[1,12],"kari.com":[9],"kariera.gr":[1,6],"karify.com":[1],"karir.com":[1,12],"karismatravelagents.com":[1],"kariyer.net":[1,12,6],"karkkainen.com":[9],"karl-ess.com":[1,12],"karl-may-spiele.de":[1,12,3],"karlcasino.com":[12],"karlmarcjohn.com":[9],"karlo.de":[1],"karls-shop.de":[1,9],"karlsruhe.de":[1,12],"karlstad.se":[1,12],"karlstorz.com":[1,12],"karltaylorphotography.com":[1,12],"karmacrm.com":[1],"karmafleet.org":[1,12],"karmaloop.com":[9],"karmasoftonline.com":[1],"karmicfun.com":[1],"karnataka.gov.in":[1,12],"karndean.com":[1,9]}