{"myhammer.de":[1],"myhandbookonline.com":[1],"myhandicap.de":[1,12,4],"myharavan.com":[1],"myharmony.com":[1],"myhartfordbenefits.com":[1,2],"myhavenholiday.com":[1,12],"myhbp.org":[12],"myhbx.org":[12],"myhc2.com":[1,5],"myhcl.com":[1,12],"myhdfs.com":[1],"myheadway.com":[1,6],"myhealth.com":[1],"myhealth1st.com.au":[12,4],"myhealth24-7.org":[12],"myhealthaccess.ca":[1,4],"myhealthatvanderbilt.com":[1],"myhealthcareview.com":[12],"myhealthcenterhome.com":[1],"myhealthcheck360.com":[1,12],"myhealthcounts.co.uk":[1,12],"myhealthequity.com":[1,12],"myhealthevet.com":[12],"myhealthez.com":[12],"myhealthguardian.com.au":[1,12],"myhealthguide.com":[1,12],"myhealthone.com":[1],"myhealthone.net":[1],"myhealthpatientportal.com":[12],"myhealthportal.org":[12],"myhealthrecord.com":[1],"myhealthtoolkitfl.com":[1,12,4],"myhealthtoolkitkc.com":[1,12,4],"myhealthwallet.co.uk":[12],"myhealthware.com":[1],"myhealthways.com":[1,12],"myhearstnewspaper.com":[1],"myheimat.de":[1,12,3],"myhelix.org":[1,12],"myhelo.com":[1],"myhemisphere.com":[1],"myhenrico.org":[12],"myherbalife.com":[1,12],"myheritage.at":[1,12],"myheritage.ch":[1,12],"myheritage.co.il":[1,12],"myheritage.com":[1,12],"myheritage.com.br":[1,12],"myheritage.com.pt":[1,12],"myheritage.com.tr":[1,12],"myheritage.cz":[1,12],"myheritage.de":[1,12],"myheritage.dk":[1,12],"myheritage.es":[1,12],"myheritage.fi":[1,12],"myheritage.fr":[1,12],"myheritage.hu":[1,12],"myheritage.it":[1,12],"myheritage.nl":[1,12],"myheritage.no":[1,12],"myheritage.pl":[1,12],"myheritage.se":[1,12],"myheritage.sk":[1,12],"myhermes.at":[1,9],"myhermes.co.uk":[1],"myhermes.de":[1,9],"myhermes1.co.uk":[1],"myhexfit.com":[1],"myhfmg.com":[1,4],"myhfny.org":[1],"myhillsong.com":[12],"myhipaatraining.com":[1,12],"myhireflex.com":[1,5],"myhmm.org":[12],"myhobbystore.co.uk":[9],"myhome.ie":[1,8],"myhomecontrol.com":[1],"myhomedepotaccount.com":[1,9],"myhomeenergy.info":[1],"myhomejobsearch.com":[1,6],"myhomeparty.net":[1,3],"myhomepay.com":[1,12],"myhomewarranty.com":[1],"myhomeworkapp.com":[1,12],"myhoneybakedstore.com":[1,12,9],"myhopcard.com":[1],"myhorizontoday.com":[1,12],"myhostcp.com":[12],"myhostedcloud.com":[12],"myhosting.com":[1,5],"myhostpoint.ch":[12],"myhosttech.eu":[1],"myhotel.com":[12],"myhotelgiftcard.com":[1],"myhotelreservation.net":[1,11],"myhotlunchbox.com":[1],"myhourdoc.com":[12],"myhours.com":[1]}