{"ehyp.de":[1],"ehyundai.com":[12],"ei-navi.jp":[1,12],"eiasm.org":[1,12],"eib.org":[1,12],"eibmarkt.com":[1,9],"eic.fr":[1],"eiceresources.org":[1,12,4],"eicuonline.com":[1,5],"eidebaillyconnect.com":[1,12,5],"eidsiva.net":[1,5],"eidsivaenergi.no":[12],"eif.co.uk":[1,12,3],"eiffage.com":[1,12],"eiffel-bordeaux.fr":[12],"eigencoin.co":[1,2],"eigenhuis.nl":[1],"eiger.io":[1],"eightclix.com":[12],"eightforums.com":[5,10],"eightvape.com":[9],"eigihotel.com.br":[1,3],"eigpropertyauctions.co.uk":[1,8],"eigroup.co.uk":[1,8],"eigsi.fr":[1,12],"eil.com":[1,9],"eileenfisher.com":[9],"eileo.org":[1],"eim.ae":[12],"eimacs.com":[12],"eimimo.com":[12],"eimmigration.com":[12],"einarmattsson.se":[1,12],"eindelijkglasvezel.nl":[1],"eindhovenairport.nl":[1,11],"einetwork.net":[1,12],"einfach-ganz-ich.de":[1,12,4],"einfach-lohn.de":[1],"einfach-reisekosten.de":[1,5],"einfachlecker.de":[1,3],"einfachlotto.de":[12,3],"einfinder.com":[1,5],"einfo.co.nz":[9],"einforma.com":[1],"einhell.fr":[1,9],"einhorn-saar.de":[9],"einlassband.eu":[1,9],"einnews.com":[1,12],"einpresswire.com":[1],"eins.de":[1],"einsames-vergnuegen.at":[12],"einsatzleiter.net":[1,12],"einslive.de":[1,12,3],"einstein.br":[1,12,4],"einstein.exchange":[12],"einsteinathome.org":[1,12],"einsteinbros.com":[1,3],"einstruction.com":[1,12],"einsurancetraining.com":[1,12],"einsure.com.au":[12],"einthusan.com":[1,12,3],"einthusan.tv":[1,12,3],"eintracht.de":[1,12],"eintrittskarten.de":[3],"eipass.com":[1,12],"eiplus.com.br":[1,3,3],"eips.ca":[1,12],"eir.ie":[1],"eircom.ie":[1],"eircom.net":[1,5],"eirmobile.ie":[1],"eirsport.ie":[3],"eis.at":[12,9],"eis.de":[9],"eisemanncenter.com":[1,12],"eisenhower.me":[1,12],"eisenschmiede-gaming.de":[1,12,3],"eiseverywhere.com":[1],"eisneramper.com":[1,2],"eisti.fr":[1,12],"eit.ac.nz":[1,12],"either.io":[12,3],"eiu.com":[1,12],"eiu.edu":[12],"eizo.co.jp":[1,12],"ej.nl":[1,9],"ejob.bz":[1,5],"ejobapp-validityscreening.com":[1],"ejobs.gov.il":[12],"ejobs.ro":[1],"ejuiceconnect.com":[12,12,9],"ejuicedirect.com":[12,9],"ejuices.com":[9],"ejury.com":[1],"ek.la":[1],"ekartenwelt.de":[1,12,9],"ekb.eg":[12],"ekdd.gr":[1,12],"ekdromi.gr":[1,3,9]}