{"playnik.com":[12,3],"playnileonline.com":[1,12],"playno1.com":[1,12],"playnow.com":[3,3],"playnylottery.net":[1],"playo.ru":[1,9],"playojo.com":[3,3],"playok.com":[3],"playolg.ca":[3],"playon.tv":[1,5,3],"playone.asia":[1],"playonjump.com":[1,3],"playonline.com":[12],"playonlinux.com":[1,12,5],"playonmac.com":[1,5],"playonplugins.com":[12],"playonrecorder.com":[1,3],"playonscripts.com":[12],"playorpark.ie":[1,11],"playosmo.com":[1,12],"playpark.com":[1,3,3],"playpark.net":[1,3],"playpark.vn":[3,3],"playpass.be":[1],"playpass.eu":[1],"playpass.ru":[1,3],"playpeak.net":[1,3],"playpep.net":[1,3],"playperks.net":[1,12],"playpez.com":[1],"playpianotoday.com":[1,12],"playpilot.com":[1,12,3],"playpoke.net":[1,3],"playpopsongs.com":[1,12],"playposit.com":[1,12],"playprosperity.ca":[12],"playproz.com":[1,3,3],"playpw.com":[1,3,3],"playr.org":[3],"playredfox.com":[3],"playrise.me":[1,3],"playrix.com":[3],"playrohan.com":[3],"playroweb.com":[1,3],"plays.tv":[3,3],"playscripts.com":[3],"playseat.com":[1,3,9],"playshatteredskies.com":[12],"playsicko.com":[1,12,3],"playsight.com":[1],"playsmart.co.il":[1],"playsnail.com":[3,3],"playsominaltv.com":[12],"playspan.com":[1],"playspot.com.br":[12],"playspotz.com":[1],"playstarbound.com":[1,12,3],"playstarfleet.com":[12],"playstation-plus-now.com":[12],"playstation.com":[3],"playstation.de":[3],"playstation.net":[12],"playstationjobs.co.uk":[1,12],"playstationnetwork.com":[3,7],"playstationplusleague.fr":[3],"playstationscenefiles.com":[3],"playstationtrophies.org":[3,7],"playstationvue.com":[1,5,7],"playster.com":[1,3,3],"playstore.com":[9],"playstream.co":[12],"playsugarhouse.com":[1,3,3],"playtagg.com":[1,12,3],"playtech.co.nz":[9],"playtex.fr":[12,1,9],"playthe.net":[1],"playthegameoflife.us":[1],"playthisgame.com":[1,12],"playtides.com":[1],"playtika.com":[3,3],"playtogga.com":[3],"playtopia.com":[3],"playtopia.fr":[3],"playtopia.nl":[3],"playtopz.com":[1,3],"playtrickster.com":[1],"playtube.pl":[3],"playtv.fr":[3,7],"playusalotteries.com":[1,3],"playvankpn.nl":[1,3],"playvid.com":[12],"playvids.com":[12],"playvision.ru":[1,3],"playvod.com":[1,5],"playwartune.com":[1,12],"playwarz.com":[12],"playwebgame.com":[3,3],"playwire.com":[1],"playwith.com.tw":[1,3]}