{"mainelottery.com":[1,3,3],"maineoptions.org":[1],"mainframecustom.com":[9],"maingau-energie.de":[1],"maingear.com":[1,5,9],"mainichi.co.jp":[1,12],"mainlib.org":[1,12],"mainlinemenswear.co.uk":[9],"mainofnews.com":[1,12],"mainova.de":[1,12],"mainpost.de":[1,12,3],"mainsourcebank.com":[1,2],"mainstaygroup.co.uk":[1],"mainstreethub.com":[1],"mainstreetshares.com":[1,9],"mainstreetsites.com":[1,12],"maintenanceconnection.com":[1],"maintracker.org":[12,3,3],"mainwp.com":[1,5],"maiotaku.com":[3],"mairie-aixenprovence.fr":[1,12],"maisforum.com":[12,10],"maishoku.com":[1],"maismoinscher.com":[1,9],"maison-du-cable.com":[9],"maison-energy.com":[1,9],"maison-etanche.com":[1,9],"maison-objet.com":[1,12],"maisonbible.fr":[12,12],"maisonbrico.com":[1,12,9],"maisondeladetection.com":[1,9],"maisondelaradio.fr":[1,12,3],"maisondesburalistes.fr":[1,12],"maisondugsm.com":[1,9],"maisondunumerique.com":[1,9],"maisonic.com":[1,9],"maisons-alfort.fr":[1,12],"maisonsdumonde.com":[9],"maisonstandards.com":[9],"maispfizer.com.br":[1,12,4],"maitreapp.co":[1],"maitrecoq.fr":[1,3],"maiziedu.com":[1,12,5],"majalah.com":[1],"majax31.fr":[3],"maje.com":[1,9],"majestic.co.uk":[12,9],"majestic.com":[1,5],"majesticseo.com":[1,5],"majesticwinecalais.co.uk":[12,9],"majomparade.eu":[1,5],"majomparade.net":[1,5],"majorcineplex.com":[3],"majorcommand.com":[1,12,3],"majordomo.ru":[1,5],"majorgeeks.com":[5],"majorleaguegaming.com":[12],"majorleaguetrading.com":[1,2],"majorsurplus.com":[9],"majortests.com":[12],"majury.gov":[1,12],"majuscule-online.com":[12],"majuscule.com":[1,9],"mak.ac.ug":[12],"maka.im":[1,5],"makaan.com":[1,8,11],"makamod.com":[9],"makani.com.sa":[12],"makant-europe.de":[1,5,9],"make-a-store.com":[1],"make-life-easier.com":[1,9],"makeafoodiecall.com":[1],"makeagif.com":[10],"makeameme.org":[12],"makeanddocrew.com":[1,9],"makeblock.com":[1,12],"makebot.sh":[1,12,3],"makebtc.net":[12],"makechange.ro":[1,12],"makedoge.com":[1,2,5],"makefriendsonline.com":[10],"makegameswith.us":[12],"makegoodfood.ca":[1,3],"makeitcheaper.com":[1],"makeitcoats.com":[12],"makeitnaughty.com":[12,9],"makelaarsland.nl":[1],"makelogoonlinefree.com":[1],"makelove.co.il":[10],"makeloveland.com":[1],"makelovenotporn.tv":[12,1,3],"makemeafreshman.com":[1,12],"makemebabies.com":[1,12],"makemechic.com":[9],"makemedroid.com":[1,5],"makemeheal.com":[1,4,9],"makemkv.com":[3,5],"makemoneyrobot.com":[1],"makemoneywhileyousleep.co":[1]}